Provider,fraud_label,risk_score,risk_tier,claim_count,avg_claim_amt,inpatient_pct,total_reimbursed,volume_pt,amount_pt,inpatient_pt,why_flagged
PRV54367,Yes,3,Critical,636,4927.48,50.6,3133880.0,1,1,1,High volume. High claim amount. Inpatient-heavy.
PRV55209,Yes,3,Critical,762,3825.07,36.1,2914700.0,1,1,1,High volume. High claim amount. Inpatient-heavy.
PRV53706,Yes,3,Critical,473,5987.19,59.6,2831940.0,1,1,1,High volume. High claim amount. Inpatient-heavy.
PRV55230,Yes,3,Critical,565,4624.32,39.8,2612740.0,1,1,1,High volume. High claim amount. Inpatient-heavy.
PRV54955,Yes,3,Critical,314,6799.01,65.3,2134890.0,1,1,1,High volume. High claim amount. Inpatient-heavy.
PRV52846,Yes,3,Critical,241,8784.27,72.6,2117010.0,1,1,1,High volume. High claim amount. Inpatient-heavy.
PRV51501,Yes,3,Critical,233,8889.74,95.7,2071310.0,1,1,1,High volume. High claim amount. Inpatient-heavy.
PRV54765,Yes,3,Critical,239,8370.29,82.0,2000500.0,1,1,1,High volume. High claim amount. Inpatient-heavy.
PRV51940,Yes,3,Critical,251,7937.33,76.9,1992270.0,1,1,1,High volume. High claim amount. Inpatient-heavy.
PRV51560,Yes,3,Critical,238,8219.29,84.0,1956190.0,1,1,1,High volume. High claim amount. Inpatient-heavy.
PRV53808,Yes,3,Critical,493,3909.23,39.6,1927250.0,1,1,1,High volume. High claim amount. Inpatient-heavy.
PRV53712,Yes,3,Critical,237,7942.7,67.9,1882420.0,1,1,1,High volume. High claim amount. Inpatient-heavy.
PRV55019,Yes,3,Critical,285,6515.86,55.4,1857020.0,1,1,1,High volume. High claim amount. Inpatient-heavy.
PRV52135,Yes,3,Critical,263,6941.25,79.8,1825550.0,1,1,1,High volume. High claim amount. Inpatient-heavy.
PRV54894,Yes,3,Critical,229,7672.75,60.3,1757060.0,1,1,1,High volume. High claim amount. Inpatient-heavy.
PRV55194,Yes,3,Critical,421,4040.14,40.1,1700900.0,1,1,1,High volume. High claim amount. Inpatient-heavy.
PRV53769,Yes,3,Critical,377,4469.97,35.0,1685180.0,1,1,1,High volume. High claim amount. Inpatient-heavy.
PRV51146,Yes,3,Critical,352,4775.31,46.0,1680910.0,1,1,1,High volume. High claim amount. Inpatient-heavy.
PRV51390,Yes,3,Critical,275,5844.58,59.6,1607260.0,1,1,1,High volume. High claim amount. Inpatient-heavy.
PRV52574,Yes,3,Critical,259,5922.12,56.4,1533830.0,1,1,1,High volume. High claim amount. Inpatient-heavy.
PRV51614,Yes,3,Critical,268,5493.1,55.2,1472150.0,1,1,1,High volume. High claim amount. Inpatient-heavy.
PRV52123,Yes,3,Critical,256,5652.89,63.3,1447140.0,1,1,1,High volume. High claim amount. Inpatient-heavy.
PRV53692,Yes,3,Critical,244,5727.87,59.8,1397600.0,1,1,1,High volume. High claim amount. Inpatient-heavy.
PRV52065,Yes,3,Critical,325,3847.02,35.7,1250280.0,1,1,1,High volume. High claim amount. Inpatient-heavy.
PRV51842,Yes,3,Critical,294,4151.7,39.8,1220600.0,1,1,1,High volume. High claim amount. Inpatient-heavy.
PRV54258,Yes,3,Critical,238,5114.5,49.6,1217250.0,1,1,1,High volume. High claim amount. Inpatient-heavy.
PRV57502,Yes,3,Critical,260,4605.96,43.8,1197550.0,1,1,1,High volume. High claim amount. Inpatient-heavy.
PRV53242,Yes,3,Critical,259,4541.66,40.5,1176290.0,1,1,1,High volume. High claim amount. Inpatient-heavy.
PRV53401,Yes,3,Critical,303,3772.31,42.9,1143010.0,1,1,1,High volume. High claim amount. Inpatient-heavy.
PRV53884,Yes,3,Critical,269,3866.06,43.5,1039970.0,1,1,1,High volume. High claim amount. Inpatient-heavy.
PRV56588,Yes,3,Critical,269,3831.23,37.2,1030600.0,1,1,1,High volume. High claim amount. Inpatient-heavy.
PRV53266,Yes,3,Critical,257,3790.31,34.2,974110.0,1,1,1,High volume. High claim amount. Inpatient-heavy.
PRV51145,Yes,2,High,202,7952.23,79.7,1606350.0,0,1,1,High claim amount. Inpatient-heavy.
PRV51471,Yes,2,High,180,8901.17,89.4,1602210.0,0,1,1,High claim amount. Inpatient-heavy.
PRV52903,Yes,2,High,200,7840.55,83.5,1568110.0,0,1,1,High claim amount. Inpatient-heavy.
PRV52100,Yes,2,High,201,7627.61,81.6,1533150.0,0,1,1,High claim amount. Inpatient-heavy.
PRV52173,Yes,2,High,119,11608.4,100.0,1381400.0,0,1,1,High claim amount. Inpatient-heavy.
PRV52178,Yes,2,High,136,10144.04,97.8,1379590.0,0,1,1,High claim amount. Inpatient-heavy.
PRV52642,Yes,2,High,436,3046.42,33.5,1328240.0,1,0,1,High volume. Inpatient-heavy.
PRV55444,Yes,2,High,128,10259.84,89.1,1313260.0,0,1,1,High claim amount. Inpatient-heavy.
PRV55916,No,2,High,127,10323.15,90.6,1311040.0,0,1,1,High claim amount. Inpatient-heavy.
PRV56647,Yes,2,High,183,7043.22,66.1,1288910.0,0,1,1,High claim amount. Inpatient-heavy.
PRV55849,Yes,2,High,176,7293.92,72.7,1283730.0,0,1,1,High claim amount. Inpatient-heavy.
PRV55435,Yes,2,High,151,8278.48,84.8,1250050.0,0,1,1,High claim amount. Inpatient-heavy.
PRV52590,Yes,2,High,208,5901.83,55.3,1227580.0,0,1,1,High claim amount. Inpatient-heavy.
PRV51378,Yes,2,High,161,7548.88,67.1,1215370.0,0,1,1,High claim amount. Inpatient-heavy.
PRV54936,Yes,2,High,221,5157.15,59.3,1139730.0,0,1,1,High claim amount. Inpatient-heavy.
PRV51149,Yes,2,High,148,7572.16,78.4,1120680.0,0,1,1,High claim amount. Inpatient-heavy.
PRV51868,Yes,2,High,144,7636.88,69.4,1099710.0,0,1,1,High claim amount. Inpatient-heavy.
PRV51119,Yes,2,High,95,11374.53,98.9,1080580.0,0,1,1,High claim amount. Inpatient-heavy.
PRV57548,Yes,2,High,210,5090.71,51.0,1069050.0,0,1,1,High claim amount. Inpatient-heavy.
PRV55676,Yes,2,High,167,6229.34,68.9,1040300.0,0,1,1,High claim amount. Inpatient-heavy.
PRV51456,No,2,High,135,7696.22,83.0,1038990.0,0,1,1,High claim amount. Inpatient-heavy.
PRV53421,Yes,2,High,129,7751.24,73.6,999910.0,0,1,1,High claim amount. Inpatient-heavy.
PRV51542,Yes,2,High,113,8536.81,82.3,964660.0,0,1,1,High claim amount. Inpatient-heavy.
PRV54348,No,2,High,217,4423.41,41.9,959880.0,0,1,1,High claim amount. Inpatient-heavy.
PRV53959,Yes,2,High,214,4190.79,35.5,896830.0,0,1,1,High claim amount. Inpatient-heavy.
PRV55531,Yes,2,High,122,7263.36,88.5,886130.0,0,1,1,High claim amount. Inpatient-heavy.
PRV51421,Yes,2,High,139,6365.32,60.4,884780.0,0,1,1,High claim amount. Inpatient-heavy.
PRV52989,Yes,2,High,177,4986.38,39.5,882590.0,0,1,1,High claim amount. Inpatient-heavy.
PRV53697,No,2,High,114,7712.89,62.3,879270.0,0,1,1,High claim amount. Inpatient-heavy.
PRV54918,Yes,2,High,166,5270.24,42.8,874860.0,0,1,1,High claim amount. Inpatient-heavy.
PRV51160,No,2,High,114,7649.3,78.9,872020.0,0,1,1,High claim amount. Inpatient-heavy.
PRV55048,Yes,2,High,94,9215.32,87.2,866240.0,0,1,1,High claim amount. Inpatient-heavy.
PRV51495,Yes,2,High,141,5997.8,63.8,845690.0,0,1,1,High claim amount. Inpatient-heavy.
PRV56007,Yes,2,High,81,10332.47,85.2,836930.0,0,1,1,High claim amount. Inpatient-heavy.
PRV56761,No,2,High,117,7112.99,78.6,832220.0,0,1,1,High claim amount. Inpatient-heavy.
PRV56438,Yes,2,High,133,6220.3,48.1,827300.0,0,1,1,High claim amount. Inpatient-heavy.
PRV54981,No,2,High,95,8597.16,85.3,816730.0,0,1,1,High claim amount. Inpatient-heavy.
PRV57341,Yes,2,High,177,4612.15,43.5,816350.0,0,1,1,High claim amount. Inpatient-heavy.
PRV56350,Yes,2,High,158,5142.59,41.8,812530.0,0,1,1,High claim amount. Inpatient-heavy.
PRV53961,Yes,2,High,129,6290.39,75.2,811460.0,0,1,1,High claim amount. Inpatient-heavy.
PRV52003,No,2,High,154,5239.94,50.0,806950.0,0,1,1,High claim amount. Inpatient-heavy.
PRV55905,Yes,2,High,95,8313.26,86.3,789760.0,0,1,1,High claim amount. Inpatient-heavy.
PRV52279,No,2,High,83,9437.35,98.8,783300.0,0,1,1,High claim amount. Inpatient-heavy.
PRV51590,Yes,2,High,84,9302.14,96.4,781380.0,0,1,1,High claim amount. Inpatient-heavy.
PRV55483,Yes,2,High,76,10237.37,85.5,778040.0,0,1,1,High claim amount. Inpatient-heavy.
PRV54781,Yes,2,High,205,3788.1,34.6,776560.0,0,1,1,High claim amount. Inpatient-heavy.
PRV57481,Yes,2,High,62,12516.13,100.0,776000.0,0,1,1,High claim amount. Inpatient-heavy.
PRV56134,Yes,2,High,62,12387.1,100.0,768000.0,0,1,1,High claim amount. Inpatient-heavy.
PRV55912,Yes,2,High,107,7010.09,56.1,750080.0,0,1,1,High claim amount. Inpatient-heavy.
PRV51030,No,2,High,171,4326.08,48.0,739760.0,0,1,1,High claim amount. Inpatient-heavy.
PRV53763,Yes,2,High,58,12741.38,100.0,739000.0,0,1,1,High claim amount. Inpatient-heavy.
PRV51523,No,2,High,65,11289.38,92.3,733810.0,0,1,1,High claim amount. Inpatient-heavy.
PRV56592,Yes,2,High,118,6205.42,53.4,732240.0,0,1,1,High claim amount. Inpatient-heavy.
PRV55172,Yes,2,High,114,6382.46,48.2,727600.0,0,1,1,High claim amount. Inpatient-heavy.
PRV55049,Yes,2,High,148,4899.66,50.7,725150.0,0,1,1,High claim amount. Inpatient-heavy.
PRV55022,Yes,2,High,137,5232.48,55.5,716850.0,0,1,1,High claim amount. Inpatient-heavy.
PRV56103,Yes,2,High,116,5964.31,58.6,691860.0,0,1,1,High claim amount. Inpatient-heavy.
PRV57310,Yes,2,High,122,5519.84,53.3,673420.0,0,1,1,High claim amount. Inpatient-heavy.
PRV56481,Yes,2,High,128,5225.86,60.9,668910.0,0,1,1,High claim amount. Inpatient-heavy.
PRV53938,Yes,2,High,111,5888.92,73.9,653670.0,0,1,1,High claim amount. Inpatient-heavy.
PRV54337,No,2,High,149,4298.72,43.0,640510.0,0,1,1,High claim amount. Inpatient-heavy.
PRV56478,No,2,High,152,4202.96,44.1,638850.0,0,1,1,High claim amount. Inpatient-heavy.
PRV56668,Yes,2,High,73,8540.68,71.2,623470.0,0,1,1,High claim amount. Inpatient-heavy.
PRV52847,Yes,2,High,92,6711.2,67.4,617430.0,0,1,1,High claim amount. Inpatient-heavy.
PRV54896,Yes,2,High,159,3879.62,35.2,616860.0,0,1,1,High claim amount. Inpatient-heavy.
PRV55018,Yes,2,High,75,8212.53,84.0,615940.0,0,1,1,High claim amount. Inpatient-heavy.
PRV51003,Yes,2,High,132,4588.41,47.0,605670.0,0,1,1,High claim amount. Inpatient-heavy.
PRV56630,Yes,2,High,159,3756.16,39.6,597230.0,0,1,1,High claim amount. Inpatient-heavy.
PRV52283,Yes,2,High,66,9010.61,100.0,594700.0,0,1,1,High claim amount. Inpatient-heavy.
PRV56541,Yes,2,High,54,10814.81,100.0,584000.0,0,1,1,High claim amount. Inpatient-heavy.
PRV56550,Yes,2,High,80,6936.13,68.8,554890.0,0,1,1,High claim amount. Inpatient-heavy.
PRV56260,No,2,High,59,9330.68,93.2,550510.0,0,1,1,High claim amount. Inpatient-heavy.
PRV54077,Yes,2,High,76,7070.0,68.4,537320.0,0,1,1,High claim amount. Inpatient-heavy.
PRV52898,No,2,High,114,4701.14,42.1,535930.0,0,1,1,High claim amount. Inpatient-heavy.
PRV56001,No,2,High,70,7551.0,81.4,528570.0,0,1,1,High claim amount. Inpatient-heavy.
PRV51249,Yes,2,High,126,4137.54,40.5,521330.0,0,1,1,High claim amount. Inpatient-heavy.
PRV55005,No,2,High,130,3975.23,43.1,516780.0,0,1,1,High claim amount. Inpatient-heavy.
PRV54093,Yes,2,High,89,5786.29,46.1,514980.0,0,1,1,High claim amount. Inpatient-heavy.
PRV55846,No,2,High,127,4028.9,36.2,511670.0,0,1,1,High claim amount. Inpatient-heavy.
PRV56421,Yes,2,High,133,3840.23,34.6,510750.0,0,1,1,High claim amount. Inpatient-heavy.
PRV55482,Yes,2,High,83,6135.54,49.4,509250.0,0,1,1,High claim amount. Inpatient-heavy.
PRV57697,Yes,2,High,66,7691.67,72.7,507650.0,0,1,1,High claim amount. Inpatient-heavy.
PRV52459,No,2,High,50,10118.0,100.0,505900.0,0,1,1,High claim amount. Inpatient-heavy.
PRV57406,No,2,High,68,7433.24,67.6,505460.0,0,1,1,High claim amount. Inpatient-heavy.
PRV56123,No,2,High,40,12450.0,100.0,498000.0,0,1,1,High claim amount. Inpatient-heavy.
PRV54724,No,2,High,71,6980.99,67.6,495650.0,0,1,1,High claim amount. Inpatient-heavy.
PRV56555,No,2,High,69,7171.01,85.5,494800.0,0,1,1,High claim amount. Inpatient-heavy.
PRV54577,No,2,High,61,8098.52,73.8,494010.0,0,1,1,High claim amount. Inpatient-heavy.
PRV52128,No,2,High,113,4358.85,46.9,492550.0,0,1,1,High claim amount. Inpatient-heavy.
PRV57098,No,2,High,49,10000.0,100.0,490000.0,0,1,1,High claim amount. Inpatient-heavy.
PRV52151,Yes,2,High,121,3918.26,38.8,474110.0,0,1,1,High claim amount. Inpatient-heavy.
PRV54560,Yes,2,High,98,4827.35,40.8,473080.0,0,1,1,High claim amount. Inpatient-heavy.
PRV51951,Yes,2,High,102,4637.35,47.1,473010.0,0,1,1,High claim amount. Inpatient-heavy.
PRV57345,Yes,2,High,88,5287.73,48.9,465320.0,0,1,1,High claim amount. Inpatient-heavy.
PRV52556,No,2,High,115,4041.39,40.0,464760.0,0,1,1,High claim amount. Inpatient-heavy.
PRV52266,No,2,High,37,12443.24,100.0,460400.0,0,1,1,High claim amount. Inpatient-heavy.
PRV53802,No,2,High,80,5748.38,57.5,459870.0,0,1,1,High claim amount. Inpatient-heavy.
PRV52152,No,2,High,88,5163.18,53.4,454360.0,0,1,1,High claim amount. Inpatient-heavy.
PRV55550,Yes,2,High,58,7813.79,63.8,453200.0,0,1,1,High claim amount. Inpatient-heavy.
PRV53396,No,2,High,99,4571.72,45.5,452600.0,0,1,1,High claim amount. Inpatient-heavy.
PRV57334,No,2,High,68,6618.82,57.4,450080.0,0,1,1,High claim amount. Inpatient-heavy.
PRV55193,Yes,2,High,44,10099.55,70.5,444380.0,0,1,1,High claim amount. Inpatient-heavy.
PRV51490,Yes,2,High,64,6907.34,75.0,442070.0,0,1,1,High claim amount. Inpatient-heavy.
PRV54504,Yes,2,High,120,3624.33,36.7,434920.0,0,1,1,High claim amount. Inpatient-heavy.
PRV52868,Yes,2,High,110,3946.55,38.2,434120.0,0,1,1,High claim amount. Inpatient-heavy.
PRV56808,Yes,2,High,62,6993.71,75.8,433610.0,0,1,1,High claim amount. Inpatient-heavy.
PRV52862,No,2,High,76,5692.89,73.7,432660.0,0,1,1,High claim amount. Inpatient-heavy.
PRV51178,Yes,2,High,65,6633.54,52.3,431180.0,0,1,1,High claim amount. Inpatient-heavy.
PRV52359,No,2,High,107,3985.33,39.3,426430.0,0,1,1,High claim amount. Inpatient-heavy.
PRV53461,Yes,2,High,36,11807.78,38.9,425080.0,0,1,1,High claim amount. Inpatient-heavy.
PRV52634,No,2,High,87,4884.48,66.7,424950.0,0,1,1,High claim amount. Inpatient-heavy.
PRV54675,Yes,2,High,37,11405.41,100.0,422000.0,0,1,1,High claim amount. Inpatient-heavy.
PRV55023,No,2,High,64,6564.84,53.1,420150.0,0,1,1,High claim amount. Inpatient-heavy.
PRV53225,No,2,High,49,8475.51,100.0,415300.0,0,1,1,High claim amount. Inpatient-heavy.
PRV57081,No,2,High,37,11189.19,100.0,414000.0,0,1,1,High claim amount. Inpatient-heavy.
PRV51474,No,2,High,71,5792.39,57.7,411260.0,0,1,1,High claim amount. Inpatient-heavy.
PRV52044,No,2,High,79,5175.06,54.4,408830.0,0,1,1,High claim amount. Inpatient-heavy.
PRV52281,No,2,High,41,9951.22,100.0,408000.0,0,1,1,High claim amount. Inpatient-heavy.
PRV53007,Yes,2,High,96,4172.29,38.5,400540.0,0,1,1,High claim amount. Inpatient-heavy.
PRV57495,Yes,2,High,113,3544.51,32.7,400530.0,0,1,1,High claim amount. Inpatient-heavy.
PRV52280,Yes,2,High,41,9634.15,100.0,395000.0,0,1,1,High claim amount. Inpatient-heavy.
PRV53142,Yes,2,High,111,3550.0,35.1,394050.0,0,1,1,High claim amount. Inpatient-heavy.
PRV52126,No,2,High,110,3534.82,35.5,388830.0,0,1,1,High claim amount. Inpatient-heavy.
PRV57316,No,2,High,85,4528.47,45.9,384920.0,0,1,1,High claim amount. Inpatient-heavy.
PRV51857,Yes,2,High,57,6727.89,45.6,383490.0,0,1,1,High claim amount. Inpatient-heavy.
PRV55667,Yes,2,High,38,10057.37,100.0,382180.0,0,1,1,High claim amount. Inpatient-heavy.
PRV52136,No,2,High,104,3655.67,38.5,380190.0,0,1,1,High claim amount. Inpatient-heavy.
PRV54653,No,2,High,70,5396.29,57.1,377740.0,0,1,1,High claim amount. Inpatient-heavy.
PRV54692,Yes,2,High,72,5220.56,66.7,375880.0,0,1,1,High claim amount. Inpatient-heavy.
PRV54676,Yes,2,High,40,9380.0,100.0,375200.0,0,1,1,High claim amount. Inpatient-heavy.
PRV52308,Yes,2,High,87,4307.59,46.0,374760.0,0,1,1,High claim amount. Inpatient-heavy.
PRV55452,No,2,High,60,6207.17,51.7,372430.0,0,1,1,High claim amount. Inpatient-heavy.
PRV55509,Yes,2,High,39,9295.13,71.8,362510.0,0,1,1,High claim amount. Inpatient-heavy.
PRV52073,No,2,High,64,5613.28,43.8,359250.0,0,1,1,High claim amount. Inpatient-heavy.
PRV53008,Yes,2,High,52,6800.0,75.0,353600.0,0,1,1,High claim amount. Inpatient-heavy.
PRV52578,Yes,2,High,49,7205.1,75.5,353050.0,0,1,1,High claim amount. Inpatient-heavy.
PRV54390,No,2,High,95,3713.26,40.0,352760.0,0,1,1,High claim amount. Inpatient-heavy.
PRV52131,No,2,High,84,4163.81,36.9,349760.0,0,1,1,High claim amount. Inpatient-heavy.
PRV52148,No,2,High,78,4425.0,53.8,345150.0,0,1,1,High claim amount. Inpatient-heavy.
PRV55433,Yes,2,High,87,3931.26,36.8,342020.0,0,1,1,High claim amount. Inpatient-heavy.
PRV55443,No,2,High,38,8983.95,78.9,341390.0,0,1,1,High claim amount. Inpatient-heavy.
PRV54266,No,2,High,65,5218.15,32.3,339180.0,0,1,1,High claim amount. Inpatient-heavy.
PRV53384,Yes,2,High,62,5405.16,61.3,335120.0,0,1,1,High claim amount. Inpatient-heavy.
PRV55374,Yes,2,High,33,10151.52,100.0,335000.0,0,1,1,High claim amount. Inpatient-heavy.
PRV57018,Yes,2,High,33,10081.52,72.7,332690.0,0,1,1,High claim amount. Inpatient-heavy.
PRV57555,No,2,High,42,7875.71,64.3,330780.0,0,1,1,High claim amount. Inpatient-heavy.
PRV56012,Yes,2,High,44,7406.14,65.9,325870.0,0,1,1,High claim amount. Inpatient-heavy.
PRV55891,No,2,High,51,6131.96,51.0,312730.0,0,1,1,High claim amount. Inpatient-heavy.
PRV56730,Yes,2,High,54,5628.7,42.6,303950.0,0,1,1,High claim amount. Inpatient-heavy.
PRV53787,Yes,2,High,74,4101.08,43.2,303480.0,0,1,1,High claim amount. Inpatient-heavy.
PRV55939,No,2,High,51,5916.86,54.9,301760.0,0,1,1,High claim amount. Inpatient-heavy.
PRV55908,No,2,High,55,5359.82,40.0,294790.0,0,1,1,High claim amount. Inpatient-heavy.
PRV54881,No,2,High,39,7551.54,84.6,294510.0,0,1,1,High claim amount. Inpatient-heavy.
PRV54657,No,2,High,46,6352.61,37.0,292220.0,0,1,1,High claim amount. Inpatient-heavy.
PRV56396,Yes,2,High,83,3486.51,38.6,289380.0,0,1,1,High claim amount. Inpatient-heavy.
PRV56349,No,2,High,61,4725.9,50.8,288280.0,0,1,1,High claim amount. Inpatient-heavy.
PRV54058,No,2,High,35,8114.29,100.0,284000.0,0,1,1,High claim amount. Inpatient-heavy.
PRV56669,Yes,2,High,40,7090.25,72.5,283610.0,0,1,1,High claim amount. Inpatient-heavy.
PRV55495,Yes,2,High,51,5542.35,47.1,282660.0,0,1,1,High claim amount. Inpatient-heavy.
PRV55492,Yes,2,High,42,6713.81,59.5,281980.0,0,1,1,High claim amount. Inpatient-heavy.
PRV57223,Yes,2,High,54,5195.0,63.0,280530.0,0,1,1,High claim amount. Inpatient-heavy.
PRV54933,Yes,2,High,64,4268.75,45.3,273200.0,0,1,1,High claim amount. Inpatient-heavy.
PRV53792,Yes,2,High,53,5141.7,62.3,272510.0,0,1,1,High claim amount. Inpatient-heavy.
PRV51960,No,2,High,48,5555.0,43.8,266640.0,0,1,1,High claim amount. Inpatient-heavy.
PRV54324,No,2,High,32,8312.5,100.0,266000.0,0,1,1,High claim amount. Inpatient-heavy.
PRV56105,No,2,High,32,8267.81,90.6,264570.0,0,1,1,High claim amount. Inpatient-heavy.
PRV52265,No,2,High,30,8666.67,100.0,260000.0,0,1,1,High claim amount. Inpatient-heavy.
PRV54559,No,2,High,66,3872.12,36.4,255560.0,0,1,1,High claim amount. Inpatient-heavy.
PRV53671,Yes,2,High,55,4610.73,56.4,253590.0,0,1,1,High claim amount. Inpatient-heavy.
PRV54931,Yes,2,High,52,4779.62,46.2,248540.0,0,1,1,High claim amount. Inpatient-heavy.
PRV52142,No,2,High,59,4212.2,47.5,248520.0,0,1,1,High claim amount. Inpatient-heavy.
PRV52831,No,2,High,31,7997.42,64.5,247920.0,0,1,1,High claim amount. Inpatient-heavy.
PRV53749,Yes,2,High,69,3497.83,34.8,241350.0,0,1,1,High claim amount. Inpatient-heavy.
PRV52146,No,2,High,40,6017.75,60.0,240710.0,0,1,1,High claim amount. Inpatient-heavy.
PRV55236,No,2,High,54,4393.7,37.0,237260.0,0,1,1,High claim amount. Inpatient-heavy.
PRV51431,No,2,High,49,4831.02,51.0,236720.0,0,1,1,High claim amount. Inpatient-heavy.
PRV52474,No,2,High,37,6182.97,59.5,228770.0,0,1,1,High claim amount. Inpatient-heavy.
PRV53951,Yes,2,High,54,4141.11,40.7,223620.0,0,1,1,High claim amount. Inpatient-heavy.
PRV55970,No,2,High,40,5535.0,40.0,221400.0,0,1,1,High claim amount. Inpatient-heavy.
PRV52828,Yes,2,High,44,5023.86,52.3,221050.0,0,1,1,High claim amount. Inpatient-heavy.
PRV55540,No,2,High,31,7130.32,74.2,221040.0,0,1,1,High claim amount. Inpatient-heavy.
PRV51263,Yes,2,High,44,4958.41,40.9,218170.0,0,1,1,High claim amount. Inpatient-heavy.
PRV53937,Yes,2,High,38,5736.05,44.7,217970.0,0,1,1,High claim amount. Inpatient-heavy.
PRV57033,No,2,High,53,4100.57,32.1,217330.0,0,1,1,High claim amount. Inpatient-heavy.
PRV56445,No,2,High,55,3922.73,58.2,215750.0,0,1,1,High claim amount. Inpatient-heavy.
PRV57340,No,2,High,41,4984.39,41.5,204360.0,0,1,1,High claim amount. Inpatient-heavy.
PRV51077,Yes,2,High,33,6192.42,48.5,204350.0,0,1,1,High claim amount. Inpatient-heavy.
PRV55903,No,2,High,50,3956.4,46.0,197820.0,0,1,1,High claim amount. Inpatient-heavy.
PRV54356,No,2,High,31,6302.26,48.4,195370.0,0,1,1,High claim amount. Inpatient-heavy.
PRV54760,No,2,High,31,6293.23,77.4,195090.0,0,1,1,High claim amount. Inpatient-heavy.
PRV57227,No,2,High,52,3688.46,40.4,191800.0,0,1,1,High claim amount. Inpatient-heavy.
PRV53441,No,2,High,38,4937.11,36.8,187610.0,0,1,1,High claim amount. Inpatient-heavy.
PRV56703,No,2,High,48,3876.46,43.8,186070.0,0,1,1,High claim amount. Inpatient-heavy.
PRV53673,No,2,High,36,5045.28,38.9,181630.0,0,1,1,High claim amount. Inpatient-heavy.
PRV52621,No,2,High,45,4006.22,53.3,180280.0,0,1,1,High claim amount. Inpatient-heavy.
PRV57231,No,2,High,48,3735.42,37.5,179300.0,0,1,1,High claim amount. Inpatient-heavy.
PRV56002,No,2,High,32,5556.56,34.4,177810.0,0,1,1,High claim amount. Inpatient-heavy.
PRV52588,No,2,High,50,3532.4,34.0,176620.0,0,1,1,High claim amount. Inpatient-heavy.
PRV55381,No,2,High,45,3860.0,44.4,173700.0,0,1,1,High claim amount. Inpatient-heavy.
PRV52188,No,2,High,33,5184.24,42.4,171080.0,0,1,1,High claim amount. Inpatient-heavy.
PRV56746,No,2,High,43,3977.44,34.9,171030.0,0,1,1,High claim amount. Inpatient-heavy.
PRV56877,Yes,2,High,44,3872.95,34.1,170410.0,0,1,1,High claim amount. Inpatient-heavy.
PRV54737,No,2,High,35,4843.14,37.1,169510.0,0,1,1,High claim amount. Inpatient-heavy.
PRV57169,No,2,High,31,5221.94,54.8,161880.0,0,1,1,High claim amount. Inpatient-heavy.
PRV55709,No,2,High,43,3734.65,37.2,160590.0,0,1,1,High claim amount. Inpatient-heavy.
PRV52396,Yes,2,High,40,3907.5,42.5,156300.0,0,1,1,High claim amount. Inpatient-heavy.
PRV52998,No,2,High,33,4581.52,45.5,151190.0,0,1,1,High claim amount. Inpatient-heavy.
PRV56570,No,2,High,30,5031.33,43.3,150940.0,0,1,1,High claim amount. Inpatient-heavy.
PRV56014,No,2,High,34,4266.18,55.9,145050.0,0,1,1,High claim amount. Inpatient-heavy.
PRV54215,No,2,High,31,4657.1,45.2,144370.0,0,1,1,High claim amount. Inpatient-heavy.
PRV53381,No,2,High,33,4185.45,33.3,138120.0,0,1,1,High claim amount. Inpatient-heavy.
PRV56140,No,2,High,31,4212.9,51.6,130600.0,0,1,1,High claim amount. Inpatient-heavy.
PRV57372,No,2,High,32,3867.19,46.9,123750.0,0,1,1,High claim amount. Inpatient-heavy.
PRV57427,No,2,High,30,3786.33,46.7,113590.0,0,1,1,High claim amount. Inpatient-heavy.
PRV52019,Yes,1,Medium,1961,3057.65,26.3,5996050.0,1,0,0,High volume.
PRV55462,Yes,1,Medium,1907,2471.86,20.2,4713830.0,1,0,0,High volume.
PRV56560,Yes,1,Medium,2313,1388.67,10.7,3212000.0,1,0,0,High volume.
PRV54742,Yes,1,Medium,1892,1569.52,12.2,2969530.0,1,0,0,High volume.
PRV56416,Yes,1,Medium,1592,1724.16,13.4,2744870.0,1,0,0,High volume.
PRV52340,Yes,1,Medium,1743,1457.33,12.9,2540130.0,1,0,0,High volume.
PRV57191,Yes,1,Medium,1500,1616.29,12.3,2424430.0,1,0,0,High volume.
PRV51459,Yes,1,Medium,8240,281.78,0.0,2321890.0,1,0,0,High volume.
PRV55215,Yes,1,Medium,3393,673.32,4.2,2284560.0,1,0,0,High volume.
PRV51244,Yes,1,Medium,1415,1522.25,14.1,2153990.0,1,0,0,High volume.
PRV52021,Yes,1,Medium,613,3184.09,29.5,1951850.0,1,0,0,High volume.
PRV52120,Yes,1,Medium,1231,1584.66,13.4,1950720.0,1,0,0,High volume.
PRV52821,Yes,1,Medium,713,2556.76,24.3,1822970.0,1,0,0,High volume.
PRV54772,Yes,1,Medium,2115,828.05,5.2,1751320.0,1,0,0,High volume.
PRV52985,Yes,1,Medium,1403,1226.03,8.6,1720120.0,1,0,0,High volume.
PRV54986,Yes,1,Medium,618,2740.15,24.8,1693410.0,1,0,0,High volume.
PRV51578,Yes,1,Medium,1500,1108.61,8.1,1662920.0,1,0,0,High volume.
PRV51948,Yes,1,Medium,515,2951.36,27.8,1519950.0,1,0,0,High volume.
PRV54350,Yes,1,Medium,1495,953.22,7.0,1425070.0,1,0,0,High volume.
PRV52114,Yes,1,Medium,1269,1117.59,8.3,1418220.0,1,0,0,High volume.
PRV56748,Yes,1,Medium,463,3057.84,25.3,1415780.0,1,0,0,High volume.
PRV57172,Yes,1,Medium,1760,787.56,5.0,1386100.0,1,0,0,High volume.
PRV52077,Yes,1,Medium,1156,1180.06,9.0,1364150.0,1,0,0,High volume.
PRV53385,Yes,1,Medium,1037,1313.95,10.2,1362570.0,1,0,0,High volume.
PRV57173,Yes,1,Medium,1225,1082.78,7.8,1326410.0,1,0,0,High volume.
PRV53797,Yes,1,Medium,4739,275.08,0.0,1303600.0,1,0,0,High volume.
PRV51574,Yes,1,Medium,4444,288.44,0.0,1281810.0,1,0,0,High volume.
PRV56442,Yes,1,Medium,1330,927.93,6.1,1234150.0,1,0,0,High volume.
PRV55689,Yes,1,Medium,577,2126.12,18.0,1226770.0,1,0,0,High volume.
PRV55971,Yes,1,Medium,620,1954.84,16.3,1212000.0,1,0,0,High volume.
PRV55000,No,1,Medium,764,1526.2,11.3,1166020.0,1,0,0,High volume.
PRV52020,Yes,1,Medium,606,1922.15,15.2,1164820.0,1,0,0,High volume.
PRV56575,Yes,1,Medium,830,1391.0,13.6,1154530.0,1,0,0,High volume.
PRV52064,Yes,1,Medium,2844,393.7,1.3,1119680.0,1,0,0,High volume.
PRV52063,No,1,Medium,792,1409.36,11.1,1116210.0,1,0,0,High volume.
PRV53762,Yes,1,Medium,618,1751.99,13.6,1082730.0,1,0,0,High volume.
PRV54895,Yes,1,Medium,3436,307.8,0.1,1057610.0,1,0,0,High volume.
PRV53269,Yes,1,Medium,456,2293.07,24.6,1045640.0,1,0,0,High volume.
PRV53918,Yes,1,Medium,3588,282.75,0.0,1014510.0,1,0,0,High volume.
PRV55169,No,1,Medium,721,1403.27,11.5,1011760.0,1,0,0,High volume.
PRV54778,Yes,1,Medium,1672,596.99,3.8,998160.0,1,0,0,High volume.
PRV53781,Yes,1,Medium,393,2450.87,20.1,963190.0,1,0,0,High volume.
PRV55978,No,1,Medium,401,2387.76,22.9,957490.0,1,0,0,High volume.
PRV56268,Yes,1,Medium,1113,845.17,5.5,940670.0,1,0,0,High volume.
PRV57317,Yes,1,Medium,458,2022.55,18.3,926330.0,1,0,0,High volume.
PRV56243,No,1,Medium,909,1015.16,8.6,922780.0,1,0,0,High volume.
PRV53932,No,1,Medium,304,3026.78,27.0,920140.0,1,0,0,High volume.
PRV51393,Yes,1,Medium,910,996.01,7.5,906370.0,1,0,0,High volume.
PRV57103,Yes,1,Medium,2049,435.71,1.4,892770.0,1,0,0,High volume.
PRV56249,Yes,1,Medium,1110,788.39,5.0,875110.0,1,0,0,High volume.
PRV52320,Yes,1,Medium,366,2388.52,18.9,874200.0,1,0,0,High volume.
PRV52630,Yes,1,Medium,434,2012.6,20.0,873470.0,1,0,0,High volume.
PRV51539,Yes,1,Medium,538,1587.81,12.8,854240.0,1,0,0,High volume.
PRV56556,No,1,Medium,880,968.78,8.4,852530.0,1,0,0,High volume.
PRV53770,No,1,Medium,253,3357.79,30.4,849520.0,1,0,0,High volume.
PRV57177,Yes,1,Medium,564,1504.2,12.9,848370.0,1,0,0,High volume.
PRV51399,Yes,1,Medium,211,4005.07,30.8,845070.0,0,1,0,High claim amount.
PRV52589,Yes,1,Medium,426,1955.21,19.0,832920.0,1,0,0,High volume.
PRV55039,Yes,1,Medium,2058,396.6,1.5,816200.0,1,0,0,High volume.
PRV52307,Yes,1,Medium,175,4608.34,30.3,806460.0,0,1,0,High claim amount.
PRV51159,Yes,1,Medium,569,1402.09,11.4,797790.0,1,0,0,High volume.
PRV53394,No,1,Medium,1215,646.44,3.9,785420.0,1,0,0,High volume.
PRV55030,Yes,1,Medium,311,2517.36,23.5,782900.0,1,0,0,High volume.
PRV51598,No,1,Medium,422,1847.23,14.5,779530.0,1,0,0,High volume.
PRV53677,Yes,1,Medium,562,1375.71,11.2,773150.0,1,0,0,High volume.
PRV56225,Yes,1,Medium,588,1294.39,8.5,761100.0,1,0,0,High volume.
PRV54566,Yes,1,Medium,308,2453.44,13.0,755660.0,1,0,0,High volume.
PRV53675,No,1,Medium,297,2517.44,25.6,747680.0,1,0,0,High volume.
PRV56011,Yes,1,Medium,2833,261.79,0.0,741640.0,1,0,0,High volume.
PRV55715,Yes,1,Medium,864,845.15,6.6,730210.0,1,0,0,High volume.
PRV52511,Yes,1,Medium,246,2927.97,30.5,720280.0,1,0,0,High volume.
PRV53786,Yes,1,Medium,1382,517.92,2.6,715760.0,1,0,0,High volume.
PRV52347,Yes,1,Medium,397,1801.23,12.6,715090.0,1,0,0,High volume.
PRV54382,Yes,1,Medium,257,2742.53,25.7,704830.0,1,0,0,High volume.
PRV55004,Yes,1,Medium,2399,293.29,0.1,703610.0,1,0,0,High volume.
PRV52032,Yes,1,Medium,627,1114.26,8.9,698640.0,1,0,0,High volume.
PRV54075,Yes,1,Medium,1519,459.2,2.1,697520.0,1,0,0,High volume.
PRV51604,Yes,1,Medium,329,2120.09,15.2,697510.0,1,0,0,High volume.
PRV57715,No,1,Medium,860,800.23,4.9,688200.0,1,0,0,High volume.
PRV52030,Yes,1,Medium,2275,299.5,0.2,681360.0,1,0,0,High volume.
PRV54372,Yes,1,Medium,1617,416.2,1.3,673000.0,1,0,0,High volume.
PRV51851,Yes,1,Medium,472,1418.41,11.2,669490.0,1,0,0,High volume.
PRV57527,Yes,1,Medium,165,4033.33,30.9,665500.0,0,1,0,High claim amount.
PRV54514,Yes,1,Medium,387,1664.11,12.4,644010.0,1,0,0,High volume.
PRV54879,Yes,1,Medium,245,2627.43,24.5,643720.0,1,0,0,High volume.
PRV53790,Yes,1,Medium,493,1302.7,8.9,642230.0,1,0,0,High volume.
PRV55205,No,1,Medium,260,2454.08,14.6,638060.0,1,0,0,High volume.
PRV56253,Yes,1,Medium,311,2047.2,20.3,636680.0,1,0,0,High volume.
PRV54739,Yes,1,Medium,186,3401.34,24.2,632650.0,0,1,0,High claim amount.
PRV57306,Yes,1,Medium,2315,271.9,0.0,629460.0,1,0,0,High volume.
PRV54333,Yes,1,Medium,360,1748.42,13.9,629430.0,1,0,0,High volume.
PRV53710,No,1,Medium,385,1597.4,15.1,615000.0,1,0,0,High volume.
PRV52041,Yes,1,Medium,1885,320.94,0.0,604980.0,1,0,0,High volume.
PRV52628,Yes,1,Medium,2098,287.95,0.0,604120.0,1,0,0,High volume.
PRV52649,Yes,1,Medium,2156,279.31,0.0,602190.0,1,0,0,High volume.
PRV54085,No,1,Medium,234,2573.12,24.8,602110.0,1,0,0,High volume.
PRV51369,Yes,1,Medium,2083,288.96,0.0,601910.0,1,0,0,High volume.
PRV55907,No,1,Medium,243,2461.65,24.7,598180.0,1,0,0,High volume.
PRV51347,Yes,1,Medium,2067,288.78,0.0,596900.0,1,0,0,High volume.
PRV52843,Yes,1,Medium,251,2359.2,18.7,592160.0,1,0,0,High volume.
PRV54111,Yes,1,Medium,249,2369.48,21.7,590000.0,1,0,0,High volume.
PRV54359,Yes,1,Medium,490,1192.27,9.0,584210.0,1,0,0,High volume.
PRV52045,Yes,1,Medium,243,2374.61,18.9,577030.0,1,0,0,High volume.
PRV54244,No,1,Medium,231,2495.11,21.2,576370.0,1,0,0,High volume.
PRV55467,Yes,1,Medium,1896,300.25,0.3,569280.0,1,0,0,High volume.
PRV53121,Yes,1,Medium,579,971.11,8.3,562270.0,1,0,0,High volume.
PRV51480,Yes,1,Medium,1924,289.96,0.0,557880.0,1,0,0,High volume.
PRV51164,No,1,Medium,391,1424.5,10.5,556980.0,1,0,0,High volume.
PRV57117,Yes,1,Medium,190,2907.21,35.3,552370.0,0,0,1,Inpatient-heavy.
PRV54971,No,1,Medium,429,1261.14,12.1,541030.0,1,0,0,High volume.
PRV52059,Yes,1,Medium,1287,420.21,1.0,540810.0,1,0,0,High volume.
PRV54949,No,1,Medium,412,1274.61,10.2,525140.0,1,0,0,High volume.
PRV54837,Yes,1,Medium,1843,284.35,0.0,524060.0,1,0,0,High volume.
PRV57543,Yes,1,Medium,354,1458.64,13.0,516360.0,1,0,0,High volume.
PRV55158,No,1,Medium,698,728.09,4.2,508210.0,1,0,0,High volume.
PRV57530,No,1,Medium,478,1057.72,10.9,505590.0,1,0,0,High volume.
PRV56689,Yes,1,Medium,1794,281.79,0.0,505530.0,1,0,0,High volume.
PRV51836,Yes,1,Medium,1794,281.49,0.0,505000.0,1,0,0,High volume.
PRV54575,No,1,Medium,273,1846.45,12.1,504080.0,1,0,0,High volume.
PRV54966,Yes,1,Medium,1796,279.52,0.0,502010.0,1,0,0,High volume.
PRV55933,No,1,Medium,498,996.85,9.0,496430.0,1,0,0,High volume.
PRV51148,Yes,1,Medium,330,1480.79,10.3,488660.0,1,0,0,High volume.
PRV57510,No,1,Medium,247,1971.62,17.4,486990.0,1,0,0,High volume.
PRV57209,Yes,1,Medium,1108,437.76,1.4,485040.0,1,0,0,High volume.
PRV55943,No,1,Medium,721,671.39,4.7,484070.0,1,0,0,High volume.
PRV52654,No,1,Medium,177,2731.92,32.8,483550.0,0,0,1,Inpatient-heavy.
PRV52343,Yes,1,Medium,261,1846.13,16.1,481840.0,1,0,0,High volume.
PRV55832,No,1,Medium,284,1694.01,15.8,481100.0,1,0,0,High volume.
PRV51544,No,1,Medium,233,2060.73,19.3,480150.0,1,0,0,High volume.
PRV54925,Yes,1,Medium,122,3925.16,32.0,478870.0,0,1,0,High claim amount.
PRV56008,Yes,1,Medium,1370,347.88,0.0,476600.0,1,0,0,High volume.
PRV53958,No,1,Medium,713,666.56,3.2,475260.0,1,0,0,High volume.
PRV56437,Yes,1,Medium,719,652.71,5.4,469300.0,1,0,0,High volume.
PRV53244,No,1,Medium,508,916.83,8.3,465750.0,1,0,0,High volume.
PRV55911,Yes,1,Medium,239,1947.45,19.2,465440.0,1,0,0,High volume.
PRV51567,Yes,1,Medium,1632,285.17,0.0,465400.0,1,0,0,High volume.
PRV53256,No,1,Medium,345,1329.59,10.4,458710.0,1,0,0,High volume.
PRV51433,Yes,1,Medium,1610,282.38,0.0,454630.0,1,0,0,High volume.
PRV52870,Yes,1,Medium,589,769.75,5.9,453380.0,1,0,0,High volume.
PRV51140,No,1,Medium,487,930.45,9.7,453130.0,1,0,0,High volume.
PRV53424,No,1,Medium,263,1720.11,14.1,452390.0,1,0,0,High volume.
PRV51954,No,1,Medium,643,701.29,3.6,450930.0,1,0,0,High volume.
PRV52150,No,1,Medium,310,1436.26,10.0,445240.0,1,0,0,High volume.
PRV55552,No,1,Medium,1206,362.14,0.3,436740.0,1,0,0,High volume.
PRV55034,Yes,1,Medium,612,712.06,4.2,435780.0,1,0,0,High volume.
PRV56685,Yes,1,Medium,405,1074.79,8.6,435290.0,1,0,0,High volume.
PRV57344,Yes,1,Medium,480,893.13,5.2,428700.0,1,0,0,High volume.
PRV51059,Yes,1,Medium,96,4386.04,26.0,421060.0,0,1,0,High claim amount.
PRV55951,Yes,1,Medium,448,939.73,8.5,421000.0,1,0,0,High volume.
PRV55850,No,1,Medium,236,1762.88,7.6,416040.0,1,0,0,High volume.
PRV54786,Yes,1,Medium,1316,316.03,0.0,415900.0,1,0,0,High volume.
PRV55181,No,1,Medium,439,941.59,8.0,413360.0,1,0,0,High volume.
PRV57158,Yes,1,Medium,271,1518.86,11.1,411610.0,1,0,0,High volume.
PRV54885,No,1,Medium,316,1301.9,11.4,411400.0,1,0,0,High volume.
PRV56231,Yes,1,Medium,270,1513.78,11.9,408720.0,1,0,0,High volume.
PRV54230,Yes,1,Medium,126,3243.25,34.9,408650.0,0,0,1,Inpatient-heavy.
PRV52617,No,1,Medium,238,1713.87,17.6,407900.0,1,0,0,High volume.
PRV54939,Yes,1,Medium,1380,295.51,0.0,407800.0,1,0,0,High volume.
PRV52889,No,1,Medium,640,636.72,4.8,407500.0,1,0,0,High volume.
PRV55171,Yes,1,Medium,247,1649.23,16.6,407360.0,1,0,0,High volume.
PRV54228,No,1,Medium,352,1153.41,11.6,406000.0,1,0,0,High volume.
PRV54688,Yes,1,Medium,1032,389.21,1.1,401660.0,1,0,0,High volume.
PRV53895,Yes,1,Medium,1273,315.3,0.0,401380.0,1,0,0,High volume.
PRV55437,Yes,1,Medium,106,3775.94,26.4,400250.0,0,1,0,High claim amount.
PRV57129,No,1,Medium,282,1409.54,11.3,397490.0,1,0,0,High volume.
PRV52842,No,1,Medium,445,891.03,5.4,396510.0,1,0,0,High volume.
PRV54070,Yes,1,Medium,1467,268.57,0.0,393990.0,1,0,0,High volume.
PRV52066,Yes,1,Medium,1455,265.66,0.0,386530.0,1,0,0,High volume.
PRV52887,Yes,1,Medium,530,723.75,4.3,383590.0,1,0,0,High volume.
PRV56444,Yes,1,Medium,1317,290.92,0.0,383140.0,1,0,0,High volume.
PRV51840,Yes,1,Medium,118,3225.42,33.1,380600.0,0,0,1,Inpatient-heavy.
PRV57228,No,1,Medium,529,717.15,6.4,379370.0,1,0,0,High volume.
PRV56587,Yes,1,Medium,473,799.09,3.8,377970.0,1,0,0,High volume.
PRV53911,Yes,1,Medium,536,698.66,2.6,374480.0,1,0,0,High volume.
PRV55893,Yes,1,Medium,615,607.53,4.2,373630.0,1,0,0,High volume.
PRV55913,Yes,1,Medium,1267,294.61,0.0,373270.0,1,0,0,High volume.
PRV55977,Yes,1,Medium,1302,285.02,0.0,371100.0,1,0,0,High volume.
PRV54882,Yes,1,Medium,253,1461.19,12.6,369680.0,1,0,0,High volume.
PRV57101,No,1,Medium,263,1405.63,11.4,369680.0,1,0,0,High volume.
PRV54507,No,1,Medium,109,3333.12,35.8,363310.0,0,0,1,Inpatient-heavy.
PRV51064,Yes,1,Medium,303,1189.17,11.9,360320.0,1,0,0,High volume.
PRV51183,No,1,Medium,113,3148.58,36.3,355790.0,0,0,1,Inpatient-heavy.
PRV53750,No,1,Medium,1245,283.91,0.1,353470.0,1,0,0,High volume.
PRV56044,No,1,Medium,260,1349.12,6.2,350770.0,1,0,0,High volume.
PRV51021,Yes,1,Medium,257,1357.32,11.3,348830.0,1,0,0,High volume.
PRV52303,No,1,Medium,392,886.07,5.9,347340.0,1,0,0,High volume.
PRV52104,No,1,Medium,1189,291.9,0.0,347070.0,1,0,0,High volume.
PRV56706,Yes,1,Medium,347,998.16,8.9,346360.0,1,0,0,High volume.
PRV56559,No,1,Medium,1113,310.27,0.0,345330.0,1,0,0,High volume.
PRV55250,Yes,1,Medium,301,1142.66,7.6,343940.0,1,0,0,High volume.
PRV51037,Yes,1,Medium,454,753.81,5.1,342230.0,1,0,0,High volume.
PRV51507,Yes,1,Medium,1013,333.01,0.6,337340.0,1,0,0,High volume.
PRV51067,Yes,1,Medium,58,5767.59,20.7,334520.0,0,1,0,High claim amount.
PRV51460,No,1,Medium,452,740.0,3.8,334480.0,1,0,0,High volume.
PRV54332,No,1,Medium,995,334.84,0.0,333170.0,1,0,0,High volume.
PRV55165,Yes,1,Medium,241,1368.76,12.4,329870.0,1,0,0,High volume.
PRV53265,Yes,1,Medium,92,3574.13,29.3,328820.0,0,1,0,High claim amount.
PRV53670,Yes,1,Medium,1173,274.89,0.0,322450.0,1,0,0,High volume.
PRV53921,No,1,Medium,768,419.57,1.2,322230.0,1,0,0,High volume.
PRV51509,No,1,Medium,1030,312.75,0.0,322130.0,1,0,0,High volume.
PRV52631,No,1,Medium,1057,304.4,0.0,321750.0,1,0,0,High volume.
PRV52001,No,1,Medium,1177,272.4,0.0,320620.0,1,0,0,High volume.
PRV56803,No,1,Medium,795,401.79,1.0,319420.0,1,0,0,High volume.
PRV54649,Yes,1,Medium,75,4201.07,29.3,315080.0,0,1,0,High claim amount.
PRV55037,No,1,Medium,649,483.3,1.7,313660.0,1,0,0,High volume.
PRV53799,No,1,Medium,753,406.96,1.9,306440.0,1,0,0,High volume.
PRV52646,No,1,Medium,104,2945.29,32.7,306310.0,0,0,1,Inpatient-heavy.
PRV52017,No,1,Medium,280,1088.46,8.2,304770.0,1,0,0,High volume.
PRV54813,No,1,Medium,1056,284.12,0.0,300030.0,1,0,0,High volume.
PRV54787,No,1,Medium,77,3867.79,31.2,297820.0,0,1,0,High claim amount.
PRV54745,No,1,Medium,828,357.17,1.2,295740.0,1,0,0,High volume.
PRV55453,Yes,1,Medium,795,370.58,1.6,294610.0,1,0,0,High volume.
PRV55525,No,1,Medium,933,315.38,0.0,294250.0,1,0,0,High volume.
PRV57333,No,1,Medium,1004,289.86,0.0,291020.0,1,0,0,High volume.
PRV56270,No,1,Medium,1043,278.02,0.0,289970.0,1,0,0,High volume.
PRV56006,No,1,Medium,1090,265.49,0.0,289380.0,1,0,0,High volume.
PRV53702,No,1,Medium,1010,286.21,0.0,289070.0,1,0,0,High volume.
PRV52159,No,1,Medium,271,1063.84,8.9,288300.0,1,0,0,High volume.
PRV52859,No,1,Medium,911,316.06,0.0,287930.0,1,0,0,High volume.
PRV51863,No,1,Medium,73,3927.4,26.0,286700.0,0,1,0,High claim amount.
PRV57335,Yes,1,Medium,807,352.75,0.4,284670.0,1,0,0,High volume.
PRV56248,No,1,Medium,934,303.2,0.0,283190.0,1,0,0,High volume.
PRV53679,No,1,Medium,826,342.64,0.0,283020.0,1,0,0,High volume.
PRV52827,No,1,Medium,804,350.82,0.0,282060.0,1,0,0,High volume.
PRV51005,Yes,1,Medium,1165,241.12,0.0,280910.0,1,0,0,High volume.
PRV54330,No,1,Medium,472,593.47,3.8,280120.0,1,0,0,High volume.
PRV54374,No,1,Medium,854,327.89,0.0,280020.0,1,0,0,High volume.
PRV51284,No,1,Medium,377,742.33,4.5,279860.0,1,0,0,High volume.
PRV55496,Yes,1,Medium,86,3226.05,47.7,277440.0,0,0,1,Inpatient-heavy.
PRV53871,No,1,Medium,1220,223.55,0.0,272730.0,1,0,0,High volume.
PRV56738,No,1,Medium,512,524.77,3.7,268680.0,1,0,0,High volume.
PRV52395,No,1,Medium,912,294.33,0.0,268430.0,1,0,0,High volume.
PRV52845,No,1,Medium,231,1161.65,3.5,268340.0,1,0,0,High volume.
PRV54399,Yes,1,Medium,349,753.7,3.7,263040.0,1,0,0,High volume.
PRV55737,No,1,Medium,257,1017.78,7.4,261570.0,1,0,0,High volume.
PRV56507,No,1,Medium,42,6197.62,16.7,260300.0,0,1,0,High claim amount.
PRV51949,No,1,Medium,71,3663.94,26.8,260140.0,0,1,0,High claim amount.
PRV52071,No,1,Medium,749,346.93,0.0,259850.0,1,0,0,High volume.
PRV55229,No,1,Medium,243,1059.75,6.6,257520.0,1,0,0,High volume.
PRV57348,No,1,Medium,920,278.01,0.0,255770.0,1,0,0,High volume.
PRV52648,Yes,1,Medium,842,303.15,0.0,255250.0,1,0,0,High volume.
PRV55510,No,1,Medium,861,296.41,0.0,255210.0,1,0,0,High volume.
PRV55175,No,1,Medium,304,837.5,7.6,254600.0,1,0,0,High volume.
PRV55934,Yes,1,Medium,653,389.31,0.9,254220.0,1,0,0,High volume.
PRV52605,No,1,Medium,1000,253.88,0.0,253880.0,1,0,0,High volume.
PRV53104,No,1,Medium,80,3159.63,35.0,252770.0,0,0,1,Inpatient-heavy.
PRV55990,No,1,Medium,231,1087.01,9.5,251100.0,1,0,0,High volume.
PRV55897,Yes,1,Medium,482,518.44,1.9,249890.0,1,0,0,High volume.
PRV51579,No,1,Medium,72,3440.0,25.0,247680.0,0,1,0,High claim amount.
PRV53623,Yes,1,Medium,894,274.55,0.0,245450.0,1,0,0,High volume.
PRV51860,No,1,Medium,776,315.22,0.5,244610.0,1,0,0,High volume.
PRV51876,Yes,1,Medium,61,3972.46,29.5,242320.0,0,1,0,High claim amount.
PRV56018,No,1,Medium,72,3345.0,34.7,240840.0,0,0,1,Inpatient-heavy.
PRV52038,No,1,Medium,259,929.07,8.5,240630.0,1,0,0,High volume.
PRV52085,No,1,Medium,824,292.01,0.0,240620.0,1,0,0,High volume.
PRV52656,No,1,Medium,775,309.38,0.0,239770.0,1,0,0,High volume.
PRV52884,Yes,1,Medium,707,336.53,0.0,237930.0,1,0,0,High volume.
PRV54391,Yes,1,Medium,318,746.01,6.6,237230.0,1,0,0,High volume.
PRV55262,No,1,Medium,397,594.11,4.0,235860.0,1,0,0,High volume.
PRV57206,Yes,1,Medium,490,480.2,1.4,235300.0,1,0,0,High volume.
PRV56608,Yes,1,Medium,856,274.82,0.0,235250.0,1,0,0,High volume.
PRV55831,No,1,Medium,810,290.23,0.0,235090.0,1,0,0,High volume.
PRV54336,Yes,1,Medium,232,1000.26,6.0,232060.0,1,0,0,High volume.
PRV51089,No,1,Medium,228,1012.72,7.9,230900.0,1,0,0,High volume.
PRV54564,No,1,Medium,803,286.15,0.0,229780.0,1,0,0,High volume.
PRV54071,No,1,Medium,436,525.28,1.8,229020.0,1,0,0,High volume.
PRV56221,No,1,Medium,305,748.66,5.9,228340.0,1,0,0,High volume.
PRV52829,No,1,Medium,533,425.52,1.1,226800.0,1,0,0,High volume.
PRV54690,No,1,Medium,840,267.81,0.0,224960.0,1,0,0,High volume.
PRV55029,No,1,Medium,255,878.43,5.5,224000.0,1,0,0,High volume.
PRV53700,No,1,Medium,913,241.31,0.0,220320.0,1,0,0,High volume.
PRV52141,No,1,Medium,671,328.3,0.4,220290.0,1,0,0,High volume.
PRV54705,No,1,Medium,257,855.02,7.8,219740.0,1,0,0,High volume.
PRV55192,No,1,Medium,253,864.19,5.9,218640.0,1,0,0,High volume.
PRV57409,Yes,1,Medium,71,3079.15,33.8,218620.0,0,0,1,Inpatient-heavy.
PRV52982,Yes,1,Medium,643,336.27,0.0,216220.0,1,0,0,High volume.
PRV54761,No,1,Medium,822,262.82,0.0,216040.0,1,0,0,High volume.
PRV53117,No,1,Medium,251,858.05,7.2,215370.0,1,0,0,High volume.
PRV51350,No,1,Medium,239,892.8,8.8,213380.0,1,0,0,High volume.
PRV51959,No,1,Medium,751,284.09,0.0,213350.0,1,0,0,High volume.
PRV54914,No,1,Medium,402,529.68,3.5,212930.0,1,0,0,High volume.
PRV54644,Yes,1,Medium,68,3123.09,32.4,212370.0,0,0,1,Inpatient-heavy.
PRV52881,No,1,Medium,302,700.36,6.6,211510.0,1,0,0,High volume.
PRV55465,No,1,Medium,339,607.17,2.7,205830.0,1,0,0,High volume.
PRV52337,Yes,1,Medium,773,266.22,0.0,205790.0,1,0,0,High volume.
PRV55518,No,1,Medium,235,875.62,4.7,205770.0,1,0,0,High volume.
PRV57030,Yes,1,Medium,57,3593.16,28.1,204810.0,0,1,0,High claim amount.
PRV55969,No,1,Medium,688,296.72,0.0,204140.0,1,0,0,High volume.
PRV54774,No,1,Medium,488,416.33,1.0,203170.0,1,0,0,High volume.
PRV52119,Yes,1,Medium,52,3891.92,30.8,202380.0,0,1,0,High claim amount.
PRV52623,No,1,Medium,235,860.81,4.3,202290.0,1,0,0,High volume.
PRV52365,No,1,Medium,739,273.52,0.0,202130.0,1,0,0,High volume.
PRV53900,Yes,1,Medium,789,255.83,0.0,201850.0,1,0,0,High volume.
PRV51151,No,1,Medium,233,863.95,9.4,201300.0,1,0,0,High volume.
PRV57528,Yes,1,Medium,401,501.3,3.2,201020.0,1,0,0,High volume.
PRV53000,No,1,Medium,703,284.85,0.0,200250.0,1,0,0,High volume.
PRV56448,No,1,Medium,584,340.67,0.0,198950.0,1,0,0,High volume.
PRV52398,No,1,Medium,48,4122.71,25.0,197890.0,0,1,0,High claim amount.
PRV55834,No,1,Medium,453,435.43,2.0,197250.0,1,0,0,High volume.
PRV51196,No,1,Medium,720,273.69,0.0,197060.0,1,0,0,High volume.
PRV52857,No,1,Medium,459,427.69,1.3,196310.0,1,0,0,High volume.
PRV57034,No,1,Medium,64,3064.53,32.8,196130.0,0,0,1,Inpatient-heavy.
PRV55654,No,1,Medium,578,337.72,0.0,195200.0,1,0,0,High volume.
PRV52154,No,1,Medium,742,261.93,0.0,194350.0,1,0,0,High volume.
PRV53939,No,1,Medium,304,636.32,2.0,193440.0,1,0,0,High volume.
PRV56649,Yes,1,Medium,266,723.12,2.6,192350.0,1,0,0,High volume.
PRV52652,Yes,1,Medium,743,256.47,0.0,190560.0,1,0,0,High volume.
PRV55503,No,1,Medium,604,312.55,0.2,188780.0,1,0,0,High volume.
PRV56760,No,1,Medium,643,292.85,0.0,188300.0,1,0,0,High volume.
PRV55064,No,1,Medium,621,302.33,0.0,187750.0,1,0,0,High volume.
PRV57120,No,1,Medium,48,3896.88,27.1,187050.0,0,1,0,High claim amount.
PRV56019,No,1,Medium,659,283.49,0.0,186820.0,1,0,0,High volume.
PRV54993,No,1,Medium,53,3507.92,15.1,185920.0,0,1,0,High claim amount.
PRV56494,No,1,Medium,560,331.13,0.0,185430.0,1,0,0,High volume.
PRV54220,No,1,Medium,32,5785.63,25.0,185140.0,0,1,0,High claim amount.
PRV53294,No,1,Medium,582,310.58,0.0,180760.0,1,0,0,High volume.
PRV52663,No,1,Medium,576,313.63,0.0,180650.0,1,0,0,High volume.
PRV51636,No,1,Medium,316,569.68,0.9,180020.0,1,0,0,High volume.
PRV53689,No,1,Medium,561,317.52,0.0,178130.0,1,0,0,High volume.
PRV51410,Yes,1,Medium,628,282.72,0.0,177550.0,1,0,0,High volume.
PRV57319,No,1,Medium,279,636.06,5.7,177460.0,1,0,0,High volume.
PRV54080,No,1,Medium,573,307.8,0.0,176370.0,1,0,0,High volume.
PRV53773,No,1,Medium,567,310.11,0.0,175830.0,1,0,0,High volume.
PRV57305,No,1,Medium,675,260.37,0.0,175750.0,1,0,0,High volume.
PRV56501,Yes,1,Medium,232,755.13,2.6,175190.0,1,0,0,High volume.
PRV52563,No,1,Medium,473,367.38,0.0,173770.0,1,0,0,High volume.
PRV56428,Yes,1,Medium,311,556.05,2.6,172930.0,1,0,0,High volume.
PRV56264,No,1,Medium,51,3373.53,37.3,172050.0,0,0,1,Inpatient-heavy.
PRV55914,Yes,1,Medium,63,2708.89,33.3,170660.0,0,0,1,Inpatient-heavy.
PRV53872,No,1,Medium,231,738.01,3.9,170480.0,1,0,0,High volume.
PRV57151,No,1,Medium,515,328.21,0.0,169030.0,1,0,0,High volume.
PRV53005,Yes,1,Medium,50,3377.2,32.0,168860.0,0,1,0,High claim amount.
PRV55163,Yes,1,Medium,587,287.48,0.2,168750.0,1,0,0,High volume.
PRV57170,Yes,1,Medium,579,290.78,0.0,168360.0,1,0,0,High volume.
PRV53676,No,1,Medium,471,355.71,0.0,167540.0,1,0,0,High volume.
PRV55937,No,1,Medium,382,434.32,1.8,165910.0,1,0,0,High volume.
PRV53887,Yes,1,Medium,598,276.76,0.0,165500.0,1,0,0,High volume.
PRV56758,No,1,Medium,531,310.53,0.0,164890.0,1,0,0,High volume.
PRV52369,No,1,Medium,547,299.41,0.0,163780.0,1,0,0,High volume.
PRV55479,No,1,Medium,672,241.68,0.0,162410.0,1,0,0,High volume.
PRV52571,No,1,Medium,508,318.48,0.0,161790.0,1,0,0,High volume.
PRV57549,No,1,Medium,518,311.12,0.0,161160.0,1,0,0,High volume.
PRV56213,No,1,Medium,643,250.48,0.0,161060.0,1,0,0,High volume.
PRV53136,Yes,1,Medium,43,3744.65,16.3,161020.0,0,1,0,High claim amount.
PRV55490,No,1,Medium,50,3218.0,38.0,160900.0,0,0,1,Inpatient-heavy.
PRV51984,No,1,Medium,525,306.25,0.0,160780.0,1,0,0,High volume.
PRV54773,No,1,Medium,34,4712.06,29.4,160210.0,0,1,0,High claim amount.
PRV53925,No,1,Medium,61,2626.23,32.8,160200.0,0,0,1,Inpatient-heavy.
PRV55548,No,1,Medium,562,284.09,0.0,159660.0,1,0,0,High volume.
PRV56663,No,1,Medium,251,636.02,5.2,159640.0,1,0,0,High volume.
PRV52573,No,1,Medium,587,270.31,0.0,158670.0,1,0,0,High volume.
PRV55514,Yes,1,Medium,295,536.71,2.4,158330.0,1,0,0,High volume.
PRV56216,No,1,Medium,481,328.3,0.0,157910.0,1,0,0,High volume.
PRV54557,Yes,1,Medium,564,279.95,0.0,157890.0,1,0,0,High volume.
PRV55521,No,1,Medium,615,256.34,0.0,157650.0,1,0,0,High volume.
PRV53956,No,1,Medium,526,299.64,0.0,157610.0,1,0,0,High volume.
PRV56257,Yes,1,Medium,52,3027.69,32.7,157440.0,0,0,1,Inpatient-heavy.
PRV52299,No,1,Medium,601,261.46,0.0,157140.0,1,0,0,High volume.
PRV55752,No,1,Medium,563,278.37,0.0,156720.0,1,0,0,High volume.
PRV52367,No,1,Medium,297,527.34,1.3,156620.0,1,0,0,High volume.
PRV55837,No,1,Medium,45,3452.67,17.8,155370.0,0,1,0,High claim amount.
PRV51204,No,1,Medium,499,310.98,0.0,155180.0,1,0,0,High volume.
PRV53674,No,1,Medium,496,309.54,0.0,153530.0,1,0,0,High volume.
PRV51062,No,1,Medium,397,386.35,0.8,153380.0,1,0,0,High volume.
PRV53915,No,1,Medium,545,280.0,0.0,152600.0,1,0,0,High volume.
PRV55869,No,1,Medium,346,441.01,2.3,152590.0,1,0,0,High volume.
PRV51348,No,1,Medium,55,2769.64,34.5,152330.0,0,0,1,Inpatient-heavy.
PRV51362,No,1,Medium,44,3439.09,13.6,151320.0,0,1,0,High claim amount.
PRV57346,No,1,Medium,532,282.76,0.0,150430.0,1,0,0,High volume.
PRV57412,No,1,Medium,298,504.63,3.0,150380.0,1,0,0,High volume.
PRV53874,No,1,Medium,524,285.46,0.0,149580.0,1,0,0,High volume.
PRV55264,No,1,Medium,528,279.22,0.0,147430.0,1,0,0,High volume.
PRV52722,No,1,Medium,283,520.78,3.2,147380.0,1,0,0,High volume.
PRV55679,No,1,Medium,229,643.14,3.9,147280.0,1,0,0,High volume.
PRV52313,No,1,Medium,504,291.07,0.0,146700.0,1,0,0,High volume.
PRV52665,No,1,Medium,607,240.74,0.0,146130.0,1,0,0,High volume.
PRV51176,No,1,Medium,445,328.04,0.0,145980.0,1,0,0,High volume.
PRV52560,No,1,Medium,503,289.17,0.0,145450.0,1,0,0,High volume.
PRV52660,No,1,Medium,558,260.57,0.0,145400.0,1,0,0,High volume.
PRV53634,No,1,Medium,497,292.56,0.0,145400.0,1,0,0,High volume.
PRV57025,Yes,1,Medium,49,2951.84,34.7,144640.0,0,0,1,Inpatient-heavy.
PRV51068,No,1,Medium,261,548.89,3.4,143260.0,1,0,0,High volume.
PRV51017,No,1,Medium,515,277.13,0.0,142720.0,1,0,0,High volume.
PRV52980,No,1,Medium,601,237.37,0.0,142660.0,1,0,0,High volume.
PRV53672,No,1,Medium,487,291.7,0.0,142060.0,1,0,0,High volume.
PRV52593,Yes,1,Medium,582,244.02,0.0,142020.0,1,0,0,High volume.
PRV57307,No,1,Medium,38,3730.0,31.6,141740.0,0,1,0,High claim amount.
PRV54092,No,1,Medium,481,294.28,0.0,141550.0,1,0,0,High volume.
PRV52558,No,1,Medium,494,285.22,0.0,140900.0,1,0,0,High volume.
PRV51156,No,1,Medium,542,259.48,0.0,140640.0,1,0,0,High volume.
PRV55835,Yes,1,Medium,269,518.92,2.6,139590.0,1,0,0,High volume.
PRV57192,No,1,Medium,407,341.28,0.0,138900.0,1,0,0,High volume.
PRV53281,No,1,Medium,53,2609.62,39.6,138310.0,0,0,1,Inpatient-heavy.
PRV51499,No,1,Medium,474,290.8,0.4,137840.0,1,0,0,High volume.
PRV56425,Yes,1,Medium,381,355.51,2.1,135450.0,1,0,0,High volume.
PRV55470,No,1,Medium,470,287.36,0.0,135060.0,1,0,0,High volume.
PRV55454,No,1,Medium,368,366.74,1.4,134960.0,1,0,0,High volume.
PRV56439,No,1,Medium,443,304.65,0.0,134960.0,1,0,0,High volume.
PRV51479,No,1,Medium,228,590.48,5.7,134630.0,1,0,0,High volume.
PRV56345,No,1,Medium,572,235.16,0.0,134510.0,1,0,0,High volume.
PRV55388,No,1,Medium,515,260.54,0.0,134180.0,1,0,0,High volume.
PRV54083,No,1,Medium,279,479.5,2.9,133780.0,1,0,0,High volume.
PRV56735,No,1,Medium,412,324.34,0.0,133630.0,1,0,0,High volume.
PRV57674,No,1,Medium,413,322.57,0.0,133220.0,1,0,0,High volume.
PRV52986,No,1,Medium,36,3680.28,25.0,132490.0,0,1,0,High claim amount.
PRV52902,No,1,Medium,46,2875.0,45.7,132250.0,0,0,1,Inpatient-heavy.
PRV52893,No,1,Medium,362,364.23,0.0,131850.0,1,0,0,High volume.
PRV56404,No,1,Medium,363,362.7,0.0,131660.0,1,0,0,High volume.
PRV51273,No,1,Medium,553,237.5,0.0,131340.0,1,0,0,High volume.
PRV53699,No,1,Medium,361,362.8,0.6,130970.0,1,0,0,High volume.
PRV55515,No,1,Medium,459,285.1,0.0,130860.0,1,0,0,High volume.
PRV53277,Yes,1,Medium,44,2933.18,34.1,129060.0,0,0,1,Inpatient-heavy.
PRV52561,No,1,Medium,280,460.36,0.0,128900.0,1,0,0,High volume.
PRV55505,No,1,Medium,480,267.19,0.0,128250.0,1,0,0,High volume.
PRV54847,No,1,Medium,296,433.11,3.4,128200.0,1,0,0,High volume.
PRV55247,No,1,Medium,355,360.96,0.8,128140.0,1,0,0,High volume.
PRV53960,No,1,Medium,420,303.24,0.0,127360.0,1,0,0,High volume.
PRV56426,No,1,Medium,436,291.81,0.0,127230.0,1,0,0,High volume.
PRV56743,No,1,Medium,393,323.05,0.0,126960.0,1,0,0,High volume.
PRV53300,No,1,Medium,354,356.38,0.0,126160.0,1,0,0,High volume.
PRV55984,No,1,Medium,392,321.73,0.0,126120.0,1,0,0,High volume.
PRV51690,No,1,Medium,255,491.29,2.7,125280.0,1,0,0,High volume.
PRV55935,No,1,Medium,550,227.33,0.0,125030.0,1,0,0,High volume.
PRV54683,No,1,Medium,462,268.07,0.0,123850.0,1,0,0,High volume.
PRV57218,No,1,Medium,413,298.38,0.0,123230.0,1,0,0,High volume.
PRV51670,No,1,Medium,436,281.77,0.2,122850.0,1,0,0,High volume.
PRV52098,No,1,Medium,469,261.54,0.0,122660.0,1,0,0,High volume.
PRV56778,No,1,Medium,38,3215.26,39.5,122180.0,0,0,1,Inpatient-heavy.
PRV51535,No,1,Medium,388,312.76,0.5,121350.0,1,0,0,High volume.
PRV54888,No,1,Medium,413,292.69,0.0,120880.0,1,0,0,High volume.
PRV56742,No,1,Medium,35,3450.0,25.7,120750.0,0,1,0,High claim amount.
PRV54779,No,1,Medium,31,3892.9,29.0,120680.0,0,1,0,High claim amount.
PRV54098,Yes,1,Medium,256,470.31,3.5,120400.0,1,0,0,High volume.
PRV55820,No,1,Medium,477,252.31,0.0,120350.0,1,0,0,High volume.
PRV57568,No,1,Medium,47,2560.64,38.3,120350.0,0,0,1,Inpatient-heavy.
PRV55892,No,1,Medium,449,264.83,0.0,118910.0,1,0,0,High volume.
PRV52399,No,1,Medium,434,273.73,0.0,118800.0,1,0,0,High volume.
PRV57672,Yes,1,Medium,425,278.09,0.0,118190.0,1,0,0,High volume.
PRV54256,No,1,Medium,262,446.87,1.9,117080.0,1,0,0,High volume.
PRV56219,No,1,Medium,277,422.27,1.4,116970.0,1,0,0,High volume.
PRV56104,Yes,1,Medium,483,240.7,0.0,116260.0,1,0,0,High volume.
PRV53002,No,1,Medium,397,292.29,0.0,116040.0,1,0,0,High volume.
PRV55491,No,1,Medium,355,326.11,0.0,115770.0,1,0,0,High volume.
PRV53618,No,1,Medium,236,490.08,5.1,115660.0,1,0,0,High volume.
PRV52788,No,1,Medium,401,287.48,0.0,115280.0,1,0,0,High volume.
PRV55459,No,1,Medium,344,333.98,0.0,114890.0,1,0,0,High volume.
PRV52504,Yes,1,Medium,40,2854.5,35.0,114180.0,0,0,1,Inpatient-heavy.
PRV53335,No,1,Medium,381,299.29,0.0,114030.0,1,0,0,High volume.
PRV54387,No,1,Medium,415,274.0,0.0,113710.0,1,0,0,High volume.
PRV51695,No,1,Medium,429,263.82,0.0,113180.0,1,0,0,High volume.
PRV54265,No,1,Medium,406,278.15,0.0,112930.0,1,0,0,High volume.
PRV55822,No,1,Medium,384,293.67,0.0,112770.0,1,0,0,High volume.
PRV54917,No,1,Medium,37,3039.19,40.5,112450.0,0,0,1,Inpatient-heavy.
PRV56577,No,1,Medium,293,383.72,2.7,112430.0,1,0,0,High volume.
PRV57189,Yes,1,Medium,256,438.71,1.6,112310.0,1,0,0,High volume.
PRV55489,No,1,Medium,361,309.53,0.0,111740.0,1,0,0,High volume.
PRV57532,No,1,Medium,351,317.83,0.0,111560.0,1,0,0,High volume.
PRV57710,No,1,Medium,409,271.76,0.0,111150.0,1,0,0,High volume.
PRV52335,No,1,Medium,242,454.01,0.8,109870.0,1,0,0,High volume.
PRV52645,No,1,Medium,408,268.7,0.0,109630.0,1,0,0,High volume.
PRV51488,No,1,Medium,272,400.48,1.1,108930.0,1,0,0,High volume.
PRV57309,No,1,Medium,35,3093.14,34.3,108260.0,0,0,1,Inpatient-heavy.
PRV55736,No,1,Medium,230,469.3,1.7,107940.0,1,0,0,High volume.
PRV52860,Yes,1,Medium,393,274.38,0.0,107830.0,1,0,0,High volume.
PRV54255,No,1,Medium,232,462.2,0.0,107230.0,1,0,0,High volume.
PRV52310,No,1,Medium,454,235.22,0.0,106790.0,1,0,0,High volume.
PRV54970,No,1,Medium,233,455.67,2.6,106170.0,1,0,0,High volume.
PRV54072,No,1,Medium,30,3521.33,20.0,105640.0,0,1,0,High claim amount.
PRV51112,No,1,Medium,304,346.22,0.0,105250.0,1,0,0,High volume.
PRV53374,No,1,Medium,387,271.73,0.0,105160.0,1,0,0,High volume.
PRV57339,No,1,Medium,458,229.54,0.0,105130.0,1,0,0,High volume.
PRV52133,No,1,Medium,305,344.52,0.7,105080.0,1,0,0,High volume.
PRV51346,No,1,Medium,266,392.82,1.9,104490.0,1,0,0,High volume.
PRV55177,No,1,Medium,327,319.33,0.0,104420.0,1,0,0,High volume.
PRV55263,No,1,Medium,319,325.24,0.0,103750.0,1,0,0,High volume.
PRV52351,No,1,Medium,425,244.0,0.0,103700.0,1,0,0,High volume.
PRV57193,No,1,Medium,393,263.41,0.0,103520.0,1,0,0,High volume.
PRV57152,No,1,Medium,400,256.2,0.0,102480.0,1,0,0,High volume.
PRV57313,No,1,Medium,402,253.66,0.0,101970.0,1,0,0,High volume.
PRV52935,No,1,Medium,280,363.57,0.0,101800.0,1,0,0,High volume.
PRV52826,Yes,1,Medium,292,347.95,0.0,101600.0,1,0,0,High volume.
PRV52633,No,1,Medium,379,265.88,0.0,100770.0,1,0,0,High volume.
PRV56435,Yes,1,Medium,260,384.73,1.5,100030.0,1,0,0,High volume.
PRV53682,No,1,Medium,365,272.79,0.0,99570.0,1,0,0,High volume.
PRV51386,No,1,Medium,382,260.0,0.0,99320.0,1,0,0,High volume.
PRV56725,No,1,Medium,291,341.27,0.0,99310.0,1,0,0,High volume.
PRV55910,No,1,Medium,372,265.51,0.0,98770.0,1,0,0,High volume.
PRV56675,No,1,Medium,323,305.54,0.0,98690.0,1,0,0,High volume.
PRV52090,No,1,Medium,303,324.26,0.0,98250.0,1,0,0,High volume.
PRV51533,No,1,Medium,36,2676.39,36.1,96350.0,0,0,1,Inpatient-heavy.
PRV54668,No,1,Medium,306,313.89,0.3,96050.0,1,0,0,High volume.
PRV57125,No,1,Medium,370,259.32,0.0,95950.0,1,0,0,High volume.
PRV55520,No,1,Medium,287,334.11,0.0,95890.0,1,0,0,High volume.
PRV56467,No,1,Medium,349,274.27,0.0,95720.0,1,0,0,High volume.
PRV53251,No,1,Medium,233,409.44,1.7,95400.0,1,0,0,High volume.
PRV55455,No,1,Medium,373,255.63,0.0,95350.0,1,0,0,High volume.
PRV55057,Yes,1,Medium,347,272.51,0.0,94560.0,1,0,0,High volume.
PRV52014,No,1,Medium,351,267.49,0.0,93890.0,1,0,0,High volume.
PRV54238,No,1,Medium,348,266.93,0.0,92890.0,1,0,0,High volume.
PRV56410,No,1,Medium,350,264.37,0.0,92530.0,1,0,0,High volume.
PRV53352,No,1,Medium,288,320.49,0.0,92300.0,1,0,0,High volume.
PRV55865,No,1,Medium,325,282.31,0.0,91750.0,1,0,0,High volume.
PRV55633,No,1,Medium,358,256.12,0.0,91690.0,1,0,0,High volume.
PRV57312,Yes,1,Medium,334,273.41,0.0,91320.0,1,0,0,High volume.
PRV56693,No,1,Medium,373,244.58,0.0,91230.0,1,0,0,High volume.
PRV54694,No,1,Medium,330,275.03,0.0,90760.0,1,0,0,High volume.
PRV52559,No,1,Medium,359,252.76,0.0,90740.0,1,0,0,High volume.
PRV56782,No,1,Medium,288,312.53,0.0,90010.0,1,0,0,High volume.
PRV51281,No,1,Medium,259,345.44,0.0,89470.0,1,0,0,High volume.
PRV52599,No,1,Medium,272,323.13,0.0,87890.0,1,0,0,High volume.
PRV52452,No,1,Medium,274,319.89,0.7,87650.0,1,0,0,High volume.
PRV53992,No,1,Medium,244,359.1,0.0,87620.0,1,0,0,High volume.
PRV56598,No,1,Medium,280,311.0,0.0,87080.0,1,0,0,High volume.
PRV54978,No,1,Medium,265,327.4,0.0,86760.0,1,0,0,High volume.
PRV53662,No,1,Medium,331,259.91,0.0,86030.0,1,0,0,High volume.
PRV52981,No,1,Medium,369,232.6,0.0,85830.0,1,0,0,High volume.
PRV55931,No,1,Medium,295,290.51,0.0,85700.0,1,0,0,High volume.
PRV57311,No,1,Medium,338,252.49,0.0,85340.0,1,0,0,High volume.
PRV53276,No,1,Medium,291,293.06,0.0,85280.0,1,0,0,High volume.
PRV57434,No,1,Medium,316,265.79,0.0,83990.0,1,0,0,High volume.
PRV55523,No,1,Medium,303,274.98,0.0,83320.0,1,0,0,High volume.
PRV54404,No,1,Medium,266,312.33,0.8,83080.0,1,0,0,High volume.
PRV51905,No,1,Medium,257,321.17,0.0,82540.0,1,0,0,High volume.
PRV53950,No,1,Medium,298,275.6,0.0,82130.0,1,0,0,High volume.
PRV53933,No,1,Medium,265,309.4,0.0,81990.0,1,0,0,High volume.
PRV55116,No,1,Medium,284,288.45,0.0,81920.0,1,0,0,High volume.
PRV52450,No,1,Medium,298,273.62,0.0,81540.0,1,0,0,High volume.
PRV56613,No,1,Medium,304,267.73,0.0,81390.0,1,0,0,High volume.
PRV55226,No,1,Medium,242,333.43,0.0,80690.0,1,0,0,High volume.
PRV57287,No,1,Medium,289,278.17,0.0,80390.0,1,0,0,High volume.
PRV57572,No,1,Medium,265,302.08,0.0,80050.0,1,0,0,High volume.
PRV53909,No,1,Medium,256,312.46,0.0,79990.0,1,0,0,High volume.
PRV55997,No,1,Medium,326,244.29,0.0,79640.0,1,0,0,High volume.
PRV54563,No,1,Medium,267,296.14,0.0,79070.0,1,0,0,High volume.
PRV52054,No,1,Medium,240,327.04,0.0,78490.0,1,0,0,High volume.
PRV53686,No,1,Medium,292,267.6,0.0,78140.0,1,0,0,High volume.
PRV55026,No,1,Medium,272,282.76,0.0,76910.0,1,0,0,High volume.
PRV51114,No,1,Medium,262,292.82,0.0,76720.0,1,0,0,High volume.
PRV56610,No,1,Medium,30,2553.0,40.0,76590.0,0,0,1,Inpatient-heavy.
PRV52988,No,1,Medium,312,243.81,0.0,76070.0,1,0,0,High volume.
PRV52661,No,1,Medium,247,306.44,0.0,75690.0,1,0,0,High volume.
PRV52109,No,1,Medium,248,304.76,0.0,75580.0,1,0,0,High volume.
PRV57330,No,1,Medium,34,2222.65,35.3,75570.0,0,0,1,Inpatient-heavy.
PRV57529,No,1,Medium,295,255.39,0.0,75340.0,1,0,0,High volume.
PRV51036,No,1,Medium,278,269.35,0.0,74880.0,1,0,0,High volume.
PRV55959,Yes,1,Medium,324,230.59,0.0,74710.0,1,0,0,High volume.
PRV55999,No,1,Medium,306,242.45,0.0,74190.0,1,0,0,High volume.
PRV55463,No,1,Medium,257,285.99,0.0,73500.0,1,0,0,High volume.
PRV54144,Yes,1,Medium,294,248.74,0.0,73130.0,1,0,0,High volume.
PRV56451,No,1,Medium,259,281.66,0.0,72950.0,1,0,0,High volume.
PRV54273,No,1,Medium,234,307.78,0.0,72020.0,1,0,0,High volume.
PRV55734,No,1,Medium,310,229.65,0.0,71190.0,1,0,0,High volume.
PRV55522,No,1,Medium,248,280.52,0.0,69570.0,1,0,0,High volume.
PRV54257,No,1,Medium,282,246.6,0.0,69540.0,1,0,0,High volume.
PRV56655,No,1,Medium,251,276.41,0.0,69380.0,1,0,0,High volume.
PRV55929,No,1,Medium,287,239.69,0.0,68790.0,1,0,0,High volume.
PRV52374,No,1,Medium,228,301.67,0.0,68780.0,1,0,0,High volume.
PRV56576,No,1,Medium,234,286.97,0.4,67150.0,1,0,0,High volume.
PRV56791,No,1,Medium,233,287.68,0.0,67030.0,1,0,0,High volume.
PRV55010,Yes,1,Medium,289,229.76,0.0,66400.0,1,0,0,High volume.
PRV55243,No,1,Medium,257,257.7,0.0,66230.0,1,0,0,High volume.
PRV56228,No,1,Medium,262,250.65,0.0,65670.0,1,0,0,High volume.
PRV55986,No,1,Medium,232,281.85,0.0,65390.0,1,0,0,High volume.
PRV57167,Yes,1,Medium,238,273.53,0.0,65100.0,1,0,0,High volume.
PRV52400,No,1,Medium,231,280.13,0.0,64710.0,1,0,0,High volume.
PRV55705,No,1,Medium,253,252.65,0.0,63920.0,1,0,0,High volume.
PRV54681,No,1,Medium,301,211.93,0.0,63790.0,1,0,0,High volume.
PRV55955,No,1,Medium,246,257.11,0.0,63250.0,1,0,0,High volume.
PRV57159,No,1,Medium,228,273.29,0.0,62310.0,1,0,0,High volume.
PRV54438,No,1,Medium,272,226.58,0.0,61630.0,1,0,0,High volume.
PRV52145,No,1,Medium,245,248.61,0.0,60910.0,1,0,0,High volume.
PRV57410,No,1,Medium,241,239.46,0.0,57710.0,1,0,0,High volume.
PRV52386,No,1,Medium,237,233.33,0.0,55300.0,1,0,0,High volume.
PRV54237,No,1,Medium,234,224.62,0.0,52560.0,1,0,0,High volume.
PRV52342,No,0,Low,218,2991.7,23.4,652190.0,0,0,0,
PRV53774,No,0,Low,224,2631.12,22.3,589370.0,0,0,0,
PRV52402,No,0,Low,209,2761.34,27.3,577120.0,0,0,0,
PRV53776,Yes,0,Low,200,2859.8,23.5,571960.0,0,0,0,
PRV54998,Yes,0,Low,207,2722.42,28.5,563540.0,0,0,0,
PRV52076,No,0,Low,221,2507.06,25.3,554060.0,0,0,0,
PRV56713,No,0,Low,173,2889.71,31.8,499920.0,0,0,0,
PRV52157,No,0,Low,227,2178.19,18.9,494450.0,0,0,0,
PRV52314,No,0,Low,223,2041.17,17.9,455180.0,0,0,0,
PRV51086,No,0,Low,139,3209.86,22.3,446170.0,0,0,0,
PRV57709,Yes,0,Low,217,2034.7,13.8,441530.0,0,0,0,
PRV57225,No,0,Low,178,2457.98,26.4,437520.0,0,0,0,
PRV56469,No,0,Low,131,3286.72,27.5,430560.0,0,0,0,
PRV52072,No,0,Low,132,3189.62,31.1,421030.0,0,0,0,
PRV54565,No,0,Low,130,3170.23,30.0,412130.0,0,0,0,
PRV52027,No,0,Low,181,2224.42,25.4,402620.0,0,0,0,
PRV52321,Yes,0,Low,150,2601.53,22.0,390230.0,0,0,0,
PRV52815,Yes,0,Low,26,15000.0,100.0,390000.0,0,0,0,
PRV51337,Yes,0,Low,168,2256.55,23.8,379100.0,0,0,0,
PRV53807,No,0,Low,158,2373.61,22.8,375030.0,0,0,0,
PRV54942,Yes,0,Low,130,2815.15,15.4,365970.0,0,0,0,
PRV53114,Yes,0,Low,29,12575.17,48.3,364680.0,0,0,0,
PRV51031,No,0,Low,185,1944.43,15.1,359720.0,0,0,0,
PRV51342,No,0,Low,207,1723.57,13.5,356780.0,0,0,0,
PRV57492,No,0,Low,117,2974.62,30.8,348030.0,0,0,0,
PRV57425,Yes,0,Low,124,2788.06,25.8,345720.0,0,0,0,
PRV52002,Yes,0,Low,188,1825.85,12.8,343260.0,0,0,0,
PRV54074,Yes,0,Low,113,3034.42,20.4,342890.0,0,0,0,
PRV51873,Yes,0,Low,144,2371.39,18.1,341480.0,0,0,0,
PRV55189,No,0,Low,133,2555.94,27.1,339940.0,0,0,0,
PRV57179,Yes,0,Low,206,1638.16,12.6,337460.0,0,0,0,
PRV53295,Yes,0,Low,197,1695.38,14.7,333990.0,0,0,0,
PRV53141,No,0,Low,105,3168.76,30.5,332720.0,0,0,0,
PRV51165,No,0,Low,98,3364.29,26.5,329700.0,0,0,0,
PRV57642,Yes,0,Low,220,1461.23,10.5,321470.0,0,0,0,
PRV54090,No,0,Low,190,1688.11,16.8,320740.0,0,0,0,
PRV52176,No,0,Low,21,14857.14,100.0,312000.0,0,0,0,
PRV55232,No,0,Low,107,2901.12,26.2,310420.0,0,0,0,
PRV52292,Yes,0,Low,25,12120.0,100.0,303000.0,0,0,0,
PRV55392,No,0,Low,192,1573.49,12.0,302110.0,0,0,0,
PRV54718,Yes,0,Low,29,10413.79,100.0,302000.0,0,0,0,
PRV52896,No,0,Low,142,2119.15,12.0,300920.0,0,0,0,
PRV57230,Yes,0,Low,181,1655.08,14.9,299570.0,0,0,0,
PRV57533,No,0,Low,108,2773.7,20.4,299560.0,0,0,0,
PRV57166,Yes,0,Low,151,1951.66,19.2,294700.0,0,0,0,
PRV52372,No,0,Low,124,2355.16,21.8,292040.0,0,0,0,
PRV54651,Yes,0,Low,91,3206.15,23.1,291760.0,0,0,0,
PRV52147,Yes,0,Low,211,1381.52,8.5,291500.0,0,0,0,
PRV57112,No,0,Low,160,1788.88,18.8,286220.0,0,0,0,
PRV52325,Yes,0,Low,130,2167.69,20.8,281800.0,0,0,0,
PRV52366,No,0,Low,216,1300.37,11.6,280880.0,0,0,0,
PRV54379,No,0,Low,116,2419.57,24.1,280670.0,0,0,0,
PRV51434,Yes,0,Low,102,2749.9,23.5,280490.0,0,0,0,
PRV54924,No,0,Low,173,1613.99,12.1,279220.0,0,0,0,
PRV51403,No,0,Low,114,2429.91,8.8,277010.0,0,0,0,
PRV53910,No,0,Low,96,2869.58,28.1,275480.0,0,0,0,
PRV57635,No,0,Low,18,15277.78,100.0,275000.0,0,0,0,
PRV52344,No,0,Low,130,2093.46,17.7,272150.0,0,0,0,
PRV52156,No,0,Low,124,2192.82,10.5,271910.0,0,0,0,
PRV53923,Yes,0,Low,155,1744.52,19.4,270400.0,0,0,0,
PRV51261,No,0,Low,142,1902.61,18.3,270170.0,0,0,0,
PRV54561,No,0,Low,186,1449.84,13.4,269670.0,0,0,0,
PRV51447,Yes,0,Low,89,3026.85,18.0,269390.0,0,0,0,
PRV53894,Yes,0,Low,217,1235.39,6.9,268080.0,0,0,0,
PRV51818,Yes,0,Low,29,9206.9,100.0,267000.0,0,0,0,
PRV57049,Yes,0,Low,22,12116.36,81.8,266560.0,0,0,0,
PRV57017,Yes,0,Low,23,11569.57,100.0,266100.0,0,0,0,
PRV51038,No,0,Low,141,1882.91,21.3,265490.0,0,0,0,
PRV51826,Yes,0,Low,21,12619.05,100.0,265000.0,0,0,0,
PRV55996,Yes,0,Low,98,2695.2,29.6,264130.0,0,0,0,
PRV52502,Yes,0,Low,119,2192.44,21.8,260900.0,0,0,0,
PRV52112,No,0,Low,85,3056.35,28.2,259790.0,0,0,0,
PRV54354,Yes,0,Low,100,2596.2,25.0,259620.0,0,0,0,
PRV55183,No,0,Low,117,2202.99,17.9,257750.0,0,0,0,
PRV54680,Yes,0,Low,18,14277.78,100.0,257000.0,0,0,0,
PRV54065,Yes,0,Low,94,2730.0,25.5,256620.0,0,0,0,
PRV56129,No,0,Low,23,11130.43,100.0,256000.0,0,0,0,
PRV55472,Yes,0,Low,23,11090.87,91.3,255090.0,0,0,0,
PRV55516,No,0,Low,158,1613.48,13.9,254930.0,0,0,0,
PRV56210,No,0,Low,150,1698.13,20.7,254720.0,0,0,0,
PRV52566,No,0,Low,139,1813.17,15.8,252030.0,0,0,0,
PRV55195,Yes,0,Low,77,3204.29,20.8,246730.0,0,0,0,
PRV54335,No,0,Low,219,1121.87,8.7,245690.0,0,0,0,
PRV55957,Yes,0,Low,107,2275.14,20.6,243440.0,0,0,0,
PRV51809,No,0,Low,27,8963.7,100.0,242020.0,0,0,0,
PRV55028,No,0,Low,223,1084.26,9.0,241790.0,0,0,0,
PRV52115,Yes,0,Low,90,2683.33,22.2,241500.0,0,0,0,
PRV55164,No,0,Low,154,1556.88,11.0,239760.0,0,0,0,
PRV54848,No,0,Low,28,8545.36,85.7,239270.0,0,0,0,
PRV51514,No,0,Low,93,2572.26,22.6,239220.0,0,0,0,
PRV51508,No,0,Low,202,1183.42,5.9,239050.0,0,0,0,
PRV53405,No,0,Low,189,1264.6,11.1,239010.0,0,0,0,
PRV52583,No,0,Low,208,1143.22,12.5,237790.0,0,0,0,
PRV56336,No,0,Low,21,11285.71,100.0,237000.0,0,0,0,
PRV52278,No,0,Low,16,14687.5,100.0,235000.0,0,0,0,
PRV55739,No,0,Low,86,2728.37,22.1,234640.0,0,0,0,
PRV57547,Yes,0,Low,86,2721.86,20.9,234080.0,0,0,0,
PRV55662,No,0,Low,28,8321.43,100.0,233000.0,0,0,0,
PRV53239,No,0,Low,113,2058.23,16.8,232580.0,0,0,0,
PRV56121,No,0,Low,16,14312.5,100.0,229000.0,0,0,0,
PRV55659,Yes,0,Low,20,11350.0,100.0,227000.0,0,0,0,
PRV57631,Yes,0,Low,18,12611.11,100.0,227000.0,0,0,0,
PRV54637,No,0,Low,13,17384.62,100.0,226000.0,0,0,0,
PRV57208,No,0,Low,113,1987.43,8.8,224580.0,0,0,0,
PRV54064,No,0,Low,122,1821.31,13.1,222200.0,0,0,0,
PRV55817,No,0,Low,25,8880.0,100.0,222000.0,0,0,0,
PRV57204,Yes,0,Low,133,1668.95,15.8,221970.0,0,0,0,
PRV52089,Yes,0,Low,145,1528.14,10.3,221580.0,0,0,0,
PRV56819,No,0,Low,25,8836.0,96.0,220900.0,0,0,0,
PRV52972,No,0,Low,17,12941.18,100.0,220000.0,0,0,0,
PRV52723,No,0,Low,181,1214.14,9.9,219760.0,0,0,0,
PRV51482,Yes,0,Low,91,2400.77,12.1,218470.0,0,0,0,
PRV52346,No,0,Low,68,3199.12,27.9,217540.0,0,0,0,
PRV57331,No,0,Low,141,1540.43,11.3,217200.0,0,0,0,
PRV53021,Yes,0,Low,28,7748.21,64.3,216950.0,0,0,0,
PRV51084,Yes,0,Low,110,1959.82,18.2,215580.0,0,0,0,
PRV57414,No,0,Low,28,7695.0,64.3,215460.0,0,0,0,
PRV53245,Yes,0,Low,146,1471.23,11.0,214800.0,0,0,0,
PRV54078,No,0,Low,119,1801.51,16.8,214380.0,0,0,0,
PRV54055,No,0,Low,25,8560.0,100.0,214000.0,0,0,0,
PRV55567,No,0,Low,70,3055.29,30.0,213870.0,0,0,0,
PRV57525,Yes,0,Low,107,1998.32,19.6,213820.0,0,0,0,
PRV51430,No,0,Low,112,1908.04,15.2,213700.0,0,0,0,
PRV57324,No,0,Low,117,1825.21,18.8,213550.0,0,0,0,
PRV51629,No,0,Low,22,9681.82,100.0,213000.0,0,0,0,
PRV56449,No,0,Low,135,1569.48,9.6,211880.0,0,0,0,
PRV56265,No,0,Low,126,1680.63,15.9,211760.0,0,0,0,
PRV52717,No,0,Low,129,1636.67,15.5,211130.0,0,0,0,
PRV51957,No,0,Low,79,2660.63,30.4,210190.0,0,0,0,
PRV56017,No,0,Low,13,16158.46,84.6,210060.0,0,0,0,
PRV54569,No,0,Low,63,3323.02,19.0,209350.0,0,0,0,
PRV52990,Yes,0,Low,79,2634.94,27.8,208160.0,0,0,0,
PRV55821,Yes,0,Low,195,1066.51,6.7,207970.0,0,0,0,
PRV51522,No,0,Low,190,1088.32,6.3,206780.0,0,0,0,
PRV51357,Yes,0,Low,161,1274.1,8.1,205130.0,0,0,0,
PRV55664,No,0,Low,20,10250.0,100.0,205000.0,0,0,0,
PRV55896,Yes,0,Low,105,1945.81,20.0,204310.0,0,0,0,
PRV52472,No,0,Low,61,3341.15,29.5,203810.0,0,0,0,
PRV57031,No,0,Low,152,1339.47,9.9,203600.0,0,0,0,
PRV55661,No,0,Low,14,14428.57,100.0,202000.0,0,0,0,
PRV51946,No,0,Low,91,2212.86,25.3,201370.0,0,0,0,
PRV57490,No,0,Low,21,9580.95,100.0,201200.0,0,0,0,
PRV57148,No,0,Low,83,2419.64,18.1,200830.0,0,0,0,
PRV54378,No,0,Low,79,2538.1,22.8,200510.0,0,0,0,
PRV51837,No,0,Low,104,1926.06,14.4,200310.0,0,0,0,
PRV55225,Yes,0,Low,66,3021.06,13.6,199390.0,0,0,0,
PRV51811,No,0,Low,15,13266.67,100.0,199000.0,0,0,0,
PRV54558,No,0,Low,73,2711.92,20.5,197970.0,0,0,0,
PRV57717,No,0,Low,114,1735.35,13.2,197830.0,0,0,0,
PRV54929,Yes,0,Low,26,7601.15,57.7,197630.0,0,0,0,
PRV57016,No,0,Low,16,12350.0,100.0,197600.0,0,0,0,
PRV52393,No,0,Low,91,2169.56,17.6,197430.0,0,0,0,
PRV54056,Yes,0,Low,21,9380.95,100.0,197000.0,0,0,0,
PRV55658,No,0,Low,15,13093.33,100.0,196400.0,0,0,0,
PRV51285,No,0,Low,168,1167.38,8.9,196120.0,0,0,0,
PRV52876,No,0,Low,73,2684.66,24.7,195980.0,0,0,0,
PRV54328,No,0,Low,117,1675.04,14.5,195980.0,0,0,0,
PRV56020,No,0,Low,155,1263.03,9.7,195770.0,0,0,0,
PRV57162,Yes,0,Low,104,1881.54,6.7,195680.0,0,0,0,
PRV54327,Yes,0,Low,70,2791.14,18.6,195380.0,0,0,0,
PRV51436,No,0,Low,120,1611.75,20.8,193410.0,0,0,0,
PRV54658,No,0,Low,85,2265.65,31.8,192580.0,0,0,0,
PRV55027,Yes,0,Low,156,1230.71,8.3,191990.0,0,0,0,
PRV53432,No,0,Low,122,1570.33,10.7,191580.0,0,0,0,
PRV52149,No,0,Low,180,1064.17,8.9,191550.0,0,0,0,
PRV52582,No,0,Low,23,8305.22,82.6,191020.0,0,0,0,
PRV51388,No,0,Low,86,2221.05,16.3,191010.0,0,0,0,
PRV57157,No,0,Low,156,1220.9,10.3,190460.0,0,0,0,
PRV51418,No,0,Low,61,3103.93,27.9,189340.0,0,0,0,
PRV52124,Yes,0,Low,115,1645.65,6.1,189250.0,0,0,0,
PRV52405,No,0,Low,89,2124.38,24.7,189070.0,0,0,0,
PRV54099,No,0,Low,217,865.71,6.5,187860.0,0,0,0,
PRV51356,No,0,Low,95,1976.84,17.9,187800.0,0,0,0,
PRV56624,Yes,0,Low,22,8520.91,31.8,187460.0,0,0,0,
PRV52641,No,0,Low,97,1920.93,21.6,186330.0,0,0,0,
PRV56802,No,0,Low,13,14230.77,100.0,185000.0,0,0,0,
PRV54916,No,0,Low,107,1717.29,15.0,183750.0,0,0,0,
PRV52467,Yes,0,Low,103,1783.11,7.8,183660.0,0,0,0,
PRV57489,No,0,Low,17,10705.88,100.0,182000.0,0,0,0,
PRV54952,Yes,0,Low,149,1219.13,8.1,181650.0,0,0,0,
PRV57321,No,0,Low,84,2160.24,17.9,181460.0,0,0,0,
PRV54934,No,0,Low,71,2520.14,25.4,178930.0,0,0,0,
PRV55179,No,0,Low,74,2417.97,21.6,178930.0,0,0,0,
PRV54209,Yes,0,Low,151,1184.77,13.2,178900.0,0,0,0,
PRV56235,No,0,Low,171,1046.2,8.2,178900.0,0,0,0,
PRV55732,No,0,Low,111,1609.55,10.8,178660.0,0,0,0,
PRV53124,No,0,Low,65,2744.31,30.8,178380.0,0,0,0,
PRV51126,Yes,0,Low,20,8850.0,100.0,177000.0,0,0,0,
PRV56329,No,0,Low,14,12642.86,100.0,177000.0,0,0,0,
PRV51274,No,0,Low,58,3029.66,17.2,175720.0,0,0,0,
PRV57141,No,0,Low,17,10325.29,88.2,175530.0,0,0,0,
PRV52057,No,0,Low,185,939.3,5.4,173770.0,0,0,0,
PRV54200,No,0,Low,13,13314.62,100.0,173090.0,0,0,0,
PRV55121,No,0,Low,20,8653.5,100.0,173070.0,0,0,0,
PRV57023,No,0,Low,15,11533.33,100.0,173000.0,0,0,0,
PRV57295,Yes,0,Low,14,12357.14,100.0,173000.0,0,0,0,
PRV56732,Yes,0,Low,28,6175.71,46.4,172920.0,0,0,0,
PRV56684,No,0,Low,92,1870.33,17.4,172070.0,0,0,0,
PRV54059,No,0,Low,18,9555.56,100.0,172000.0,0,0,0,
PRV54875,Yes,0,Low,20,8600.0,100.0,172000.0,0,0,0,
PRV57403,No,0,Low,15,11466.67,100.0,172000.0,0,0,0,
PRV51584,Yes,0,Low,82,2096.71,15.9,171930.0,0,0,0,
PRV53297,Yes,0,Low,29,5923.1,51.7,171770.0,0,0,0,
PRV54771,Yes,0,Low,85,2018.35,14.1,171560.0,0,0,0,
PRV57523,No,0,Low,151,1125.56,9.9,169960.0,0,0,0,
PRV54213,No,0,Low,67,2527.16,31.3,169320.0,0,0,0,
PRV55690,No,0,Low,91,1851.76,16.5,168510.0,0,0,0,
PRV53613,No,0,Low,135,1247.04,11.1,168350.0,0,0,0,
PRV54297,Yes,0,Low,8,21000.0,100.0,168000.0,0,0,0,
PRV57515,No,0,Low,88,1908.75,21.6,167970.0,0,0,0,
PRV52029,No,0,Low,168,991.73,6.5,166610.0,0,0,0,
PRV52858,No,0,Low,80,2059.5,17.5,164760.0,0,0,0,
PRV52499,No,0,Low,157,1048.85,5.1,164670.0,0,0,0,
PRV54060,No,0,Low,16,10250.0,100.0,164000.0,0,0,0,
PRV54381,No,0,Low,129,1266.74,10.1,163410.0,0,0,0,
PRV54216,No,0,Low,49,3333.47,20.4,163340.0,0,0,0,
PRV53985,Yes,0,Low,197,829.09,4.1,163330.0,0,0,0,
PRV54764,No,0,Low,51,3178.04,25.5,162080.0,0,0,0,
PRV57104,Yes,0,Low,135,1197.26,7.4,161630.0,0,0,0,
PRV52074,No,0,Low,141,1146.1,7.8,161600.0,0,0,0,
PRV57284,Yes,0,Low,23,7024.78,82.6,161570.0,0,0,0,
PRV53868,No,0,Low,28,5765.0,35.7,161420.0,0,0,0,
PRV52094,No,0,Low,53,3040.0,15.1,161120.0,0,0,0,
PRV55812,Yes,0,Low,17,9470.59,100.0,161000.0,0,0,0,
PRV56259,Yes,0,Low,196,816.43,8.2,160020.0,0,0,0,
PRV57096,Yes,0,Low,11,14545.45,100.0,160000.0,0,0,0,
PRV54819,No,0,Low,25,6324.4,92.0,158110.0,0,0,0,
PRV54245,No,0,Low,173,910.12,8.1,157450.0,0,0,0,
PRV57185,Yes,0,Low,186,846.24,3.8,157400.0,0,0,0,
PRV51108,No,0,Low,19,8210.53,100.0,156000.0,0,0,0,
PRV54812,No,0,Low,12,13000.0,100.0,156000.0,0,0,0,
PRV56335,No,0,Low,18,8666.67,100.0,156000.0,0,0,0,
PRV57251,No,0,Low,15,10400.0,100.0,156000.0,0,0,0,
PRV57711,No,0,Low,23,6782.61,82.6,156000.0,0,0,0,
PRV55755,No,0,Low,86,1813.02,12.8,155920.0,0,0,0,
PRV53667,No,0,Low,9,17222.22,100.0,155000.0,0,0,0,
PRV51252,No,0,Low,87,1780.8,20.7,154930.0,0,0,0,
PRV55396,No,0,Low,75,2051.07,20.0,153830.0,0,0,0,
PRV51389,No,0,Low,79,1942.66,22.8,153470.0,0,0,0,
PRV52298,No,0,Low,218,703.21,4.1,153300.0,0,0,0,
PRV53379,Yes,0,Low,11,13909.09,100.0,153000.0,0,0,0,
PRV55972,No,0,Low,110,1386.55,17.3,152520.0,0,0,0,
PRV54461,No,0,Low,12,12666.67,100.0,152000.0,0,0,0,
PRV55124,No,0,Low,9,16888.89,100.0,152000.0,0,0,0,
PRV51259,No,0,Low,21,7236.19,19.0,151960.0,0,0,0,
PRV52910,No,0,Low,18,8422.22,55.6,151600.0,0,0,0,
PRV54965,No,0,Low,107,1415.7,8.4,151480.0,0,0,0,
PRV55196,No,0,Low,173,871.62,3.5,150790.0,0,0,0,
PRV51492,No,0,Low,81,1858.64,17.3,150550.0,0,0,0,
PRV52353,No,0,Low,48,3133.75,12.5,150420.0,0,0,0,
PRV53892,No,0,Low,119,1263.36,6.7,150340.0,0,0,0,
PRV51593,Yes,0,Low,54,2777.78,22.2,150000.0,0,0,0,
PRV53226,No,0,Low,19,7894.74,100.0,150000.0,0,0,0,
PRV52047,No,0,Low,24,6189.58,62.5,148550.0,0,0,0,
PRV55536,No,0,Low,222,668.24,5.0,148350.0,0,0,0,
PRV51102,No,0,Low,12,12333.33,100.0,148000.0,0,0,0,
PRV55375,Yes,0,Low,14,10564.29,100.0,147900.0,0,0,0,
PRV51170,Yes,0,Low,16,9113.75,50.0,145820.0,0,0,0,
PRV54686,No,0,Low,157,927.52,8.9,145620.0,0,0,0,
PRV57347,No,0,Low,145,1003.86,11.7,145560.0,0,0,0,
PRV51286,No,0,Low,70,2073.86,21.4,145170.0,0,0,0,
PRV51855,No,0,Low,120,1209.75,13.3,145170.0,0,0,0,
PRV51426,Yes,0,Low,206,704.37,2.9,145100.0,0,0,0,
PRV51355,No,0,Low,74,1960.27,20.3,145060.0,0,0,0,
PRV55149,No,0,Low,16,9062.5,100.0,145000.0,0,0,0,
PRV56895,No,0,Low,14,10357.14,92.9,145000.0,0,0,0,
PRV51391,No,0,Low,177,815.82,7.3,144400.0,0,0,0,
PRV52285,No,0,Low,19,7578.95,100.0,144000.0,0,0,0,
PRV56133,No,0,Low,15,9600.0,100.0,144000.0,0,0,0,
PRV54375,No,0,Low,56,2571.25,28.6,143990.0,0,0,0,
PRV54339,No,0,Low,123,1169.67,8.9,143870.0,0,0,0,
PRV53238,No,0,Low,195,736.36,4.6,143590.0,0,0,0,
PRV57519,No,0,Low,157,912.61,7.6,143280.0,0,0,0,
PRV55145,No,0,Low,14,10214.29,100.0,143000.0,0,0,0,
PRV56686,No,0,Low,20,7150.0,75.0,143000.0,0,0,0,
PRV52813,No,0,Low,17,8352.94,100.0,142000.0,0,0,0,
PRV54325,No,0,Low,15,9466.67,100.0,142000.0,0,0,0,
PRV56918,Yes,0,Low,7,20285.71,100.0,142000.0,0,0,0,
PRV52565,No,0,Low,137,1033.87,8.0,141640.0,0,0,0,
PRV57433,No,0,Low,70,2021.43,22.9,141500.0,0,0,0,
PRV52092,No,0,Low,159,889.75,7.5,141470.0,0,0,0,
PRV53668,Yes,0,Low,16,8825.0,100.0,141200.0,0,0,0,
PRV51277,No,0,Low,59,2393.05,16.9,141190.0,0,0,0,
PRV52130,No,0,Low,93,1517.2,10.8,141100.0,0,0,0,
PRV53855,Yes,0,Low,20,7050.0,100.0,141000.0,0,0,0,
PRV56131,No,0,Low,15,9400.0,100.0,141000.0,0,0,0,
PRV52835,No,0,Low,57,2462.46,19.3,140360.0,0,0,0,
PRV53857,No,0,Low,10,14000.0,100.0,140000.0,0,0,0,
PRV56285,No,0,Low,13,10769.23,100.0,140000.0,0,0,0,
PRV57487,No,0,Low,15,9333.33,100.0,140000.0,0,0,0,
PRV55547,No,0,Low,27,5163.7,33.3,139420.0,0,0,0,
PRV54696,No,0,Low,71,1959.86,8.5,139150.0,0,0,0,
PRV52466,No,0,Low,13,10692.31,100.0,139000.0,0,0,0,
PRV56578,No,0,Low,81,1712.72,8.6,138730.0,0,0,0,
PRV51468,No,0,Low,159,872.14,9.4,138670.0,0,0,0,
PRV51556,No,0,Low,56,2468.75,17.9,138250.0,0,0,0,
PRV51821,No,0,Low,10,13800.0,100.0,138000.0,0,0,0,
PRV52519,No,0,Low,100,1371.8,6.0,137180.0,0,0,0,
PRV57210,Yes,0,Low,43,3186.51,23.3,137020.0,0,0,0,
PRV54202,No,0,Low,10,13700.0,100.0,137000.0,0,0,0,
PRV57021,Yes,0,Low,14,9785.71,100.0,137000.0,0,0,0,
PRV51301,No,0,Low,112,1222.41,5.4,136910.0,0,0,0,
PRV54363,No,0,Low,64,2135.94,18.8,136700.0,0,0,0,
PRV54667,No,0,Low,166,823.43,5.4,136690.0,0,0,0,
PRV52302,No,0,Low,46,2962.61,23.9,136280.0,0,0,0,
PRV51118,No,0,Low,16,8500.0,100.0,136000.0,0,0,0,
PRV51979,Yes,0,Low,13,10461.54,100.0,136000.0,0,0,0,
PRV54822,Yes,0,Low,16,8500.0,100.0,136000.0,0,0,0,
PRV57205,No,0,Low,93,1458.92,12.9,135680.0,0,0,0,
PRV56591,Yes,0,Low,143,947.27,11.2,135460.0,0,0,0,
PRV54081,No,0,Low,14,9657.14,78.6,135200.0,0,0,0,
PRV56461,No,0,Low,115,1175.48,8.7,135180.0,0,0,0,
PRV51276,No,0,Low,67,1999.7,20.9,133980.0,0,0,0,
PRV57024,No,0,Low,9,14744.44,100.0,132700.0,0,0,0,
PRV51841,No,0,Low,56,2362.68,14.3,132310.0,0,0,0,
PRV51238,No,0,Low,8,16500.0,100.0,132000.0,0,0,0,
PRV55378,No,0,Low,14,9428.57,100.0,132000.0,0,0,0,
PRV55237,No,0,Low,117,1125.64,12.8,131700.0,0,0,0,
PRV56142,No,0,Low,53,2482.83,9.4,131590.0,0,0,0,
PRV51125,No,0,Low,48,2735.63,25.0,131310.0,0,0,0,
PRV53319,No,0,Low,114,1142.28,11.4,130220.0,0,0,0,
PRV52684,No,0,Low,210,619.24,2.4,130040.0,0,0,0,
PRV51827,No,0,Low,18,7222.22,100.0,130000.0,0,0,0,
PRV55604,No,0,Low,17,7647.06,100.0,130000.0,0,0,0,
PRV51336,No,0,Low,69,1876.09,14.5,129450.0,0,0,0,
PRV55678,No,0,Low,16,8080.63,56.3,129290.0,0,0,0,
PRV52446,No,0,Low,10,12900.0,100.0,129000.0,0,0,0,
PRV55382,No,0,Low,8,16125.0,100.0,129000.0,0,0,0,
PRV55791,No,0,Low,10,12900.0,100.0,129000.0,0,0,0,
PRV52291,No,0,Low,18,7111.11,94.4,128000.0,0,0,0,
PRV54968,No,0,Low,49,2608.57,20.4,127820.0,0,0,0,
PRV54906,No,0,Low,22,5779.55,36.4,127150.0,0,0,0,
PRV54720,No,0,Low,9,14111.11,100.0,127000.0,0,0,0,
PRV56889,No,0,Low,50,2531.0,10.0,126550.0,0,0,0,
PRV55042,No,0,Low,124,1018.55,6.5,126300.0,0,0,0,
PRV56614,No,0,Low,26,4850.0,57.7,126100.0,0,0,0,
PRV52449,No,0,Low,6,21000.0,100.0,126000.0,0,0,0,
PRV53308,No,0,Low,45,2799.78,15.6,125990.0,0,0,0,
PRV52362,No,0,Low,154,815.78,5.8,125630.0,0,0,0,
PRV51070,No,0,Low,99,1266.77,10.1,125410.0,0,0,0,
PRV55666,No,0,Low,19,6578.95,100.0,125000.0,0,0,0,
PRV55506,Yes,0,Low,14,8924.29,85.7,124940.0,0,0,0,
PRV52107,No,0,Low,119,1048.4,8.4,124760.0,0,0,0,
PRV51081,No,0,Low,200,620.4,3.0,124080.0,0,0,0,
PRV51550,No,0,Low,61,2033.44,26.2,124040.0,0,0,0,
PRV56548,No,0,Low,8,15500.0,100.0,124000.0,0,0,0,
PRV51377,No,0,Low,95,1304.74,3.2,123950.0,0,0,0,
PRV56719,Yes,0,Low,67,1844.78,14.9,123600.0,0,0,0,
PRV53388,No,0,Low,122,1010.98,9.0,123340.0,0,0,0,
PRV56733,No,0,Low,198,622.73,6.1,123300.0,0,0,0,
PRV52144,No,0,Low,134,918.88,9.0,123130.0,0,0,0,
PRV55836,No,0,Low,82,1497.44,18.3,122790.0,0,0,0,
PRV57629,No,0,Low,10,12230.0,100.0,122300.0,0,0,0,
PRV53397,Yes,0,Low,14,8733.57,21.4,122270.0,0,0,0,
PRV53917,No,0,Low,200,611.0,3.5,122200.0,0,0,0,
PRV52387,No,0,Low,63,1932.38,20.6,121740.0,0,0,0,
PRV56046,No,0,Low,20,6084.0,70.0,121680.0,0,0,0,
PRV53153,No,0,Low,24,5067.92,25.0,121630.0,0,0,0,
PRV56574,No,0,Low,62,1954.52,19.4,121180.0,0,0,0,
PRV57521,No,0,Low,111,1091.44,10.8,121150.0,0,0,0,
PRV51710,No,0,Low,17,7122.35,82.4,121080.0,0,0,0,
PRV52195,Yes,0,Low,10,12000.0,100.0,120000.0,0,0,0,
PRV55160,No,0,Low,10,12000.0,100.0,120000.0,0,0,0,
PRV56119,No,0,Low,11,10909.09,100.0,120000.0,0,0,0,
PRV56130,No,0,Low,17,7058.82,100.0,120000.0,0,0,0,
PRV52552,No,0,Low,55,2179.45,20.0,119870.0,0,0,0,
PRV55442,No,0,Low,61,1964.75,24.6,119850.0,0,0,0,
PRV55240,No,0,Low,163,735.21,6.7,119840.0,0,0,0,
PRV55983,No,0,Low,22,5439.55,36.4,119670.0,0,0,0,
PRV57369,No,0,Low,28,4262.5,39.3,119350.0,0,0,0,
PRV51072,No,0,Low,212,562.12,5.7,119170.0,0,0,0,
PRV57217,No,0,Low,62,1920.32,14.5,119060.0,0,0,0,
PRV56870,No,0,Low,13,9153.85,100.0,119000.0,0,0,0,
PRV51025,No,0,Low,87,1360.34,14.9,118350.0,0,0,0,
PRV54846,No,0,Low,42,2807.86,21.4,117930.0,0,0,0,
PRV54757,No,0,Low,65,1804.46,23.1,117290.0,0,0,0,
PRV51242,Yes,0,Low,111,1055.86,9.9,117200.0,0,0,0,
PRV52457,No,0,Low,9,13000.0,100.0,117000.0,0,0,0,
PRV57303,No,0,Low,105,1112.95,10.5,116860.0,0,0,0,
PRV53873,No,0,Low,82,1422.56,17.1,116650.0,0,0,0,
PRV56763,No,0,Low,26,4480.38,50.0,116490.0,0,0,0,
PRV52167,No,0,Low,80,1454.88,11.3,116390.0,0,0,0,
PRV54073,No,0,Low,44,2645.23,15.9,116390.0,0,0,0,
PRV56118,No,0,Low,14,8285.71,100.0,116000.0,0,0,0,
PRV53120,No,0,Low,65,1783.85,15.4,115950.0,0,0,0,
PRV52688,No,0,Low,59,1960.51,10.2,115670.0,0,0,0,
PRV51448,No,0,Low,51,2265.69,21.6,115550.0,0,0,0,
PRV57197,No,0,Low,100,1155.4,8.0,115540.0,0,0,0,
PRV53417,Yes,0,Low,171,673.04,4.1,115090.0,0,0,0,
PRV56456,No,0,Low,46,2493.7,30.4,114710.0,0,0,0,
PRV57357,No,0,Low,16,7168.75,93.8,114700.0,0,0,0,
PRV51387,No,0,Low,59,1939.32,22.0,114420.0,0,0,0,
PRV57729,No,0,Low,23,4969.57,47.8,114300.0,0,0,0,
PRV54208,No,0,Low,27,4228.15,37.0,114160.0,0,0,0,
PRV52165,Yes,0,Low,72,1584.17,13.9,114060.0,0,0,0,
PRV52918,No,0,Low,22,5182.27,59.1,114010.0,0,0,0,
PRV52197,No,0,Low,10,11400.0,100.0,114000.0,0,0,0,
PRV52334,No,0,Low,67,1701.19,11.9,113980.0,0,0,0,
PRV51338,Yes,0,Low,128,889.53,5.5,113860.0,0,0,0,
PRV52509,No,0,Low,63,1807.14,9.5,113850.0,0,0,0,
PRV55900,No,0,Low,19,5990.0,42.1,113810.0,0,0,0,
PRV56916,No,0,Low,11,10336.36,100.0,113700.0,0,0,0,
PRV52118,No,0,Low,52,2185.77,7.7,113660.0,0,0,0,
PRV51455,No,0,Low,34,3342.65,26.5,113650.0,0,0,0,
PRV52419,No,0,Low,112,1013.13,4.5,113470.0,0,0,0,
PRV51305,No,0,Low,49,2314.29,22.4,113400.0,0,0,0,
PRV56777,No,0,Low,44,2571.59,29.5,113150.0,0,0,0,
PRV54576,No,0,Low,16,7068.75,87.5,113100.0,0,0,0,
PRV51551,No,0,Low,28,4028.57,17.9,112800.0,0,0,0,
PRV54567,No,0,Low,57,1977.02,10.5,112690.0,0,0,0,
PRV51639,No,0,Low,29,3880.0,41.4,112520.0,0,0,0,
PRV57567,No,0,Low,12,9357.5,58.3,112290.0,0,0,0,
PRV55147,Yes,0,Low,6,18700.0,100.0,112200.0,0,0,0,
PRV55185,No,0,Low,206,544.51,2.4,112170.0,0,0,0,
PRV53243,No,0,Low,75,1490.13,12.0,111760.0,0,0,0,
PRV54828,Yes,0,Low,60,1860.17,5.0,111610.0,0,0,0,
PRV53070,No,0,Low,20,5576.5,60.0,111530.0,0,0,0,
PRV56412,No,0,Low,112,994.29,8.0,111360.0,0,0,0,
PRV51617,No,0,Low,22,5057.73,50.0,111270.0,0,0,0,
PRV51828,No,0,Low,11,10090.91,100.0,111000.0,0,0,0,
PRV55128,No,0,Low,8,13875.0,100.0,111000.0,0,0,0,
PRV51546,No,0,Low,36,3081.39,25.0,110930.0,0,0,0,
PRV51609,No,0,Low,75,1477.2,16.0,110790.0,0,0,0,
PRV56411,No,0,Low,75,1475.33,5.3,110650.0,0,0,0,
PRV56628,No,0,Low,101,1093.27,8.9,110420.0,0,0,0,
PRV51845,No,0,Low,45,2450.67,24.4,110280.0,0,0,0,
PRV56749,No,0,Low,28,3936.07,39.3,110210.0,0,0,0,
PRV55981,No,0,Low,54,2039.63,27.8,110140.0,0,0,0,
PRV51813,No,0,Low,10,11000.0,100.0,110000.0,0,0,0,
PRV53220,No,0,Low,5,22000.0,100.0,110000.0,0,0,0,
PRV54639,No,0,Low,13,8461.54,100.0,110000.0,0,0,0,
PRV55673,Yes,0,Low,60,1833.33,15.0,110000.0,0,0,0,
PRV56731,Yes,0,Low,20,5485.0,20.0,109700.0,0,0,0,
PRV56734,No,0,Low,22,4986.36,45.5,109700.0,0,0,0,
PRV51046,No,0,Low,38,2878.16,21.1,109370.0,0,0,0,
PRV57526,No,0,Low,202,541.14,1.0,109310.0,0,0,0,
PRV55780,No,0,Low,52,2100.38,11.5,109220.0,0,0,0,
PRV56583,No,0,Low,24,4544.58,54.2,109070.0,0,0,0,
PRV57757,No,0,Low,11,9909.09,100.0,109000.0,0,0,0,
PRV52892,No,0,Low,36,3019.17,19.4,108690.0,0,0,0,
PRV52181,Yes,0,Low,27,4023.7,37.0,108640.0,0,0,0,
PRV52602,No,0,Low,79,1373.67,11.4,108520.0,0,0,0,
PRV51383,No,0,Low,77,1408.96,11.7,108490.0,0,0,0,
PRV55180,No,0,Low,127,853.86,5.5,108440.0,0,0,0,
PRV55132,No,0,Low,10,10800.0,100.0,108000.0,0,0,0,
PRV57073,No,0,Low,10,10800.0,100.0,108000.0,0,0,0,
PRV56711,Yes,0,Low,63,1713.49,12.7,107950.0,0,0,0,
PRV52084,No,0,Low,34,3169.12,29.4,107750.0,0,0,0,
PRV54232,No,0,Low,42,2565.48,19.0,107750.0,0,0,0,
PRV51300,No,0,Low,52,2068.08,13.5,107540.0,0,0,0,
PRV51058,No,0,Low,83,1289.52,6.0,107030.0,0,0,0,
PRV56395,No,0,Low,7,15285.71,100.0,107000.0,0,0,0,
PRV57124,No,0,Low,58,1843.79,15.5,106940.0,0,0,0,
PRV56173,No,0,Low,44,2425.45,13.6,106720.0,0,0,0,
PRV51929,No,0,Low,111,960.63,7.2,106630.0,0,0,0,
PRV55826,No,0,Low,26,4091.92,15.4,106390.0,0,0,0,
PRV51440,No,0,Low,71,1498.31,9.9,106380.0,0,0,0,
PRV57216,No,0,Low,82,1295.85,12.2,106260.0,0,0,0,
PRV56347,No,0,Low,51,2080.59,17.6,106110.0,0,0,0,
PRV56811,No,0,Low,62,1710.48,12.9,106050.0,0,0,0,
PRV56161,Yes,0,Low,47,2247.66,27.7,105640.0,0,0,0,
PRV56361,Yes,0,Low,114,925.88,6.1,105550.0,0,0,0,
PRV51568,No,0,Low,58,1810.52,15.5,105010.0,0,0,0,
PRV54103,Yes,0,Low,187,561.12,4.3,104930.0,0,0,0,
PRV51001,No,0,Low,25,4185.6,20.0,104640.0,0,0,0,
PRV51142,No,0,Low,51,2050.39,13.7,104570.0,0,0,0,
PRV52469,No,0,Low,184,567.5,3.3,104420.0,0,0,0,
PRV57320,No,0,Low,38,2745.0,26.3,104310.0,0,0,0,
PRV51406,No,0,Low,29,3595.17,27.6,104260.0,0,0,0,
PRV51497,No,0,Low,15,6946.0,26.7,104190.0,0,0,0,
PRV52991,No,0,Low,59,1762.2,13.6,103970.0,0,0,0,
PRV54901,No,0,Low,25,4158.4,32.0,103960.0,0,0,0,
PRV53107,No,0,Low,15,6892.67,60.0,103390.0,0,0,0,
PRV55830,No,0,Low,10,10312.0,80.0,103120.0,0,0,0,
PRV57146,No,0,Low,9,11444.44,100.0,103000.0,0,0,0,
PRV51266,No,0,Low,92,1118.48,10.9,102900.0,0,0,0,
PRV52348,No,0,Low,67,1534.18,13.4,102790.0,0,0,0,
PRV51128,No,0,Low,50,2044.4,10.0,102220.0,0,0,0,
PRV52445,Yes,0,Low,5,20400.0,100.0,102000.0,0,0,0,
PRV55136,No,0,Low,8,12750.0,100.0,102000.0,0,0,0,
PRV51622,No,0,Low,103,987.28,8.7,101690.0,0,0,0,
PRV53444,No,0,Low,27,3751.85,37.0,101300.0,0,0,0,
PRV51919,No,0,Low,6,16833.33,100.0,101000.0,0,0,0,
PRV56800,No,0,Low,57,1768.95,12.3,100830.0,0,0,0,
PRV54276,No,0,Low,77,1309.22,5.2,100810.0,0,0,0,
PRV54102,No,0,Low,23,4379.13,39.1,100720.0,0,0,0,
PRV51920,Yes,0,Low,18,5594.44,50.0,100700.0,0,0,0,
PRV54889,No,0,Low,56,1796.07,12.5,100580.0,0,0,0,
PRV54426,No,0,Low,24,4182.92,37.5,100390.0,0,0,0,
PRV54845,Yes,0,Low,41,2445.85,19.5,100280.0,0,0,0,
PRV53283,No,0,Low,97,1033.2,3.1,100220.0,0,0,0,
PRV56753,No,0,Low,24,4170.0,37.5,100080.0,0,0,0,
PRV54824,No,0,Low,10,10000.0,100.0,100000.0,0,0,0,
PRV57082,No,0,Low,5,20000.0,100.0,100000.0,0,0,0,
PRV57293,No,0,Low,12,8333.33,100.0,100000.0,0,0,0,
PRV57382,No,0,Low,79,1263.42,6.3,99810.0,0,0,0,
PRV51258,No,0,Low,14,7118.57,57.1,99660.0,0,0,0,
PRV56544,No,0,Low,20,4981.5,90.0,99630.0,0,0,0,
PRV55675,No,0,Low,83,1190.84,2.4,98840.0,0,0,0,
PRV52357,No,0,Low,105,941.24,7.6,98830.0,0,0,0,
PRV53590,No,0,Low,19,5201.05,36.8,98820.0,0,0,0,
PRV52495,No,0,Low,15,6586.67,80.0,98800.0,0,0,0,
PRV52609,Yes,0,Low,133,742.03,3.8,98690.0,0,0,0,
PRV52155,No,0,Low,62,1588.55,19.4,98490.0,0,0,0,
PRV53889,No,0,Low,195,505.03,4.6,98480.0,0,0,0,
PRV54691,No,0,Low,67,1467.31,10.4,98310.0,0,0,0,
PRV51807,No,0,Low,7,14000.0,100.0,98000.0,0,0,0,
PRV55670,Yes,0,Low,9,10888.89,100.0,98000.0,0,0,0,
PRV55944,No,0,Low,26,3764.23,42.3,97870.0,0,0,0,
PRV51576,No,0,Low,65,1504.31,7.7,97780.0,0,0,0,
PRV56338,No,0,Low,10,9740.0,100.0,97400.0,0,0,0,
PRV51446,No,0,Low,24,4057.92,50.0,97390.0,0,0,0,
PRV52549,No,0,Low,156,622.82,3.8,97160.0,0,0,0,
PRV56057,No,0,Low,9,10777.78,100.0,97000.0,0,0,0,
PRV56563,No,0,Low,30,3229.67,26.7,96890.0,0,0,0,
PRV51173,Yes,0,Low,22,4376.82,31.8,96290.0,0,0,0,
PRV55439,No,0,Low,224,429.87,0.0,96290.0,0,0,0,
PRV51944,No,0,Low,124,775.0,4.0,96100.0,0,0,0,
PRV54284,No,0,Low,113,850.44,7.1,96100.0,0,0,0,
PRV52696,No,0,Low,3,32000.0,100.0,96000.0,0,0,0,
PRV53233,No,0,Low,13,7384.62,100.0,96000.0,0,0,0,
PRV53236,No,0,Low,9,10666.67,100.0,96000.0,0,0,0,
PRV57174,No,0,Low,54,1776.48,22.2,95930.0,0,0,0,
PRV56764,No,0,Low,201,476.02,2.5,95680.0,0,0,0,
PRV53920,No,0,Low,221,432.62,1.4,95610.0,0,0,0,
PRV54832,Yes,0,Low,60,1587.33,8.3,95240.0,0,0,0,
PRV55833,No,0,Low,144,658.68,2.8,94850.0,0,0,0,
PRV57196,No,0,Low,68,1394.56,14.7,94830.0,0,0,0,
PRV55519,Yes,0,Low,23,4117.83,30.4,94710.0,0,0,0,
PRV55234,No,0,Low,184,514.13,3.8,94600.0,0,0,0,
PRV56606,No,0,Low,64,1477.34,14.1,94550.0,0,0,0,
PRV51180,No,0,Low,129,730.54,1.6,94240.0,0,0,0,
PRV51360,No,0,Low,29,3249.31,31.0,94230.0,0,0,0,
PRV52869,No,0,Low,62,1518.06,11.3,94120.0,0,0,0,
PRV51552,No,0,Low,62,1516.77,16.1,94040.0,0,0,0,
PRV51240,No,0,Low,60,1567.0,18.3,94020.0,0,0,0,
PRV54930,No,0,Low,211,443.46,2.4,93570.0,0,0,0,
PRV53867,No,0,Low,13,7174.62,69.2,93270.0,0,0,0,
PRV51371,No,0,Low,46,2024.57,23.9,93130.0,0,0,0,
PRV55753,No,0,Low,40,2325.0,20.0,93000.0,0,0,0,
PRV56533,No,0,Low,15,6200.0,100.0,93000.0,0,0,0,
PRV51862,No,0,Low,20,4643.5,40.0,92870.0,0,0,0,
PRV53442,No,0,Low,46,2015.87,17.4,92730.0,0,0,0,
PRV55543,No,0,Low,141,656.74,2.8,92600.0,0,0,0,
PRV56015,No,0,Low,149,621.48,4.0,92600.0,0,0,0,
PRV53314,No,0,Low,57,1622.63,7.0,92490.0,0,0,0,
PRV53448,No,0,Low,64,1444.22,15.6,92430.0,0,0,0,
PRV51260,No,0,Low,62,1490.16,4.8,92390.0,0,0,0,
PRV54076,No,0,Low,52,1768.65,17.3,91970.0,0,0,0,
PRV51676,No,0,Low,138,666.09,2.2,91920.0,0,0,0,
PRV53943,No,0,Low,109,842.2,7.3,91800.0,0,0,0,
PRV57558,No,0,Low,57,1606.84,14.0,91590.0,0,0,0,
PRV51401,Yes,0,Low,42,2179.05,19.0,91520.0,0,0,0,
PRV54089,No,0,Low,41,2225.12,17.1,91230.0,0,0,0,
PRV51864,No,0,Low,133,684.89,4.5,91090.0,0,0,0,
PRV53635,No,0,Low,54,1678.89,9.3,90660.0,0,0,0,
PRV56256,No,0,Low,55,1648.18,20.0,90650.0,0,0,0,
PRV52562,No,0,Low,87,1041.61,6.9,90620.0,0,0,0,
PRV51241,No,0,Low,60,1503.5,16.7,90210.0,0,0,0,
PRV53986,No,0,Low,45,2001.33,24.4,90060.0,0,0,0,
PRV51566,No,0,Low,26,3462.69,57.7,90030.0,0,0,0,
PRV52286,No,0,Low,5,18000.0,100.0,90000.0,0,0,0,
PRV52460,No,0,Low,13,6923.08,100.0,90000.0,0,0,0,
PRV55387,No,0,Low,6,15000.0,100.0,90000.0,0,0,0,
PRV56058,No,0,Low,11,8181.82,100.0,90000.0,0,0,0,
PRV56912,No,0,Low,7,12857.14,100.0,90000.0,0,0,0,
PRV52111,No,0,Low,85,1058.35,10.6,89960.0,0,0,0,
PRV54259,No,0,Low,29,3100.0,41.4,89900.0,0,0,0,
PRV54909,No,0,Low,27,3328.15,29.6,89860.0,0,0,0,
PRV56207,No,0,Low,95,942.32,3.2,89520.0,0,0,0,
PRV54977,No,0,Low,53,1681.89,9.4,89140.0,0,0,0,
PRV57234,No,0,Low,24,3712.5,37.5,89100.0,0,0,0,
PRV53248,No,0,Low,57,1559.47,8.8,88890.0,0,0,0,
PRV53408,No,0,Low,47,1888.94,21.3,88780.0,0,0,0,
PRV53103,No,0,Low,79,1119.49,8.9,88440.0,0,0,0,
PRV53268,No,0,Low,74,1192.3,9.5,88230.0,0,0,0,
PRV54661,No,0,Low,19,4642.11,15.8,88200.0,0,0,0,
PRV57732,No,0,Low,50,1762.8,22.0,88140.0,0,0,0,
PRV56023,Yes,0,Low,42,2096.9,16.7,88070.0,0,0,0,
PRV54743,Yes,0,Low,80,1093.38,8.8,87470.0,0,0,0,
PRV52476,No,0,Low,26,3357.69,23.1,87300.0,0,0,0,
PRV53100,No,0,Low,130,668.31,3.8,86880.0,0,0,0,
PRV56102,No,0,Low,36,2410.83,22.2,86790.0,0,0,0,
PRV57109,No,0,Low,86,1009.19,7.0,86790.0,0,0,0,
PRV54959,No,0,Low,95,910.63,7.4,86510.0,0,0,0,
PRV56751,No,0,Low,84,1028.69,6.0,86410.0,0,0,0,
PRV52500,No,0,Low,126,685.0,5.6,86310.0,0,0,0,
PRV52392,No,0,Low,127,677.01,3.9,85980.0,0,0,0,
PRV56724,No,0,Low,26,3302.31,23.1,85860.0,0,0,0,
PRV54926,No,0,Low,47,1821.7,17.0,85620.0,0,0,0,
PRV55864,No,0,Low,89,959.55,4.5,85400.0,0,0,0,
PRV55140,No,0,Low,9,9444.44,100.0,85000.0,0,0,0,
PRV57593,No,0,Low,26,3265.77,23.1,84910.0,0,0,0,
PRV55930,No,0,Low,45,1879.56,15.6,84580.0,0,0,0,
PRV51884,No,0,Low,44,1921.14,11.4,84530.0,0,0,0,
PRV56124,No,0,Low,6,14000.0,100.0,84000.0,0,0,0,
PRV54361,Yes,0,Low,40,2091.0,17.5,83640.0,0,0,0,
PRV51245,No,0,Low,173,483.41,2.3,83630.0,0,0,0,
PRV54891,No,0,Low,50,1667.6,12.0,83380.0,0,0,0,
PRV56269,No,0,Low,17,4895.88,47.1,83230.0,0,0,0,
PRV55700,No,0,Low,30,2767.67,10.0,83030.0,0,0,0,
PRV57285,No,0,Low,8,10375.0,100.0,83000.0,0,0,0,
PRV53620,No,0,Low,128,647.27,4.7,82850.0,0,0,0,
PRV54253,No,0,Low,14,5917.86,28.6,82850.0,0,0,0,
PRV52865,No,0,Low,66,1254.39,9.1,82790.0,0,0,0,
PRV53628,No,0,Low,202,409.8,2.0,82780.0,0,0,0,
PRV52611,No,0,Low,16,5172.5,56.3,82760.0,0,0,0,
PRV57126,No,0,Low,43,1921.4,23.3,82620.0,0,0,0,
PRV53129,No,0,Low,46,1794.57,6.5,82550.0,0,0,0,
PRV54084,No,0,Low,49,1679.8,16.3,82310.0,0,0,0,
PRV53941,No,0,Low,77,1067.01,7.8,82160.0,0,0,0,
PRV51549,No,0,Low,21,3910.0,38.1,82110.0,0,0,0,
PRV54638,No,0,Low,6,13666.67,100.0,82000.0,0,0,0,
PRV57211,No,0,Low,111,738.11,7.2,81930.0,0,0,0,
PRV57127,No,0,Low,22,3705.91,36.4,81530.0,0,0,0,
PRV53320,No,0,Low,62,1311.94,4.8,81340.0,0,0,0,
PRV53443,No,0,Low,215,378.09,0.0,81290.0,0,0,0,
PRV51121,No,0,Low,7,11582.86,85.7,81080.0,0,0,0,
PRV54910,No,0,Low,215,376.19,1.4,80880.0,0,0,0,
PRV57702,No,0,Low,15,5388.67,46.7,80830.0,0,0,0,
PRV51302,No,0,Low,43,1876.98,23.3,80710.0,0,0,0,
PRV51168,No,0,Low,87,924.94,10.3,80470.0,0,0,0,
PRV55213,No,0,Low,81,992.47,3.7,80390.0,0,0,0,
PRV56546,No,0,Low,9,8888.89,100.0,80000.0,0,0,0,
PRV52312,No,0,Low,214,372.94,0.0,79810.0,0,0,0,
PRV54905,No,0,Low,149,534.36,2.7,79620.0,0,0,0,
PRV56408,No,0,Low,68,1170.15,4.4,79570.0,0,0,0,
PRV54768,No,0,Low,32,2481.88,21.9,79420.0,0,0,0,
PRV55430,Yes,0,Low,7,11285.71,100.0,79000.0,0,0,0,
PRV54267,No,0,Low,226,349.38,0.0,78960.0,0,0,0,
PRV57224,No,0,Low,214,368.97,0.9,78960.0,0,0,0,
PRV52267,No,0,Low,10,7890.0,100.0,78900.0,0,0,0,
PRV57643,No,0,Low,109,723.58,6.4,78870.0,0,0,0,
PRV57719,No,0,Low,23,3427.39,17.4,78830.0,0,0,0,
PRV52180,No,0,Low,62,1269.68,8.1,78720.0,0,0,0,
PRV56403,Yes,0,Low,34,2313.53,29.4,78660.0,0,0,0,
PRV52401,No,0,Low,141,556.03,2.8,78400.0,0,0,0,
PRV55152,No,0,Low,10,7830.0,100.0,78300.0,0,0,0,
PRV51078,No,0,Low,23,3403.04,39.1,78270.0,0,0,0,
PRV56490,No,0,Low,14,5583.57,78.6,78170.0,0,0,0,
PRV51619,No,0,Low,19,4113.16,42.1,78150.0,0,0,0,
PRV51608,No,0,Low,37,2111.89,24.3,78140.0,0,0,0,
PRV53252,No,0,Low,77,1014.16,5.2,78090.0,0,0,0,
PRV52420,Yes,0,Low,141,553.55,0.0,78050.0,0,0,0,
PRV51100,No,0,Low,5,15600.0,100.0,78000.0,0,0,0,
PRV55003,No,0,Low,76,1024.34,6.6,77850.0,0,0,0,
PRV53942,No,0,Low,25,3104.8,32.0,77620.0,0,0,0,
PRV54251,No,0,Low,47,1650.85,12.8,77590.0,0,0,0,
PRV51602,No,0,Low,39,1986.67,30.8,77480.0,0,0,0,
PRV51282,No,0,Low,59,1310.68,13.6,77330.0,0,0,0,
PRV56003,No,0,Low,12,6431.67,66.7,77180.0,0,0,0,
PRV51297,No,0,Low,70,1101.29,7.1,77090.0,0,0,0,
PRV51585,No,0,Low,6,12846.67,66.7,77080.0,0,0,0,
PRV52282,No,0,Low,6,12833.33,100.0,77000.0,0,0,0,
PRV57182,No,0,Low,76,1013.16,6.6,77000.0,0,0,0,
PRV55839,No,0,Low,186,411.99,1.6,76630.0,0,0,0,
PRV51065,No,0,Low,28,2734.64,35.7,76570.0,0,0,0,
PRV55304,No,0,Low,204,374.17,0.0,76330.0,0,0,0,
PRV55208,No,0,Low,53,1439.62,13.2,76300.0,0,0,0,
PRV51247,No,0,Low,34,2242.35,29.4,76240.0,0,0,0,
PRV56355,No,0,Low,115,662.0,3.5,76130.0,0,0,0,
PRV52810,No,0,Low,6,12666.67,100.0,76000.0,0,0,0,
PRV55948,No,0,Low,28,2712.86,14.3,75960.0,0,0,0,
PRV51525,No,0,Low,61,1242.13,8.2,75770.0,0,0,0,
PRV54950,Yes,0,Low,18,4188.89,27.8,75400.0,0,0,0,
PRV53033,No,0,Low,2,37500.0,100.0,75000.0,0,0,0,
PRV54052,No,0,Low,6,12500.0,100.0,75000.0,0,0,0,
PRV57078,No,0,Low,10,7500.0,100.0,75000.0,0,0,0,
PRV57600,No,0,Low,51,1470.59,17.6,75000.0,0,0,0,
PRV53489,No,0,Low,20,3743.5,25.0,74870.0,0,0,0,
PRV53284,No,0,Low,148,505.27,4.1,74780.0,0,0,0,
PRV54402,No,0,Low,56,1330.71,10.7,74520.0,0,0,0,
PRV54620,No,0,Low,13,5732.31,53.8,74520.0,0,0,0,
PRV51040,No,0,Low,86,865.93,10.5,74470.0,0,0,0,
PRV54890,No,0,Low,77,965.19,5.2,74320.0,0,0,0,
PRV54425,No,0,Low,18,4127.78,22.2,74300.0,0,0,0,
PRV51467,No,0,Low,25,2970.4,28.0,74260.0,0,0,0,
PRV54640,No,0,Low,19,3908.42,36.8,74260.0,0,0,0,
PRV57404,No,0,Low,46,1614.13,19.6,74250.0,0,0,0,
PRV53399,Yes,0,Low,33,2246.06,21.2,74120.0,0,0,0,
PRV56754,No,0,Low,109,679.36,8.3,74050.0,0,0,0,
PRV53378,No,0,Low,10,7400.0,100.0,74000.0,0,0,0,
PRV51444,No,0,Low,42,1760.0,9.5,73920.0,0,0,0,
PRV57677,No,0,Low,226,326.99,0.0,73900.0,0,0,0,
PRV56238,No,0,Low,31,2377.1,12.9,73690.0,0,0,0,
PRV55188,No,0,Low,207,354.93,1.9,73470.0,0,0,0,
PRV56170,No,0,Low,18,4076.11,44.4,73370.0,0,0,0,
PRV52999,No,0,Low,56,1307.32,14.3,73210.0,0,0,0,
PRV57108,No,0,Low,49,1493.27,10.2,73170.0,0,0,0,
PRV51475,No,0,Low,43,1700.7,25.6,73130.0,0,0,0,
PRV52916,No,0,Low,26,2812.69,23.1,73130.0,0,0,0,
PRV52127,No,0,Low,15,4870.0,33.3,73050.0,0,0,0,
PRV52503,No,0,Low,78,933.33,6.4,72800.0,0,0,0,
PRV56643,No,0,Low,24,3028.75,33.3,72690.0,0,0,0,
PRV51586,Yes,0,Low,8,9063.75,75.0,72510.0,0,0,0,
PRV56726,No,0,Low,16,4527.5,18.8,72440.0,0,0,0,
PRV57638,No,0,Low,9,8044.44,100.0,72400.0,0,0,0,
PRV52518,No,0,Low,51,1418.43,2.0,72340.0,0,0,0,
PRV57375,No,0,Low,81,891.6,7.4,72220.0,0,0,0,
PRV55927,No,0,Low,212,340.47,0.0,72180.0,0,0,0,
PRV54898,No,0,Low,9,8000.0,100.0,72000.0,0,0,0,
PRV55793,No,0,Low,6,12000.0,100.0,72000.0,0,0,0,
PRV51153,No,0,Low,87,821.72,4.6,71490.0,0,0,0,
PRV56796,No,0,Low,92,777.07,3.3,71490.0,0,0,0,
PRV57350,No,0,Low,46,1551.96,19.6,71390.0,0,0,0,
PRV56473,No,0,Low,55,1296.55,12.7,71310.0,0,0,0,
PRV55456,No,0,Low,6,11883.33,83.3,71300.0,0,0,0,
PRV51634,No,0,Low,119,597.39,4.2,71090.0,0,0,0,
PRV52647,No,0,Low,75,947.6,9.3,71070.0,0,0,0,
PRV51532,No,0,Low,32,2216.56,18.8,70930.0,0,0,0,
PRV52326,No,0,Low,14,5055.0,57.1,70770.0,0,0,0,
PRV53963,No,0,Low,39,1811.79,10.3,70660.0,0,0,0,
PRV57156,No,0,Low,215,328.23,0.0,70570.0,0,0,0,
PRV52644,No,0,Low,31,2275.16,29.0,70530.0,0,0,0,
PRV56354,No,0,Low,11,6406.36,27.3,70470.0,0,0,0,
PRV53997,No,0,Low,172,408.31,0.0,70230.0,0,0,0,
PRV55438,No,0,Low,219,320.5,0.0,70190.0,0,0,0,
PRV56729,No,0,Low,219,320.0,0.0,70080.0,0,0,0,
PRV55742,No,0,Low,75,934.0,8.0,70050.0,0,0,0,
PRV53591,No,0,Low,6,11666.67,100.0,70000.0,0,0,0,
PRV53598,No,0,Low,8,8750.0,100.0,70000.0,0,0,0,
PRV55383,No,0,Low,8,8750.0,100.0,70000.0,0,0,0,
PRV55385,No,0,Low,8,8750.0,100.0,70000.0,0,0,0,
PRV56914,No,0,Low,6,11666.67,100.0,70000.0,0,0,0,
PRV57144,No,0,Low,8,8750.0,100.0,70000.0,0,0,0,
PRV57145,No,0,Low,4,17500.0,100.0,70000.0,0,0,0,
PRV54106,No,0,Low,39,1792.56,12.8,69910.0,0,0,0,
PRV54340,No,0,Low,96,728.13,3.1,69900.0,0,0,0,
PRV55434,No,0,Low,40,1745.0,20.0,69800.0,0,0,0,
PRV51449,No,0,Low,17,4104.71,52.9,69780.0,0,0,0,
PRV53456,No,0,Low,29,2402.41,17.2,69670.0,0,0,0,
PRV52028,No,0,Low,18,3862.78,22.2,69530.0,0,0,0,
PRV53108,No,0,Low,48,1446.88,10.4,69450.0,0,0,0,
PRV52933,Yes,0,Low,8,8673.75,50.0,69390.0,0,0,0,
PRV52166,No,0,Low,100,693.0,7.0,69300.0,0,0,0,
PRV56696,No,0,Low,34,2035.88,20.6,69220.0,0,0,0,
PRV51681,No,0,Low,26,2658.85,3.8,69130.0,0,0,0,
PRV55974,No,0,Low,175,394.91,0.0,69110.0,0,0,0,
PRV56519,No,0,Low,7,9857.14,100.0,69000.0,0,0,0,
PRV52653,No,0,Low,14,4925.0,28.6,68950.0,0,0,0,
PRV56224,No,0,Low,111,621.17,3.6,68950.0,0,0,0,
PRV54973,No,0,Low,129,533.95,7.0,68880.0,0,0,0,
PRV53111,No,0,Low,33,2083.33,21.2,68750.0,0,0,0,
PRV57304,No,0,Low,93,736.99,3.2,68540.0,0,0,0,
PRV52331,No,0,Low,61,1121.8,14.8,68430.0,0,0,0,
PRV52570,No,0,Low,24,2841.25,33.3,68190.0,0,0,0,
PRV57518,No,0,Low,97,702.37,2.1,68130.0,0,0,0,
PRV56566,Yes,0,Low,176,386.99,0.6,68110.0,0,0,0,
PRV55680,No,0,Low,206,330.39,2.4,68060.0,0,0,0,
PRV51816,No,0,Low,7,9714.29,100.0,68000.0,0,0,0,
PRV52290,No,0,Low,10,6800.0,100.0,68000.0,0,0,0,
PRV52979,No,0,Low,6,11333.33,100.0,68000.0,0,0,0,
PRV53135,No,0,Low,7,9714.29,100.0,68000.0,0,0,0,
PRV55155,No,0,Low,9,7555.56,100.0,68000.0,0,0,0,
PRV55441,No,0,Low,32,2122.19,21.9,67910.0,0,0,0,
PRV54231,No,0,Low,190,357.26,0.0,67880.0,0,0,0,
PRV53438,No,0,Low,61,1111.97,13.1,67830.0,0,0,0,
PRV51491,No,0,Low,71,950.42,11.3,67480.0,0,0,0,
PRV52851,No,0,Low,37,1823.24,21.6,67460.0,0,0,0,
PRV51715,No,0,Low,12,5611.67,25.0,67340.0,0,0,0,
PRV53298,No,0,Low,63,1065.56,12.7,67130.0,0,0,0,
PRV51805,Yes,0,Low,3,22333.33,100.0,67000.0,0,0,0,
PRV52787,No,0,Low,11,6090.91,100.0,67000.0,0,0,0,
PRV57400,No,0,Low,8,8375.0,100.0,67000.0,0,0,0,
PRV57184,No,0,Low,115,582.26,1.7,66960.0,0,0,0,
PRV51540,No,0,Low,55,1217.09,12.7,66940.0,0,0,0,
PRV51612,No,0,Low,13,5136.15,46.2,66770.0,0,0,0,
PRV54919,No,0,Low,178,375.11,2.2,66770.0,0,0,0,
PRV56028,No,0,Low,201,332.19,2.0,66770.0,0,0,0,
PRV51573,No,0,Low,92,725.33,5.4,66730.0,0,0,0,
PRV51606,No,0,Low,46,1436.96,21.7,66100.0,0,0,0,
PRV56885,No,0,Low,10,6605.0,90.0,66050.0,0,0,0,
PRV55887,No,0,Low,6,11000.0,100.0,66000.0,0,0,0,
PRV53247,No,0,Low,37,1782.7,18.9,65960.0,0,0,0,
PRV54101,No,0,Low,29,2268.62,37.9,65790.0,0,0,0,
PRV53143,No,0,Low,12,5472.5,33.3,65670.0,0,0,0,
PRV56626,No,0,Low,94,698.62,4.3,65670.0,0,0,0,
PRV55242,No,0,Low,34,1930.29,29.4,65630.0,0,0,0,
PRV51023,No,0,Low,36,1822.5,25.0,65610.0,0,0,0,
PRV53970,No,0,Low,4,16300.0,75.0,65200.0,0,0,0,
PRV52823,No,0,Low,87,748.28,8.0,65100.0,0,0,0,
PRV56500,No,0,Low,151,430.53,2.0,65010.0,0,0,0,
PRV54205,No,0,Low,9,7222.22,100.0,65000.0,0,0,0,
PRV57397,No,0,Low,7,9285.71,100.0,65000.0,0,0,0,
PRV57401,No,0,Low,8,8125.0,100.0,65000.0,0,0,0,
PRV56632,No,0,Low,73,889.32,9.6,64920.0,0,0,0,
PRV56773,No,0,Low,43,1505.35,16.3,64730.0,0,0,0,
PRV56710,No,0,Low,67,965.52,14.9,64690.0,0,0,0,
PRV56615,No,0,Low,129,501.16,2.3,64650.0,0,0,0,
PRV55743,No,0,Low,69,935.22,7.2,64530.0,0,0,0,
PRV56680,No,0,Low,33,1951.52,24.2,64400.0,0,0,0,
PRV55956,No,0,Low,22,2917.73,36.4,64190.0,0,0,0,
PRV51024,No,0,Low,39,1642.31,23.1,64050.0,0,0,0,
PRV51927,No,0,Low,6,10675.0,83.3,64050.0,0,0,0,
PRV55041,No,0,Low,21,3041.9,23.8,63880.0,0,0,0,
PRV51415,No,0,Low,51,1248.82,13.7,63690.0,0,0,0,
PRV52182,No,0,Low,109,583.67,4.6,63620.0,0,0,0,
PRV52233,No,0,Low,216,294.17,0.0,63540.0,0,0,0,
PRV56789,No,0,Low,67,947.91,10.4,63510.0,0,0,0,
PRV55058,No,0,Low,227,279.6,0.0,63470.0,0,0,0,
PRV57102,No,0,Low,16,3965.63,25.0,63450.0,0,0,0,
PRV53990,No,0,Low,99,639.9,5.1,63350.0,0,0,0,
PRV54985,No,0,Low,223,284.04,0.0,63340.0,0,0,0,
PRV55108,No,0,Low,223,284.04,0.0,63340.0,0,0,0,
PRV55270,No,0,Low,204,309.75,0.5,63190.0,0,0,0,
PRV57437,No,0,Low,27,2339.63,22.2,63170.0,0,0,0,
PRV56452,No,0,Low,110,574.09,3.6,63150.0,0,0,0,
PRV52304,No,0,Low,184,343.04,0.0,63120.0,0,0,0,
PRV56580,No,0,Low,185,339.95,0.0,62890.0,0,0,0,
PRV57407,No,0,Low,217,289.68,0.0,62860.0,0,0,0,
PRV52403,No,0,Low,216,290.56,0.9,62760.0,0,0,0,
PRV53296,No,0,Low,187,335.51,0.0,62740.0,0,0,0,
PRV55682,No,0,Low,23,2727.83,26.1,62740.0,0,0,0,
PRV53045,No,0,Low,216,290.42,0.0,62730.0,0,0,0,
PRV54842,No,0,Low,130,480.15,2.3,62420.0,0,0,0,
PRV52553,No,0,Low,8,7790.0,50.0,62320.0,0,0,0,
PRV54204,No,0,Low,4,15550.0,100.0,62200.0,0,0,0,
PRV53791,No,0,Low,92,675.98,6.5,62190.0,0,0,0,
PRV56568,No,0,Low,131,474.66,0.0,62180.0,0,0,0,
PRV52170,No,0,Low,43,1443.95,7.0,62090.0,0,0,0,
PRV54767,No,0,Low,63,985.4,12.7,62080.0,0,0,0,
PRV57084,No,0,Low,8,7755.0,87.5,62040.0,0,0,0,
PRV53507,No,0,Low,9,6888.89,100.0,62000.0,0,0,0,
PRV55809,No,0,Low,10,6200.0,100.0,62000.0,0,0,0,
PRV56897,No,0,Low,8,7750.0,100.0,62000.0,0,0,0,
PRV52315,No,0,Low,85,728.59,5.9,61930.0,0,0,0,
PRV52687,No,0,Low,41,1510.24,14.6,61920.0,0,0,0,
PRV56031,No,0,Low,19,3240.53,47.4,61570.0,0,0,0,
PRV57176,No,0,Low,131,469.62,3.1,61520.0,0,0,0,
PRV54139,No,0,Low,99,621.01,5.1,61480.0,0,0,0,
PRV55687,No,0,Low,81,756.05,6.2,61240.0,0,0,0,
PRV51144,No,0,Low,30,2040.67,13.3,61220.0,0,0,0,
PRV51358,No,0,Low,17,3600.59,41.2,61210.0,0,0,0,
PRV56705,No,0,Low,16,3820.0,25.0,61120.0,0,0,0,
PRV53259,No,0,Low,187,326.47,0.0,61050.0,0,0,0,
PRV51976,No,0,Low,7,8714.29,100.0,61000.0,0,0,0,
PRV53519,No,0,Low,9,6777.78,100.0,61000.0,0,0,0,
PRV54001,No,0,Low,8,7625.0,100.0,61000.0,0,0,0,
PRV55235,No,0,Low,160,380.75,0.0,60920.0,0,0,0,
PRV57322,No,0,Low,33,1842.12,21.2,60790.0,0,0,0,
PRV52404,No,0,Low,27,2244.81,25.9,60610.0,0,0,0,
PRV55557,No,0,Low,68,888.97,5.9,60450.0,0,0,0,
PRV51483,No,0,Low,77,784.42,7.8,60400.0,0,0,0,
PRV56030,No,0,Low,204,295.93,0.0,60370.0,0,0,0,
PRV53249,No,0,Low,23,2614.78,26.1,60140.0,0,0,0,
PRV56721,No,0,Low,202,297.62,0.0,60120.0,0,0,0,
PRV53609,No,0,Low,183,328.14,1.1,60050.0,0,0,0,
PRV53865,No,0,Low,6,10000.0,100.0,60000.0,0,0,0,
PRV55051,No,0,Low,7,8571.43,100.0,60000.0,0,0,0,
PRV56547,No,0,Low,7,8571.43,100.0,60000.0,0,0,0,
PRV56896,No,0,Low,3,20000.0,100.0,60000.0,0,0,0,
PRV54907,No,0,Low,170,352.47,0.0,59920.0,0,0,0,
PRV51824,No,0,Low,10,5990.0,100.0,59900.0,0,0,0,
PRV51279,No,0,Low,224,267.14,0.0,59840.0,0,0,0,
PRV53664,No,0,Low,132,452.5,0.0,59730.0,0,0,0,
PRV54735,No,0,Low,38,1571.32,13.2,59710.0,0,0,0,
PRV53304,No,0,Low,13,4590.0,15.4,59670.0,0,0,0,
PRV52592,No,0,Low,19,3137.89,36.8,59620.0,0,0,0,
PRV56664,No,0,Low,15,3973.33,6.7,59600.0,0,0,0,
PRV53440,No,0,Low,164,363.35,0.6,59590.0,0,0,0,
PRV55216,No,0,Low,80,742.13,6.3,59370.0,0,0,0,
PRV54834,No,0,Low,16,3706.25,37.5,59300.0,0,0,0,
PRV51432,No,0,Low,23,2576.96,30.4,59270.0,0,0,0,
PRV52497,Yes,0,Low,30,1974.67,13.3,59240.0,0,0,0,
PRV52300,No,0,Low,21,2817.14,14.3,59160.0,0,0,0,
PRV56218,No,0,Low,118,501.36,5.1,59160.0,0,0,0,
PRV52978,No,0,Low,5,11800.0,100.0,59000.0,0,0,0,
PRV57074,No,0,Low,7,8428.57,100.0,59000.0,0,0,0,
PRV52138,No,0,Low,188,313.19,0.0,58880.0,0,0,0,
PRV53090,No,0,Low,179,328.77,0.0,58850.0,0,0,0,
PRV51427,No,0,Low,58,1013.28,8.6,58770.0,0,0,0,
PRV53208,Yes,0,Low,23,2543.48,17.4,58500.0,0,0,0,
PRV51588,No,0,Low,10,5843.0,30.0,58430.0,0,0,0,
PRV52175,No,0,Low,221,263.89,0.0,58320.0,0,0,0,
PRV57718,No,0,Low,161,362.05,0.0,58290.0,0,0,0,
PRV55120,No,0,Low,9,6466.67,88.9,58200.0,0,0,0,
PRV54876,Yes,0,Low,3,19333.33,100.0,58000.0,0,0,0,
PRV55431,No,0,Low,2,29000.0,100.0,58000.0,0,0,0,
PRV57634,No,0,Low,8,7250.0,100.0,58000.0,0,0,0,
PRV57569,Yes,0,Low,73,793.7,6.8,57940.0,0,0,0,
PRV51466,No,0,Low,74,781.89,6.8,57860.0,0,0,0,
PRV53838,No,0,Low,194,297.94,0.0,57800.0,0,0,0,
PRV54682,No,0,Low,96,600.94,6.3,57690.0,0,0,0,
PRV55450,No,0,Low,201,286.62,0.5,57610.0,0,0,0,
PRV54562,No,0,Low,206,279.17,0.0,57510.0,0,0,0,
PRV52584,No,0,Low,54,1064.07,5.6,57460.0,0,0,0,
PRV55313,No,0,Low,192,299.01,0.0,57410.0,0,0,0,
PRV56209,No,0,Low,189,303.54,0.0,57370.0,0,0,0,
PRV55246,No,0,Low,227,252.38,0.0,57290.0,0,0,0,
PRV57365,No,0,Low,183,312.9,0.0,57260.0,0,0,0,
PRV56135,No,0,Low,22,2601.36,13.6,57230.0,0,0,0,
PRV53816,No,0,Low,194,294.9,0.0,57210.0,0,0,0,
PRV53359,No,0,Low,213,268.31,0.0,57150.0,0,0,0,
PRV52537,No,0,Low,1,57000.0,100.0,57000.0,0,0,0,
PRV53377,No,0,Low,7,8142.86,100.0,57000.0,0,0,0,
PRV54903,No,0,Low,7,8142.86,100.0,57000.0,0,0,0,
PRV56340,No,0,Low,3,19000.0,100.0,57000.0,0,0,0,
PRV56903,No,0,Low,2,28500.0,100.0,57000.0,0,0,0,
PRV57080,No,0,Low,1,57000.0,100.0,57000.0,0,0,0,
PRV57399,No,0,Low,1,57000.0,100.0,57000.0,0,0,0,
PRV54855,No,0,Low,212,268.54,0.0,56930.0,0,0,0,
PRV52062,No,0,Low,184,309.02,0.0,56860.0,0,0,0,
PRV54506,No,0,Low,134,422.16,2.2,56570.0,0,0,0,
PRV55445,No,0,Low,133,424.81,0.0,56500.0,0,0,0,
PRV53246,No,0,Low,109,518.26,1.8,56490.0,0,0,0,
PRV57379,No,0,Low,28,2013.57,10.7,56380.0,0,0,0,
PRV51623,No,0,Low,21,2683.33,33.3,56350.0,0,0,0,
PRV56793,No,0,Low,31,1817.1,9.7,56330.0,0,0,0,
PRV56829,No,0,Low,193,291.55,0.0,56270.0,0,0,0,
PRV56236,No,0,Low,36,1557.78,19.4,56080.0,0,0,0,
PRV52049,No,0,Low,192,290.89,0.0,55850.0,0,0,0,
PRV51364,No,0,Low,23,2427.39,26.1,55830.0,0,0,0,
PRV56634,No,0,Low,206,271.02,0.0,55830.0,0,0,0,
PRV56602,No,0,Low,145,384.9,0.0,55810.0,0,0,0,
PRV52129,No,0,Low,223,249.28,0.0,55590.0,0,0,0,
PRV52394,No,0,Low,118,470.59,2.5,55530.0,0,0,0,
PRV52058,No,0,Low,204,271.81,0.0,55450.0,0,0,0,
PRV55555,No,0,Low,50,1109.0,14.0,55450.0,0,0,0,
PRV57618,No,0,Low,220,251.27,0.0,55280.0,0,0,0,
PRV54505,Yes,0,Low,38,1451.05,13.2,55140.0,0,0,0,
PRV55707,No,0,Low,33,1667.27,21.2,55020.0,0,0,0,
PRV54502,No,0,Low,3,18333.33,100.0,55000.0,0,0,0,
PRV57290,No,0,Low,2,27500.0,100.0,55000.0,0,0,0,
PRV51061,No,0,Low,145,378.9,0.7,54940.0,0,0,0,
PRV55233,No,0,Low,187,293.8,0.5,54940.0,0,0,0,
PRV56683,No,0,Low,167,328.62,0.0,54880.0,0,0,0,
PRV51111,No,0,Low,132,415.61,0.0,54860.0,0,0,0,
PRV56239,No,0,Low,125,438.64,0.0,54830.0,0,0,0,
PRV57171,No,0,Low,191,286.34,1.6,54690.0,0,0,0,
PRV53785,No,0,Low,129,423.1,0.0,54580.0,0,0,0,
PRV55281,No,0,Low,190,285.95,0.0,54330.0,0,0,0,
PRV56755,No,0,Low,18,3008.89,16.7,54160.0,0,0,0,
PRV55556,No,0,Low,206,262.52,0.0,54080.0,0,0,0,
PRV56432,No,0,Low,25,2163.2,24.0,54080.0,0,0,0,
PRV53919,Yes,0,Low,24,2252.08,25.0,54050.0,0,0,0,
PRV51838,No,0,Low,200,270.0,0.0,54000.0,0,0,0,
PRV52294,No,0,Low,7,7714.29,100.0,54000.0,0,0,0,
PRV53407,No,0,Low,133,405.71,2.3,53960.0,0,0,0,
PRV53993,No,0,Low,201,267.51,0.0,53770.0,0,0,0,
PRV51699,No,0,Low,209,257.22,0.0,53760.0,0,0,0,
PRV52926,No,0,Low,17,3162.35,23.5,53760.0,0,0,0,
PRV52836,No,0,Low,21,2556.19,23.8,53680.0,0,0,0,
PRV51486,No,0,Low,214,250.75,0.0,53660.0,0,0,0,
PRV54568,No,0,Low,56,957.86,8.9,53640.0,0,0,0,
PRV54225,Yes,0,Low,104,515.58,0.0,53620.0,0,0,0,
PRV52907,No,0,Low,183,292.9,0.0,53600.0,0,0,0,
PRV55269,No,0,Low,172,310.99,1.7,53490.0,0,0,0,
PRV55968,No,0,Low,148,361.22,0.0,53460.0,0,0,0,
PRV56458,No,0,Low,54,989.07,13.0,53410.0,0,0,0,
PRV55272,No,0,Low,211,252.8,0.0,53340.0,0,0,0,
PRV54242,No,0,Low,88,605.34,4.5,53270.0,0,0,0,
PRV54408,No,0,Low,106,501.32,1.9,53140.0,0,0,0,
PRV54572,No,0,Low,146,363.77,0.0,53110.0,0,0,0,
PRV53189,No,0,Low,28,1893.93,14.3,53030.0,0,0,0,
PRV53096,No,0,Low,130,407.69,0.0,53000.0,0,0,0,
PRV57020,No,0,Low,6,8833.33,100.0,53000.0,0,0,0,
PRV57086,No,0,Low,6,8833.33,100.0,53000.0,0,0,0,
PRV57297,Yes,0,Low,8,6625.0,100.0,53000.0,0,0,0,
PRV51515,No,0,Low,48,1100.0,10.4,52800.0,0,0,0,
PRV52037,No,0,Low,171,307.95,0.0,52660.0,0,0,0,
PRV51139,No,0,Low,43,1222.79,16.3,52580.0,0,0,0,
PRV52690,Yes,0,Low,117,448.8,0.0,52510.0,0,0,0,
PRV51004,No,0,Low,149,350.13,0.0,52170.0,0,0,0,
PRV56597,No,0,Low,191,272.88,0.0,52120.0,0,0,0,
PRV52483,No,0,Low,223,233.68,0.0,52110.0,0,0,0,
PRV56906,No,0,Low,7,7442.86,85.7,52100.0,0,0,0,
PRV52192,No,0,Low,32,1626.88,18.8,52060.0,0,0,0,
PRV51120,No,0,Low,7,7428.57,100.0,52000.0,0,0,0,
PRV56342,No,0,Low,5,10400.0,100.0,52000.0,0,0,0,
PRV57630,No,0,Low,8,6500.0,100.0,52000.0,0,0,0,
PRV51167,No,0,Low,190,273.58,0.0,51980.0,0,0,0,
PRV55168,No,0,Low,134,387.76,0.0,51960.0,0,0,0,
PRV53972,No,0,Low,74,701.62,8.1,51920.0,0,0,0,
PRV57448,No,0,Low,205,253.27,0.0,51920.0,0,0,0,
PRV55059,No,0,Low,153,339.28,0.0,51910.0,0,0,0,
PRV53383,No,0,Low,22,2358.64,18.2,51890.0,0,0,0,
PRV53040,No,0,Low,14,3700.0,35.7,51800.0,0,0,0,
PRV52704,No,0,Low,159,325.72,0.0,51790.0,0,0,0,
PRV57673,No,0,Low,217,238.2,0.0,51690.0,0,0,0,
PRV55873,No,0,Low,57,906.49,10.5,51670.0,0,0,0,
PRV56767,No,0,Low,18,2865.0,33.3,51570.0,0,0,0,
PRV51380,No,0,Low,8,6445.0,50.0,51560.0,0,0,0,
PRV54852,No,0,Low,180,285.67,0.0,51420.0,0,0,0,
PRV54960,No,0,Low,193,266.32,0.0,51400.0,0,0,0,
PRV56605,Yes,0,Low,108,474.44,3.7,51240.0,0,0,0,
PRV51353,No,0,Low,18,2845.0,27.8,51210.0,0,0,0,
PRV51673,No,0,Low,183,279.67,0.0,51180.0,0,0,0,
PRV54429,No,0,Low,65,787.23,4.6,51170.0,0,0,0,
PRV51063,No,0,Low,149,343.02,0.0,51110.0,0,0,0,
PRV52487,No,0,Low,177,288.31,0.0,51030.0,0,0,0,
PRV52055,No,0,Low,203,251.28,0.0,51010.0,0,0,0,
PRV51207,No,0,Low,3,17000.0,100.0,51000.0,0,0,0,
PRV53604,No,0,Low,6,8500.0,100.0,51000.0,0,0,0,
PRV54497,No,0,Low,5,10200.0,100.0,51000.0,0,0,0,
PRV54555,No,0,Low,6,8500.0,100.0,51000.0,0,0,0,
PRV56447,Yes,0,Low,170,299.24,0.0,50870.0,0,0,0,
PRV53416,No,0,Low,87,584.37,1.1,50840.0,0,0,0,
PRV55925,No,0,Low,21,2419.52,19.0,50810.0,0,0,0,
PRV55701,No,0,Low,186,273.12,0.0,50800.0,0,0,0,
PRV51272,No,0,Low,79,642.53,2.5,50760.0,0,0,0,
PRV53478,No,0,Low,149,340.13,0.0,50680.0,0,0,0,
PRV51849,No,0,Low,146,346.71,2.1,50620.0,0,0,0,
PRV54571,No,0,Low,17,2977.06,23.5,50610.0,0,0,0,
PRV57398,No,0,Low,3,16866.67,100.0,50600.0,0,0,0,
PRV57088,No,0,Low,10,5059.0,60.0,50590.0,0,0,0,
PRV55210,No,0,Low,174,290.11,0.0,50480.0,0,0,0,
PRV55083,No,0,Low,196,257.5,0.0,50470.0,0,0,0,
PRV56242,No,0,Low,136,370.74,0.7,50420.0,0,0,0,
PRV51737,No,0,Low,152,330.92,0.0,50300.0,0,0,0,
PRV53608,No,0,Low,199,252.71,0.0,50290.0,0,0,0,
PRV53806,No,0,Low,173,290.58,0.0,50270.0,0,0,0,
PRV54841,No,0,Low,6,8375.0,50.0,50250.0,0,0,0,
PRV56033,No,0,Low,8,6270.0,50.0,50160.0,0,0,0,
PRV53862,No,0,Low,6,8350.0,66.7,50100.0,0,0,0,
PRV56788,No,0,Low,177,282.88,0.0,50070.0,0,0,0,
PRV55133,No,0,Low,2,25000.0,100.0,50000.0,0,0,0,
PRV55774,No,0,Low,14,3566.43,28.6,49930.0,0,0,0,
PRV52576,No,0,Low,26,1917.31,11.5,49850.0,0,0,0,
PRV56400,Yes,0,Low,9,5533.33,33.3,49800.0,0,0,0,
PRV52323,No,0,Low,190,261.95,0.0,49770.0,0,0,0,
PRV57586,No,0,Low,144,345.21,0.0,49710.0,0,0,0,
PRV53885,No,0,Low,12,4135.83,50.0,49630.0,0,0,0,
PRV52121,No,0,Low,53,936.04,7.5,49610.0,0,0,0,
PRV55050,No,0,Low,183,271.09,0.0,49610.0,0,0,0,
PRV55239,No,0,Low,161,307.7,0.0,49540.0,0,0,0,
PRV55842,Yes,0,Low,122,406.07,0.0,49540.0,0,0,0,
PRV52922,No,0,Low,33,1500.3,21.2,49510.0,0,0,0,
PRV57603,No,0,Low,169,291.95,0.0,49340.0,0,0,0,
PRV57215,No,0,Low,11,4451.82,72.7,48970.0,0,0,0,
PRV53074,No,0,Low,178,275.0,0.0,48950.0,0,0,0,
PRV51422,No,0,Low,25,1957.2,16.0,48930.0,0,0,0,
PRV54388,Yes,0,Low,76,642.63,7.9,48840.0,0,0,0,
PRV56607,No,0,Low,72,678.06,5.6,48820.0,0,0,0,
PRV54887,No,0,Low,143,341.12,0.0,48780.0,0,0,0,
PRV52527,No,0,Low,160,304.56,0.0,48730.0,0,0,0,
PRV55710,No,0,Low,40,1217.0,15.0,48680.0,0,0,0,
PRV53878,No,0,Low,46,1058.04,10.9,48670.0,0,0,0,
PRV56562,No,0,Low,37,1314.86,5.4,48650.0,0,0,0,
PRV52052,No,0,Low,58,837.59,8.6,48580.0,0,0,0,
PRV56508,No,0,Low,177,274.46,0.0,48580.0,0,0,0,
PRV55692,No,0,Low,152,318.95,2.0,48480.0,0,0,0,
PRV52850,No,0,Low,146,331.99,0.7,48470.0,0,0,0,
PRV53705,No,0,Low,57,849.47,7.0,48420.0,0,0,0,
PRV55819,No,0,Low,198,244.39,0.0,48390.0,0,0,0,
PRV53131,No,0,Low,13,3717.69,46.2,48330.0,0,0,0,
PRV53032,No,0,Low,23,2100.43,21.7,48310.0,0,0,0,
PRV53423,No,0,Low,53,910.19,9.4,48240.0,0,0,0,
PRV57640,No,0,Low,15,3208.67,33.3,48130.0,0,0,0,
PRV54393,No,0,Low,75,641.2,6.7,48090.0,0,0,0,
PRV51042,No,0,Low,142,338.38,0.0,48050.0,0,0,0,
PRV51428,No,0,Low,66,727.88,6.1,48040.0,0,0,0,
PRV52461,No,0,Low,7,6857.14,100.0,48000.0,0,0,0,
PRV55790,No,0,Low,5,9600.0,100.0,48000.0,0,0,0,
PRV57094,No,0,Low,3,16000.0,100.0,48000.0,0,0,0,
PRV56772,No,0,Low,70,685.14,7.1,47960.0,0,0,0,
PRV55359,No,0,Low,113,424.25,0.0,47940.0,0,0,0,
PRV57188,No,0,Low,21,2275.24,23.8,47780.0,0,0,0,
PRV52872,No,0,Low,108,441.76,0.0,47710.0,0,0,0,
PRV54741,No,0,Low,177,269.21,0.0,47650.0,0,0,0,
PRV53794,No,0,Low,167,285.27,0.0,47640.0,0,0,0,
PRV51661,No,0,Low,134,355.0,0.0,47570.0,0,0,0,
PRV52543,No,0,Low,171,278.07,0.0,47550.0,0,0,0,
PRV56824,No,0,Low,136,349.56,0.0,47540.0,0,0,0,
PRV56716,No,0,Low,124,381.94,0.0,47360.0,0,0,0,
PRV56702,No,0,Low,224,211.38,0.0,47350.0,0,0,0,
PRV54345,No,0,Low,167,283.11,0.0,47280.0,0,0,0,
PRV56468,No,0,Low,34,1390.29,14.7,47270.0,0,0,0,
PRV57476,No,0,Low,145,324.62,0.0,47070.0,0,0,0,
PRV54247,No,0,Low,70,671.86,5.7,47030.0,0,0,0,
PRV52745,No,0,Low,156,301.41,0.0,47020.0,0,0,0,
PRV54460,No,0,Low,5,9400.0,100.0,47000.0,0,0,0,
PRV55131,No,0,Low,2,23500.0,100.0,47000.0,0,0,0,
PRV55668,No,0,Low,4,11750.0,100.0,47000.0,0,0,0,
PRV57597,No,0,Low,227,207.05,0.0,47000.0,0,0,0,
PRV51605,No,0,Low,72,652.64,6.9,46990.0,0,0,0,
PRV52844,No,0,Low,129,363.95,1.6,46950.0,0,0,0,
PRV55248,No,0,Low,133,351.58,0.0,46760.0,0,0,0,
PRV55843,No,0,Low,213,219.44,0.0,46740.0,0,0,0,
PRV53133,No,0,Low,159,293.46,0.0,46660.0,0,0,0,
PRV56156,No,0,Low,69,675.65,7.2,46620.0,0,0,0,
PRV51961,No,0,Low,159,293.14,0.0,46610.0,0,0,0,
PRV54990,No,0,Low,20,2330.0,20.0,46600.0,0,0,0,
PRV55203,No,0,Low,25,1858.8,20.0,46470.0,0,0,0,
PRV53419,No,0,Low,19,2442.63,26.3,46410.0,0,0,0,
PRV56639,No,0,Low,96,483.33,0.0,46400.0,0,0,0,
PRV51113,No,0,Low,132,351.44,0.0,46390.0,0,0,0,
PRV51289,No,0,Low,92,503.26,0.0,46300.0,0,0,0,
PRV55598,No,0,Low,167,276.59,0.0,46190.0,0,0,0,
PRV51335,No,0,Low,142,324.51,0.0,46080.0,0,0,0,
PRV52627,No,0,Low,5,9214.0,60.0,46070.0,0,0,0,
PRV53994,No,0,Low,174,264.37,0.0,46000.0,0,0,0,
PRV54818,No,0,Low,5,9200.0,100.0,46000.0,0,0,0,
PRV57091,No,0,Low,4,11500.0,100.0,46000.0,0,0,0,
PRV53907,No,0,Low,126,364.76,0.0,45960.0,0,0,0,
PRV55214,No,0,Low,190,241.47,0.0,45880.0,0,0,0,
PRV53317,No,0,Low,16,2865.63,31.3,45850.0,0,0,0,
PRV52849,No,0,Low,14,3270.0,14.3,45780.0,0,0,0,
PRV51265,No,0,Low,160,286.06,0.0,45770.0,0,0,0,
PRV51950,No,0,Low,69,663.33,4.3,45770.0,0,0,0,
PRV51154,No,0,Low,161,284.16,0.0,45750.0,0,0,0,
PRV53123,No,0,Low,132,346.59,0.0,45750.0,0,0,0,
PRV55266,Yes,0,Low,25,1829.6,36.0,45740.0,0,0,0,
PRV57203,No,0,Low,47,970.43,4.3,45610.0,0,0,0,
PRV56818,No,0,Low,20,2277.0,20.0,45540.0,0,0,0,
PRV53001,No,0,Low,150,303.07,0.0,45460.0,0,0,0,
PRV52341,No,0,Low,135,336.67,0.0,45450.0,0,0,0,
PRV56642,No,0,Low,141,322.2,0.0,45430.0,0,0,0,
PRV52309,No,0,Low,170,266.71,0.0,45340.0,0,0,0,
PRV54368,No,0,Low,110,412.18,3.6,45340.0,0,0,0,
PRV55031,No,0,Low,32,1415.63,12.5,45300.0,0,0,0,
PRV56809,No,0,Low,44,1028.86,9.1,45270.0,0,0,0,
PRV53309,No,0,Low,63,718.41,6.3,45260.0,0,0,0,
PRV53262,No,0,Low,118,383.47,0.0,45250.0,0,0,0,
PRV54759,No,0,Low,44,1025.91,11.4,45140.0,0,0,0,
PRV53973,No,0,Low,170,265.47,0.0,45130.0,0,0,0,
PRV52079,No,0,Low,33,1366.67,21.2,45100.0,0,0,0,
PRV54454,No,0,Low,171,263.39,0.0,45040.0,0,0,0,
PRV56139,No,0,Low,21,2143.33,14.3,45010.0,0,0,0,
PRV56125,No,0,Low,7,6428.57,100.0,45000.0,0,0,0,
PRV51647,No,0,Low,12,3745.0,50.0,44940.0,0,0,0,
PRV51627,No,0,Low,26,1725.38,11.5,44860.0,0,0,0,
PRV56406,No,0,Low,201,222.74,0.0,44770.0,0,0,0,
PRV52488,No,0,Low,183,244.32,0.0,44710.0,0,0,0,
PRV54704,No,0,Low,161,277.7,0.0,44710.0,0,0,0,
PRV52389,No,0,Low,171,261.35,0.0,44690.0,0,0,0,
PRV56025,No,0,Low,153,291.9,0.0,44660.0,0,0,0,
PRV51823,No,0,Low,11,4048.18,72.7,44530.0,0,0,0,
PRV51097,No,0,Low,125,355.36,0.0,44420.0,0,0,0,
PRV56957,No,0,Low,138,321.74,0.0,44400.0,0,0,0,
PRV52480,No,0,Low,30,1478.33,16.7,44350.0,0,0,0,
PRV55507,No,0,Low,87,509.77,3.4,44350.0,0,0,0,
PRV52936,No,0,Low,108,410.56,3.7,44340.0,0,0,0,
PRV53714,No,0,Low,144,307.71,0.0,44310.0,0,0,0,
PRV54342,No,0,Low,35,1265.14,20.0,44280.0,0,0,0,
PRV54384,No,0,Low,28,1581.43,7.1,44280.0,0,0,0,
PRV52361,No,0,Low,158,279.94,0.0,44230.0,0,0,0,
PRV57585,No,0,Low,140,315.86,0.0,44220.0,0,0,0,
PRV53625,No,0,Low,147,300.75,0.0,44210.0,0,0,0,
PRV57318,No,0,Low,150,294.53,0.0,44180.0,0,0,0,
PRV54107,No,0,Low,147,299.86,0.0,44080.0,0,0,0,
PRV55354,No,0,Low,178,247.13,0.0,43990.0,0,0,0,
PRV51518,No,0,Low,53,828.68,9.4,43920.0,0,0,0,
PRV56454,No,0,Low,159,276.16,0.0,43910.0,0,0,0,
PRV55087,No,0,Low,201,217.76,0.0,43770.0,0,0,0,
PRV51060,No,0,Low,42,1040.71,11.9,43710.0,0,0,0,
PRV52373,No,0,Low,23,1900.43,13.0,43710.0,0,0,0,
PRV55851,No,0,Low,45,969.78,13.3,43640.0,0,0,0,
PRV57763,No,0,Low,118,369.58,0.0,43610.0,0,0,0,
PRV52414,No,0,Low,132,330.3,0.0,43600.0,0,0,0,
PRV56453,No,0,Low,115,378.7,0.0,43550.0,0,0,0,
PRV52822,No,0,Low,135,322.07,0.0,43480.0,0,0,0,
PRV51637,No,0,Low,34,1277.65,20.6,43440.0,0,0,0,
PRV54684,No,0,Low,133,326.02,0.0,43360.0,0,0,0,
PRV55265,No,0,Low,201,215.32,0.0,43280.0,0,0,0,
PRV51340,No,0,Low,151,286.16,0.0,43210.0,0,0,0,
PRV51271,No,0,Low,123,351.06,1.6,43180.0,0,0,0,
PRV53916,No,0,Low,192,224.9,0.0,43180.0,0,0,0,
PRV51526,No,0,Low,20,2157.5,35.0,43150.0,0,0,0,
PRV51610,No,0,Low,6,7191.67,50.0,43150.0,0,0,0,
PRV54475,No,0,Low,151,285.56,0.0,43120.0,0,0,0,
PRV55783,No,0,Low,7,6148.57,57.1,43040.0,0,0,0,
PRV53453,No,0,Low,15,2865.33,26.7,42980.0,0,0,0,
PRV54734,No,0,Low,138,310.65,0.0,42870.0,0,0,0,
PRV56589,No,0,Low,24,1777.08,16.7,42650.0,0,0,0,
PRV57364,No,0,Low,10,4265.0,30.0,42650.0,0,0,0,
PRV56673,No,0,Low,4,10660.0,50.0,42640.0,0,0,0,
PRV52614,No,0,Low,156,272.31,0.0,42480.0,0,0,0,
PRV56509,No,0,Low,117,362.14,0.0,42370.0,0,0,0,
PRV57551,No,0,Low,132,320.68,0.0,42330.0,0,0,0,
PRV54370,No,0,Low,181,233.54,0.0,42270.0,0,0,0,
PRV54000,No,0,Low,206,204.95,0.0,42220.0,0,0,0,
PRV54983,No,0,Low,126,334.44,0.0,42140.0,0,0,0,
PRV57301,No,0,Low,32,1315.31,12.5,42090.0,0,0,0,
PRV51938,No,0,Low,106,396.42,1.9,42020.0,0,0,0,
PRV55586,No,0,Low,2,21000.0,100.0,42000.0,0,0,0,
PRV57085,No,0,Low,5,8400.0,100.0,42000.0,0,0,0,
PRV57233,No,0,Low,140,299.43,0.0,41920.0,0,0,0,
PRV56392,Yes,0,Low,20,2093.0,30.0,41860.0,0,0,0,
PRV51596,No,0,Low,50,836.6,6.0,41830.0,0,0,0,
PRV52698,No,0,Low,123,339.59,0.8,41770.0,0,0,0,
PRV54066,No,0,Low,148,281.82,0.0,41710.0,0,0,0,
PRV51536,No,0,Low,16,2596.88,25.0,41550.0,0,0,0,
PRV53261,No,0,Low,194,214.18,0.0,41550.0,0,0,0,
PRV55207,No,0,Low,167,248.56,0.0,41510.0,0,0,0,
PRV54543,Yes,0,Low,17,2441.18,17.6,41500.0,0,0,0,
PRV57429,No,0,Low,154,269.42,0.0,41490.0,0,0,0,
PRV55231,No,0,Low,126,329.13,0.0,41470.0,0,0,0,
PRV52160,No,0,Low,53,782.26,5.7,41460.0,0,0,0,
PRV54153,No,0,Low,14,2957.86,21.4,41410.0,0,0,0,
PRV55001,No,0,Low,158,262.03,0.0,41400.0,0,0,0,
PRV54510,No,0,Low,149,276.85,0.0,41250.0,0,0,0,
PRV57693,No,0,Low,133,310.15,0.0,41250.0,0,0,0,
PRV51074,No,0,Low,39,1055.64,12.8,41170.0,0,0,0,
PRV52541,No,0,Low,5,8200.0,100.0,41000.0,0,0,0,
PRV53597,No,0,Low,6,6833.33,100.0,41000.0,0,0,0,
PRV55144,No,0,Low,2,20500.0,100.0,41000.0,0,0,0,
PRV55811,No,0,Low,2,20500.0,100.0,41000.0,0,0,0,
PRV51553,No,0,Low,21,1951.9,28.6,40990.0,0,0,0,
PRV56672,No,0,Low,161,254.53,0.0,40980.0,0,0,0,
PRV54999,No,0,Low,10,4094.0,30.0,40940.0,0,0,0,
PRV53964,No,0,Low,146,279.66,0.0,40830.0,0,0,0,
PRV57202,No,0,Low,165,247.33,0.0,40810.0,0,0,0,
PRV53624,No,0,Low,143,285.24,0.0,40790.0,0,0,0,
PRV51879,No,0,Low,105,387.71,0.0,40710.0,0,0,0,
PRV53192,No,0,Low,149,272.55,0.0,40610.0,0,0,0,
PRV51255,No,0,Low,74,548.24,2.7,40570.0,0,0,0,
PRV57006,No,0,Low,105,386.29,0.0,40560.0,0,0,0,
PRV56828,No,0,Low,142,285.28,0.0,40510.0,0,0,0,
PRV51349,No,0,Low,30,1349.33,16.7,40480.0,0,0,0,
PRV55847,No,0,Low,185,218.7,0.0,40460.0,0,0,0,
PRV57545,No,0,Low,61,662.79,1.6,40430.0,0,0,0,
PRV53931,No,0,Low,55,734.73,5.5,40410.0,0,0,0,
PRV52708,No,0,Low,31,1303.23,16.1,40400.0,0,0,0,
PRV55056,No,0,Low,100,402.9,0.0,40290.0,0,0,0,
PRV56637,No,0,Low,161,250.0,0.0,40250.0,0,0,0,
PRV56390,No,0,Low,5,8044.0,40.0,40220.0,0,0,0,
PRV54685,No,0,Low,145,276.9,0.0,40150.0,0,0,0,
PRV52581,No,0,Low,142,282.04,0.0,40050.0,0,0,0,
PRV53029,No,0,Low,16,2503.13,25.0,40050.0,0,0,0,
PRV54480,No,0,Low,6,6666.67,100.0,40000.0,0,0,0,
PRV54501,No,0,Low,3,13333.33,100.0,40000.0,0,0,0,
PRV55606,No,0,Low,4,10000.0,100.0,40000.0,0,0,0,
PRV57299,No,0,Low,6,6666.67,100.0,40000.0,0,0,0,
PRV54693,No,0,Low,52,767.88,3.8,39930.0,0,0,0,
PRV56021,No,0,Low,128,311.88,0.0,39920.0,0,0,0,
PRV52179,No,0,Low,44,907.05,4.5,39910.0,0,0,0,
PRV52520,No,0,Low,121,329.83,0.0,39910.0,0,0,0,
PRV55593,No,0,Low,147,270.88,0.0,39820.0,0,0,0,
PRV54997,No,0,Low,34,1169.71,14.7,39770.0,0,0,0,
PRV57165,No,0,Low,37,1073.51,8.1,39720.0,0,0,0,
PRV52564,No,0,Low,21,1890.48,23.8,39700.0,0,0,0,
PRV54854,No,0,Low,131,302.75,0.0,39660.0,0,0,0,
PRV53036,No,0,Low,122,324.02,0.0,39530.0,0,0,0,
PRV56433,No,0,Low,121,326.53,0.0,39510.0,0,0,0,
PRV56407,No,0,Low,40,987.5,12.5,39500.0,0,0,0,
PRV53258,No,0,Low,80,493.63,3.8,39490.0,0,0,0,
PRV55867,No,0,Low,88,448.41,0.0,39460.0,0,0,0,
PRV51679,No,0,Low,38,1037.37,5.3,39420.0,0,0,0,
PRV54670,No,0,Low,159,247.61,0.0,39370.0,0,0,0,
PRV51304,No,0,Low,51,771.57,3.9,39350.0,0,0,0,
PRV51190,No,0,Low,66,595.61,4.5,39310.0,0,0,0,
PRV52930,No,0,Low,127,309.37,0.0,39290.0,0,0,0,
PRV55238,No,0,Low,101,388.61,0.0,39250.0,0,0,0,
PRV54716,No,0,Low,141,278.3,0.0,39240.0,0,0,0,
PRV57415,No,0,Low,86,454.53,0.0,39090.0,0,0,0,
PRV54821,No,0,Low,7,5571.43,100.0,39000.0,0,0,0,
PRV56479,No,0,Low,140,278.5,0.0,38990.0,0,0,0,
PRV52587,No,0,Low,137,283.94,0.0,38900.0,0,0,0,
PRV52048,No,0,Low,108,359.44,0.0,38820.0,0,0,0,
PRV57534,No,0,Low,152,255.39,0.0,38820.0,0,0,0,
PRV51788,No,0,Low,139,279.06,0.0,38790.0,0,0,0,
PRV52548,No,0,Low,15,2583.33,33.3,38750.0,0,0,0,
PRV52924,No,0,Low,13,2979.23,23.1,38730.0,0,0,0,
PRV52350,No,0,Low,40,966.5,17.5,38660.0,0,0,0,
PRV51296,No,0,Low,30,1287.67,10.0,38630.0,0,0,0,
PRV53490,No,0,Low,145,266.34,0.0,38620.0,0,0,0,
PRV54944,No,0,Low,120,321.83,0.0,38620.0,0,0,0,
PRV51256,No,0,Low,95,405.79,0.0,38550.0,0,0,0,
PRV51464,No,0,Low,145,265.72,0.0,38530.0,0,0,0,
PRV57611,No,0,Low,134,287.46,0.0,38520.0,0,0,0,
PRV56255,No,0,Low,102,377.55,0.0,38510.0,0,0,0,
PRV51935,No,0,Low,57,671.58,5.3,38280.0,0,0,0,
PRV53077,No,0,Low,124,308.63,0.0,38270.0,0,0,0,
PRV56517,No,0,Low,123,310.33,0.0,38170.0,0,0,0,
PRV56616,Yes,0,Low,176,216.76,0.0,38150.0,0,0,0,
PRV55016,No,0,Low,146,261.23,0.0,38140.0,0,0,0,
PRV53638,No,0,Low,111,342.7,0.0,38040.0,0,0,0,
PRV57596,No,0,Low,160,237.75,0.0,38040.0,0,0,0,
PRV53463,No,0,Low,76,500.39,3.9,38030.0,0,0,0,
PRV54051,No,0,Low,5,7600.0,100.0,38000.0,0,0,0,
PRV54298,No,0,Low,3,12666.67,100.0,38000.0,0,0,0,
PRV55137,No,0,Low,2,19000.0,100.0,38000.0,0,0,0,
PRV55813,No,0,Low,7,5428.57,100.0,38000.0,0,0,0,
PRV54287,No,0,Low,155,244.52,0.0,37900.0,0,0,0,
PRV52031,No,0,Low,125,302.16,0.8,37770.0,0,0,0,
PRV54315,No,0,Low,103,366.7,0.0,37770.0,0,0,0,
PRV53043,No,0,Low,61,618.69,0.0,37740.0,0,0,0,
PRV56352,No,0,Low,24,1572.08,16.7,37730.0,0,0,0,
PRV55579,No,0,Low,174,215.92,0.0,37570.0,0,0,0,
PRV52163,No,0,Low,62,604.35,3.2,37470.0,0,0,0,
PRV54776,No,0,Low,37,1012.16,13.5,37450.0,0,0,0,
PRV51288,No,0,Low,8,4670.0,37.5,37360.0,0,0,0,
PRV53683,No,0,Low,9,4144.44,22.2,37300.0,0,0,0,
PRV55357,No,0,Low,161,231.49,0.0,37270.0,0,0,0,
PRV56910,No,0,Low,5,7452.0,80.0,37260.0,0,0,0,
PRV55006,No,0,Low,41,908.54,7.3,37250.0,0,0,0,
PRV53757,No,0,Low,56,664.82,1.8,37230.0,0,0,0,
PRV53768,No,0,Low,62,599.68,8.1,37180.0,0,0,0,
PRV57150,No,0,Low,166,223.86,0.0,37160.0,0,0,0,
PRV57168,No,0,Low,75,495.2,0.0,37140.0,0,0,0,
PRV53452,No,0,Low,62,598.39,0.0,37100.0,0,0,0,
PRV57343,No,0,Low,75,494.53,0.0,37090.0,0,0,0,
PRV57326,No,0,Low,5,7400.0,100.0,37000.0,0,0,0,
PRV51626,No,0,Low,9,4102.22,11.1,36920.0,0,0,0,
PRV52427,No,0,Low,19,1939.47,15.8,36850.0,0,0,0,
PRV56271,No,0,Low,93,395.27,1.1,36760.0,0,0,0,
PRV57160,No,0,Low,101,363.86,0.0,36750.0,0,0,0,
PRV56701,No,0,Low,23,1594.78,17.4,36680.0,0,0,0,
PRV56584,No,0,Low,55,666.55,7.3,36660.0,0,0,0,
PRV55323,No,0,Low,144,253.26,0.0,36470.0,0,0,0,
PRV53144,No,0,Low,39,934.87,10.3,36460.0,0,0,0,
PRV54975,No,0,Low,132,276.21,0.0,36460.0,0,0,0,
PRV53387,No,0,Low,49,741.22,6.1,36320.0,0,0,0,
PRV53289,No,0,Low,106,342.08,0.9,36260.0,0,0,0,
PRV54937,No,0,Low,36,1007.22,8.3,36260.0,0,0,0,
PRV53913,No,0,Low,131,276.18,0.0,36180.0,0,0,0,
PRV55362,No,0,Low,148,244.39,0.0,36170.0,0,0,0,
PRV53159,No,0,Low,27,1339.26,7.4,36160.0,0,0,0,
PRV51303,No,0,Low,93,388.28,0.0,36110.0,0,0,0,
PRV53095,No,0,Low,4,9025.0,50.0,36100.0,0,0,0,
PRV51600,No,0,Low,109,330.73,2.8,36050.0,0,0,0,
PRV55267,No,0,Low,144,250.14,0.0,36020.0,0,0,0,
PRV51829,No,0,Low,5,7200.0,100.0,36000.0,0,0,0,
PRV52804,No,0,Low,1,36000.0,100.0,36000.0,0,0,0,
PRV55379,No,0,Low,4,9000.0,100.0,36000.0,0,0,0,
PRV55663,No,0,Low,7,5142.86,100.0,36000.0,0,0,0,
PRV56120,No,0,Low,4,9000.0,100.0,36000.0,0,0,0,
PRV53969,No,0,Low,118,305.0,0.0,35990.0,0,0,0,
PRV55257,No,0,Low,137,261.61,0.0,35840.0,0,0,0,
PRV55399,No,0,Low,27,1325.56,11.1,35790.0,0,0,0,
PRV53303,No,0,Low,111,322.25,0.0,35770.0,0,0,0,
PRV51008,No,0,Low,43,828.6,4.7,35630.0,0,0,0,
PRV53009,No,0,Low,37,962.7,13.5,35620.0,0,0,0,
PRV56470,No,0,Low,37,962.43,13.5,35610.0,0,0,0,
PRV53253,No,0,Low,110,323.64,0.0,35600.0,0,0,0,
PRV51470,No,0,Low,27,1318.15,11.1,35590.0,0,0,0,
PRV57605,No,0,Low,134,265.6,0.0,35590.0,0,0,0,
PRV53824,No,0,Low,114,312.11,0.0,35580.0,0,0,0,
PRV57121,No,0,Low,38,933.42,7.9,35470.0,0,0,0,
PRV54082,No,0,Low,11,3222.73,45.5,35450.0,0,0,0,
PRV55043,No,0,Low,119,297.9,0.0,35450.0,0,0,0,
PRV54542,No,0,Low,20,1771.0,25.0,35420.0,0,0,0,
PRV56671,No,0,Low,43,821.86,7.0,35340.0,0,0,0,
PRV54041,No,0,Low,65,543.54,0.0,35330.0,0,0,0,
PRV51504,No,0,Low,128,275.7,0.0,35290.0,0,0,0,
PRV52051,No,0,Low,89,396.52,0.0,35290.0,0,0,0,
PRV52025,No,0,Low,119,295.71,0.0,35190.0,0,0,0,
PRV54409,No,0,Low,19,1850.53,26.3,35160.0,0,0,0,
PRV56658,No,0,Low,70,502.29,1.4,35160.0,0,0,0,
PRV56769,No,0,Low,23,1526.96,17.4,35120.0,0,0,0,
PRV55534,No,0,Low,146,240.27,0.0,35080.0,0,0,0,
PRV56237,No,0,Low,198,176.92,0.0,35030.0,0,0,0,
PRV57187,No,0,Low,114,307.11,0.0,35010.0,0,0,0,
PRV53746,No,0,Low,6,5833.33,100.0,35000.0,0,0,0,
PRV56790,No,0,Low,91,384.51,0.0,34990.0,0,0,0,
PRV53616,No,0,Low,44,794.77,4.5,34970.0,0,0,0,
PRV52890,No,0,Low,22,1588.64,18.2,34950.0,0,0,0,
PRV53145,No,0,Low,132,263.33,0.0,34760.0,0,0,0,
PRV53465,No,0,Low,23,1510.87,13.0,34750.0,0,0,0,
PRV54149,Yes,0,Low,16,2168.75,31.3,34700.0,0,0,0,
PRV54725,No,0,Low,116,299.14,0.0,34700.0,0,0,0,
PRV55703,No,0,Low,58,598.28,5.2,34700.0,0,0,0,
PRV57212,No,0,Low,101,343.27,0.0,34670.0,0,0,0,
PRV54049,No,0,Low,132,262.12,0.0,34600.0,0,0,0,
PRV56659,No,0,Low,141,245.04,1.4,34550.0,0,0,0,
PRV57359,No,0,Low,102,337.16,0.0,34390.0,0,0,0,
PRV54168,No,0,Low,67,512.69,1.5,34350.0,0,0,0,
PRV56775,No,0,Low,18,1908.33,16.7,34350.0,0,0,0,
PRV54477,No,0,Low,100,343.1,0.0,34310.0,0,0,0,
PRV54908,No,0,Low,115,297.65,0.0,34230.0,0,0,0,
PRV55256,No,0,Low,28,1219.64,14.3,34150.0,0,0,0,
PRV55872,No,0,Low,139,245.47,0.0,34120.0,0,0,0,
PRV53413,No,0,Low,30,1134.67,6.7,34040.0,0,0,0,
PRV54831,No,0,Low,17,2002.35,23.5,34040.0,0,0,0,
PRV57213,No,0,Low,82,415.12,0.0,34040.0,0,0,0,
PRV55848,No,0,Low,39,872.05,7.7,34010.0,0,0,0,
PRV52544,No,0,Low,6,5666.67,100.0,34000.0,0,0,0,
PRV53336,No,0,Low,3,11333.33,100.0,34000.0,0,0,0,
PRV56813,No,0,Low,106,320.19,0.0,33940.0,0,0,0,
PRV51443,No,0,Low,73,464.38,2.7,33900.0,0,0,0,
PRV52177,No,0,Low,39,867.95,12.8,33850.0,0,0,0,
PRV52950,No,0,Low,116,291.64,0.0,33830.0,0,0,0,
PRV53859,No,0,Low,143,236.43,0.0,33810.0,0,0,0,
PRV53392,No,0,Low,99,341.31,0.0,33790.0,0,0,0,
PRV57443,No,0,Low,52,649.81,0.0,33790.0,0,0,0,
PRV54946,No,0,Low,91,370.77,0.0,33740.0,0,0,0,
PRV51007,No,0,Low,72,468.19,4.2,33710.0,0,0,0,
PRV53292,No,0,Low,41,821.95,12.2,33700.0,0,0,0,
PRV51435,No,0,Low,23,1461.74,26.1,33620.0,0,0,0,
PRV57422,No,0,Low,104,323.27,0.0,33620.0,0,0,0,
PRV51803,No,0,Low,5,6714.0,40.0,33570.0,0,0,0,
PRV52421,No,0,Low,95,353.16,0.0,33550.0,0,0,0,
PRV57590,No,0,Low,76,441.05,3.9,33520.0,0,0,0,
PRV53934,No,0,Low,122,274.59,0.0,33500.0,0,0,0,
PRV53617,No,0,Low,83,403.37,0.0,33480.0,0,0,0,
PRV52381,No,0,Low,80,418.25,0.0,33460.0,0,0,0,
PRV57004,No,0,Low,123,271.87,0.0,33440.0,0,0,0,
PRV55167,No,0,Low,94,354.26,0.0,33300.0,0,0,0,
PRV54726,No,0,Low,34,979.12,5.9,33290.0,0,0,0,
PRV51516,No,0,Low,40,831.5,7.5,33260.0,0,0,0,
PRV52683,No,0,Low,131,253.74,0.0,33240.0,0,0,0,
PRV52706,No,0,Low,26,1276.54,7.7,33190.0,0,0,0,
PRV54377,No,0,Low,20,1655.5,10.0,33110.0,0,0,0,
PRV52651,No,0,Low,4,8272.5,75.0,33090.0,0,0,0,
PRV55206,No,0,Low,103,321.26,0.0,33090.0,0,0,0,
PRV54508,No,0,Low,90,366.78,0.0,33010.0,0,0,0,
PRV55660,No,0,Low,4,8250.0,100.0,33000.0,0,0,0,
PRV55024,No,0,Low,46,716.96,6.5,32980.0,0,0,0,
PRV56233,No,0,Low,98,335.61,0.0,32890.0,0,0,0,
PRV57245,No,0,Low,92,356.41,0.0,32790.0,0,0,0,
PRV51752,No,0,Low,87,376.32,0.0,32740.0,0,0,0,
PRV54269,No,0,Low,118,277.46,0.0,32740.0,0,0,0,
PRV55340,No,0,Low,108,303.06,0.0,32730.0,0,0,0,
PRV53272,No,0,Low,24,1360.83,16.7,32660.0,0,0,0,
PRV56718,No,0,Low,142,229.72,0.0,32620.0,0,0,0,
PRV57175,No,0,Low,78,417.95,0.0,32600.0,0,0,0,
PRV56049,No,0,Low,149,218.66,0.0,32580.0,0,0,0,
PRV51035,No,0,Low,30,1085.33,3.3,32560.0,0,0,0,
PRV55585,No,0,Low,114,285.09,0.0,32500.0,0,0,0,
PRV52468,No,0,Low,21,1545.24,14.3,32450.0,0,0,0,
PRV51583,No,0,Low,47,690.0,4.3,32430.0,0,0,0,
PRV55731,No,0,Low,135,240.07,0.0,32410.0,0,0,0,
PRV53627,No,0,Low,118,274.49,0.0,32390.0,0,0,0,
PRV55512,No,0,Low,128,252.58,0.0,32330.0,0,0,0,
PRV55735,No,0,Low,93,346.56,0.0,32230.0,0,0,0,
PRV56618,No,0,Low,135,238.59,0.0,32210.0,0,0,0,
PRV51867,No,0,Low,102,315.0,0.0,32130.0,0,0,0,
PRV53695,No,0,Low,116,276.9,0.0,32120.0,0,0,0,
PRV54748,No,0,Low,85,377.76,0.0,32110.0,0,0,0,
PRV53965,No,0,Low,110,291.55,0.0,32070.0,0,0,0,
PRV56041,No,0,Low,55,582.55,0.0,32040.0,0,0,0,
PRV52411,No,0,Low,92,347.93,0.0,32010.0,0,0,0,
PRV51932,No,0,Low,21,1522.38,9.5,31970.0,0,0,0,
PRV56949,No,0,Low,104,307.31,0.0,31960.0,0,0,0,
PRV53326,No,0,Low,102,313.24,0.0,31950.0,0,0,0,
PRV56621,No,0,Low,91,350.99,0.0,31940.0,0,0,0,
PRV52837,No,0,Low,71,449.72,2.8,31930.0,0,0,0,
PRV57181,No,0,Low,121,263.72,0.0,31910.0,0,0,0,
PRV57242,No,0,Low,103,309.71,0.0,31900.0,0,0,0,
PRV54521,No,0,Low,64,497.5,0.0,31840.0,0,0,0,
PRV52855,No,0,Low,22,1445.45,13.6,31800.0,0,0,0,
PRV52061,No,0,Low,131,242.67,0.0,31790.0,0,0,0,
PRV54414,No,0,Low,30,1059.33,3.3,31780.0,0,0,0,
PRV55852,Yes,0,Low,60,528.83,5.0,31730.0,0,0,0,
PRV52478,No,0,Low,55,576.36,9.1,31700.0,0,0,0,
PRV56005,No,0,Low,74,427.84,2.7,31660.0,0,0,0,
PRV56241,No,0,Low,140,226.0,0.0,31640.0,0,0,0,
PRV56571,No,0,Low,11,2865.45,27.3,31520.0,0,0,0,
PRV51856,No,0,Low,117,269.23,0.0,31500.0,0,0,0,
PRV57612,No,0,Low,6,5248.33,50.0,31490.0,0,0,0,
PRV52099,No,0,Low,90,348.56,2.2,31370.0,0,0,0,
PRV55866,No,0,Low,115,272.78,0.0,31370.0,0,0,0,
PRV53260,No,0,Low,134,233.73,1.5,31320.0,0,0,0,
PRV53876,No,0,Low,125,250.48,0.0,31310.0,0,0,0,
PRV56364,No,0,Low,79,395.95,0.0,31280.0,0,0,0,
PRV51419,No,0,Low,65,480.77,3.1,31250.0,0,0,0,
PRV54365,No,0,Low,115,271.22,0.0,31190.0,0,0,0,
PRV53612,No,0,Low,46,677.83,13.0,31180.0,0,0,0,
PRV53775,No,0,Low,47,663.19,4.3,31170.0,0,0,0,
PRV56172,No,0,Low,11,2830.91,27.3,31140.0,0,0,0,
PRV51298,No,0,Low,100,311.2,0.0,31120.0,0,0,0,
PRV52808,No,0,Low,5,6216.0,80.0,31080.0,0,0,0,
PRV51398,No,0,Low,86,360.93,1.2,31040.0,0,0,0,
PRV51978,No,0,Low,4,7750.0,100.0,31000.0,0,0,0,
PRV56126,No,0,Low,6,5166.67,100.0,31000.0,0,0,0,
PRV57087,No,0,Low,4,7750.0,100.0,31000.0,0,0,0,
PRV57633,No,0,Low,4,7750.0,100.0,31000.0,0,0,0,
PRV56915,No,0,Low,4,7725.0,100.0,30900.0,0,0,0,
PRV53076,No,0,Low,105,293.71,0.0,30840.0,0,0,0,
PRV57491,No,0,Low,116,265.78,0.0,30830.0,0,0,0,
PRV51052,Yes,0,Low,46,669.57,4.3,30800.0,0,0,0,
PRV51029,No,0,Low,93,329.68,0.0,30660.0,0,0,0,
PRV52508,No,0,Low,37,828.11,5.4,30640.0,0,0,0,
PRV53698,No,0,Low,77,396.75,0.0,30550.0,0,0,0,
PRV54156,No,0,Low,121,251.9,0.0,30480.0,0,0,0,
PRV54061,No,0,Low,11,2770.0,36.4,30470.0,0,0,0,
PRV54923,No,0,Low,79,384.81,0.0,30400.0,0,0,0,
PRV55541,No,0,Low,134,226.72,0.0,30380.0,0,0,0,
PRV51414,No,0,Low,28,1079.64,10.7,30230.0,0,0,0,
PRV57263,No,0,Low,52,579.42,0.0,30130.0,0,0,0,
PRV53431,No,0,Low,42,716.19,2.4,30080.0,0,0,0,
PRV53814,No,0,Low,53,566.79,5.7,30040.0,0,0,0,
PRV54789,No,0,Low,3,10000.0,100.0,30000.0,0,0,0,
PRV57072,No,0,Low,4,7500.0,100.0,30000.0,0,0,0,
PRV51027,No,0,Low,53,563.02,0.0,29840.0,0,0,0,
PRV53229,No,0,Low,139,214.68,0.0,29840.0,0,0,0,
PRV57577,No,0,Low,73,408.36,0.0,29810.0,0,0,0,
PRV53312,No,0,Low,65,458.31,1.5,29790.0,0,0,0,
PRV56384,No,0,Low,49,607.96,4.1,29790.0,0,0,0,
PRV54963,No,0,Low,67,444.33,1.5,29770.0,0,0,0,
PRV55551,No,0,Low,91,327.03,0.0,29760.0,0,0,0,
PRV53127,No,0,Low,99,300.3,1.0,29730.0,0,0,0,
PRV56594,No,0,Low,70,424.71,0.0,29730.0,0,0,0,
PRV57153,No,0,Low,94,315.85,0.0,29690.0,0,0,0,
PRV51424,No,0,Low,86,345.0,1.2,29670.0,0,0,0,
PRV52567,No,0,Low,66,449.55,0.0,29670.0,0,0,0,
PRV56026,No,0,Low,44,673.86,0.0,29650.0,0,0,0,
PRV55714,No,0,Low,22,1347.27,13.6,29640.0,0,0,0,
PRV55573,No,0,Low,11,2693.64,36.4,29630.0,0,0,0,
PRV55614,No,0,Low,73,404.52,0.0,29530.0,0,0,0,
PRV52439,No,0,Low,121,243.97,0.0,29520.0,0,0,0,
PRV53594,No,0,Low,101,291.78,0.0,29470.0,0,0,0,
PRV57641,No,0,Low,61,483.11,4.9,29470.0,0,0,0,
PRV51743,No,0,Low,118,248.98,0.0,29380.0,0,0,0,
PRV51404,No,0,Low,59,497.46,1.7,29350.0,0,0,0,
PRV56353,No,0,Low,96,305.63,0.0,29340.0,0,0,0,
PRV55187,No,0,Low,125,234.16,0.0,29270.0,0,0,0,
PRV51496,No,0,Low,123,237.8,0.0,29250.0,0,0,0,
PRV52657,No,0,Low,121,241.74,0.0,29250.0,0,0,0,
PRV57198,No,0,Low,54,540.74,5.6,29200.0,0,0,0,
PRV56440,No,0,Low,89,327.53,0.0,29150.0,0,0,0,
PRV51441,No,0,Low,85,342.71,0.0,29130.0,0,0,0,
PRV51234,No,0,Low,5,5800.0,100.0,29000.0,0,0,0,
PRV51810,No,0,Low,3,9666.67,100.0,29000.0,0,0,0,
PRV52925,No,0,Low,4,7250.0,100.0,29000.0,0,0,0,
PRV52976,No,0,Low,4,7250.0,100.0,29000.0,0,0,0,
PRV55067,No,0,Low,1,29000.0,100.0,29000.0,0,0,0,
PRV57077,No,0,Low,3,9666.67,100.0,29000.0,0,0,0,
PRV51943,No,0,Low,89,325.51,1.1,28970.0,0,0,0,
PRV54434,No,0,Low,42,686.43,4.8,28830.0,0,0,0,
PRV51312,No,0,Low,46,625.87,8.7,28790.0,0,0,0,
PRV57046,No,0,Low,97,296.8,0.0,28790.0,0,0,0,
PRV57584,No,0,Low,43,668.84,7.0,28760.0,0,0,0,
PRV54590,No,0,Low,66,434.85,1.5,28700.0,0,0,0,
PRV56287,No,0,Low,107,268.04,0.0,28680.0,0,0,0,
PRV52193,No,0,Low,153,187.06,0.0,28620.0,0,0,0,
PRV55279,No,0,Low,81,353.21,0.0,28610.0,0,0,0,
PRV52317,No,0,Low,25,1143.6,8.0,28590.0,0,0,0,
PRV57449,No,0,Low,103,275.53,0.0,28380.0,0,0,0,
PRV57113,No,0,Low,7,4050.0,28.6,28350.0,0,0,0,
PRV52081,No,0,Low,24,1177.92,12.5,28270.0,0,0,0,
PRV56759,No,0,Low,11,2569.09,18.2,28260.0,0,0,0,
PRV53376,No,0,Low,74,381.62,0.0,28240.0,0,0,0,
PRV57336,No,0,Low,135,209.04,0.0,28220.0,0,0,0,
PRV54953,No,0,Low,102,276.47,0.0,28200.0,0,0,0,
PRV52046,No,0,Low,101,279.11,0.0,28190.0,0,0,0,
PRV53409,No,0,Low,34,827.35,8.8,28130.0,0,0,0,
PRV51635,No,0,Low,29,969.66,3.4,28120.0,0,0,0,
PRV55704,No,0,Low,38,739.74,10.5,28110.0,0,0,0,
PRV54400,No,0,Low,96,291.98,0.0,28030.0,0,0,0,
PRV51831,No,0,Low,2,14000.0,100.0,28000.0,0,0,0,
PRV52162,No,0,Low,39,717.95,2.6,28000.0,0,0,0,
PRV55130,No,0,Low,3,9333.33,100.0,28000.0,0,0,0,
PRV55161,No,0,Low,2,14000.0,100.0,28000.0,0,0,0,
PRV56289,No,0,Low,5,5600.0,100.0,28000.0,0,0,0,
PRV56904,No,0,Low,4,7000.0,100.0,28000.0,0,0,0,
PRV57636,No,0,Low,5,5600.0,100.0,28000.0,0,0,0,
PRV54157,No,0,Low,130,215.23,0.0,27980.0,0,0,0,
PRV56045,No,0,Low,120,233.17,0.0,27980.0,0,0,0,
PRV51910,No,0,Low,82,340.85,0.0,27950.0,0,0,0,
PRV52262,No,0,Low,112,248.57,0.0,27840.0,0,0,0,
PRV52042,No,0,Low,52,533.08,1.9,27720.0,0,0,0,
PRV51048,No,0,Low,38,728.95,10.5,27700.0,0,0,0,
PRV57288,No,0,Low,93,297.31,0.0,27650.0,0,0,0,
PRV55045,No,0,Low,66,418.64,0.0,27630.0,0,0,0,
PRV53831,No,0,Low,83,331.93,0.0,27550.0,0,0,0,
PRV53321,No,0,Low,81,339.88,0.0,27530.0,0,0,0,
PRV52833,No,0,Low,14,1961.43,28.6,27460.0,0,0,0,
PRV56745,No,0,Low,132,208.03,0.0,27460.0,0,0,0,
PRV52921,No,0,Low,46,596.74,6.5,27450.0,0,0,0,
PRV57235,No,0,Low,15,1827.33,20.0,27410.0,0,0,0,
PRV56401,No,0,Low,143,191.54,0.0,27390.0,0,0,0,
PRV57149,No,0,Low,143,191.54,0.0,27390.0,0,0,0,
PRV56013,No,0,Low,90,304.0,0.0,27360.0,0,0,0,
PRV55720,No,0,Low,11,2484.55,36.4,27330.0,0,0,0,
PRV51934,No,0,Low,111,245.68,0.0,27270.0,0,0,0,
PRV54134,No,0,Low,44,619.32,4.5,27250.0,0,0,0,
PRV52275,No,0,Low,101,269.5,0.0,27220.0,0,0,0,
PRV54443,No,0,Low,61,445.9,0.0,27200.0,0,0,0,
PRV56866,No,0,Low,68,399.71,0.0,27180.0,0,0,0,
PRV52964,No,0,Low,91,298.24,0.0,27140.0,0,0,0,
PRV53106,Yes,0,Low,44,616.82,9.1,27140.0,0,0,0,
PRV52949,No,0,Low,79,342.78,0.0,27080.0,0,0,0,
PRV55002,No,0,Low,100,270.6,0.0,27060.0,0,0,0,
PRV53210,No,0,Low,32,845.31,9.4,27050.0,0,0,0,
PRV51110,No,0,Low,5,5400.0,100.0,27000.0,0,0,0,
PRV51233,No,0,Low,3,9000.0,100.0,27000.0,0,0,0,
PRV52458,No,0,Low,1,27000.0,100.0,27000.0,0,0,0,
PRV54674,No,0,Low,3,9000.0,100.0,27000.0,0,0,0,
PRV55487,No,0,Low,78,346.15,0.0,27000.0,0,0,0,
PRV55828,No,0,Low,24,1123.75,29.2,26970.0,0,0,0,
PRV56611,No,0,Low,123,219.27,0.0,26970.0,0,0,0,
PRV52336,No,0,Low,86,313.49,0.0,26960.0,0,0,0,
PRV51123,No,0,Low,31,868.06,6.5,26910.0,0,0,0,
PRV52879,No,0,Low,120,224.0,0.0,26880.0,0,0,0,
PRV52211,No,0,Low,130,206.62,0.0,26860.0,0,0,0,
PRV51632,No,0,Low,26,1032.69,15.4,26850.0,0,0,0,
PRV54396,No,0,Low,44,610.0,2.3,26840.0,0,0,0,
PRV55576,No,0,Low,60,447.17,5.0,26830.0,0,0,0,
PRV51691,No,0,Low,88,304.43,0.0,26790.0,0,0,0,
PRV56485,No,0,Low,48,558.13,2.1,26790.0,0,0,0,
PRV57704,No,0,Low,7,3824.29,42.9,26770.0,0,0,0,
PRV57507,No,0,Low,112,238.75,0.0,26740.0,0,0,0,
PRV57441,No,0,Low,74,360.27,0.0,26660.0,0,0,0,
PRV52246,No,0,Low,67,395.67,0.0,26510.0,0,0,0,
PRV54636,No,0,Low,76,348.68,0.0,26500.0,0,0,0,
PRV51869,No,0,Low,21,1260.95,9.5,26480.0,0,0,0,
PRV53119,Yes,0,Low,18,1467.22,16.7,26410.0,0,0,0,
PRV52422,No,0,Low,58,455.17,0.0,26400.0,0,0,0,
PRV56750,No,0,Low,11,2395.45,9.1,26350.0,0,0,0,
PRV51155,No,0,Low,115,228.96,0.0,26330.0,0,0,0,
PRV54785,No,0,Low,8,3291.25,25.0,26330.0,0,0,0,
PRV55318,No,0,Low,63,417.46,0.0,26300.0,0,0,0,
PRV54877,No,0,Low,70,375.57,0.0,26290.0,0,0,0,
PRV53801,No,0,Low,59,445.08,0.0,26260.0,0,0,0,
PRV51344,No,0,Low,33,795.45,6.1,26250.0,0,0,0,
PRV53523,No,0,Low,89,294.94,0.0,26250.0,0,0,0,
PRV56486,No,0,Low,77,340.52,0.0,26220.0,0,0,0,
PRV52895,No,0,Low,81,323.21,0.0,26180.0,0,0,0,
PRV57241,No,0,Low,59,443.73,0.0,26180.0,0,0,0,
PRV53979,No,0,Low,77,339.87,0.0,26170.0,0,0,0,
PRV56258,No,0,Low,70,373.29,0.0,26130.0,0,0,0,
PRV57500,No,0,Low,79,330.25,0.0,26090.0,0,0,0,
PRV56039,No,0,Low,97,268.25,0.0,26020.0,0,0,0,
PRV51232,No,0,Low,1,26000.0,100.0,26000.0,0,0,0,
PRV57699,No,0,Low,3,8666.67,100.0,26000.0,0,0,0,
PRV51425,No,0,Low,33,787.58,9.1,25990.0,0,0,0,
PRV51442,No,0,Low,6,4328.33,33.3,25970.0,0,0,0,
PRV55182,No,0,Low,102,254.31,0.0,25940.0,0,0,0,
PRV55071,No,0,Low,70,370.43,0.0,25930.0,0,0,0,
PRV54036,No,0,Low,100,258.9,0.0,25890.0,0,0,0,
PRV51558,No,0,Low,26,995.0,19.2,25870.0,0,0,0,
PRV56483,No,0,Low,32,807.81,6.3,25850.0,0,0,0,
PRV53342,No,0,Low,73,353.56,0.0,25810.0,0,0,0,
PRV51152,No,0,Low,83,310.48,0.0,25770.0,0,0,0,
PRV52568,No,0,Low,87,295.75,0.0,25730.0,0,0,0,
PRV53471,No,0,Low,31,829.68,3.2,25720.0,0,0,0,
PRV53614,No,0,Low,118,217.88,0.0,25710.0,0,0,0,
PRV51287,No,0,Low,78,329.49,0.0,25700.0,0,0,0,
PRV53793,No,0,Low,45,571.11,0.0,25700.0,0,0,0,
PRV54758,No,0,Low,95,270.42,0.0,25690.0,0,0,0,
PRV54630,No,0,Low,85,302.12,0.0,25680.0,0,0,0,
PRV51885,No,0,Low,85,302.0,0.0,25670.0,0,0,0,
PRV51416,No,0,Low,81,316.54,0.0,25640.0,0,0,0,
PRV52701,No,0,Low,96,266.77,0.0,25610.0,0,0,0,
PRV56208,No,0,Low,67,382.24,0.0,25610.0,0,0,0,
PRV54389,No,0,Low,56,456.96,0.0,25590.0,0,0,0,
PRV54662,No,0,Low,45,568.67,6.7,25590.0,0,0,0,
PRV55920,No,0,Low,110,232.27,0.0,25550.0,0,0,0,
PRV51678,No,0,Low,66,386.97,0.0,25540.0,0,0,0,
PRV51911,No,0,Low,93,274.62,0.0,25540.0,0,0,0,
PRV54938,No,0,Low,86,296.86,0.0,25530.0,0,0,0,
PRV54911,No,0,Low,85,300.24,0.0,25520.0,0,0,0,
PRV54261,No,0,Low,75,339.87,0.0,25490.0,0,0,0,
PRV52249,No,0,Low,47,542.13,0.0,25480.0,0,0,0,
PRV52905,No,0,Low,130,195.69,0.0,25440.0,0,0,0,
PRV56967,No,0,Low,91,279.56,0.0,25440.0,0,0,0,
PRV56783,No,0,Low,85,299.18,0.0,25430.0,0,0,0,
PRV51970,No,0,Low,35,726.0,0.0,25410.0,0,0,0,
PRV55717,No,0,Low,73,347.4,0.0,25360.0,0,0,0,
PRV52948,No,0,Low,106,238.87,0.0,25320.0,0,0,0,
PRV53709,No,0,Low,99,255.66,0.0,25310.0,0,0,0,
PRV53232,No,0,Low,64,395.31,0.0,25300.0,0,0,0,
PRV54442,No,0,Low,68,372.06,0.0,25300.0,0,0,0,
PRV55901,No,0,Low,101,250.5,0.0,25300.0,0,0,0,
PRV52838,No,0,Low,83,303.98,0.0,25230.0,0,0,0,
PRV52240,No,0,Low,62,406.77,0.0,25220.0,0,0,0,
PRV54868,No,0,Low,105,240.19,0.0,25220.0,0,0,0,
PRV55258,No,0,Low,42,600.0,2.4,25200.0,0,0,0,
PRV56088,No,0,Low,85,295.88,0.0,25150.0,0,0,0,
PRV56585,No,0,Low,7,3584.29,57.1,25090.0,0,0,0,
PRV53765,No,0,Low,67,374.33,0.0,25080.0,0,0,0,
PRV56360,No,0,Low,78,321.28,0.0,25060.0,0,0,0,
PRV57352,No,0,Low,44,569.32,6.8,25050.0,0,0,0,
PRV55314,No,0,Low,89,281.35,0.0,25040.0,0,0,0,
PRV51820,No,0,Low,5,5000.0,100.0,25000.0,0,0,0,
PRV52521,No,0,Low,113,221.24,0.0,25000.0,0,0,0,
PRV53451,No,0,Low,5,5000.0,100.0,25000.0,0,0,0,
PRV54500,No,0,Low,2,12500.0,100.0,25000.0,0,0,0,
PRV55135,No,0,Low,3,8333.33,100.0,25000.0,0,0,0,
PRV55138,No,0,Low,3,8333.33,100.0,25000.0,0,0,0,
PRV55600,No,0,Low,4,6250.0,100.0,25000.0,0,0,0,
PRV52088,No,0,Low,44,567.95,2.3,24990.0,0,0,0,
PRV52678,No,0,Low,74,336.89,0.0,24930.0,0,0,0,
PRV51166,No,0,Low,5,4974.0,20.0,24870.0,0,0,0,
PRV51066,No,0,Low,24,1032.92,8.3,24790.0,0,0,0,
PRV57240,No,0,Low,72,344.31,0.0,24790.0,0,0,0,
PRV56766,No,0,Low,29,854.48,6.9,24780.0,0,0,0,
PRV55368,No,0,Low,115,215.39,0.0,24770.0,0,0,0,
PRV56222,No,0,Low,101,245.25,0.0,24770.0,0,0,0,
PRV56722,No,0,Low,25,990.8,8.0,24770.0,0,0,0,
PRV56261,No,0,Low,69,357.83,0.0,24690.0,0,0,0,
PRV56275,No,0,Low,80,308.63,0.0,24690.0,0,0,0,
PRV57580,No,0,Low,134,183.96,0.0,24650.0,0,0,0,
PRV56835,No,0,Low,103,239.22,0.0,24640.0,0,0,0,
PRV55768,No,0,Low,64,383.91,0.0,24570.0,0,0,0,
PRV54155,No,0,Low,51,479.22,2.0,24440.0,0,0,0,
PRV54723,No,0,Low,90,270.56,0.0,24350.0,0,0,0,
PRV57512,No,0,Low,108,225.28,0.0,24330.0,0,0,0,
PRV52410,No,0,Low,58,419.14,0.0,24310.0,0,0,0,
PRV55061,No,0,Low,95,255.68,0.0,24290.0,0,0,0,
PRV54727,No,0,Low,59,411.36,0.0,24270.0,0,0,0,
PRV57194,No,0,Low,30,808.67,6.7,24260.0,0,0,0,
PRV55307,No,0,Low,110,220.45,0.0,24250.0,0,0,0,
PRV53128,No,0,Low,33,733.94,3.0,24220.0,0,0,0,
PRV55197,No,0,Low,73,331.64,0.0,24210.0,0,0,0,
PRV52455,No,0,Low,76,318.42,0.0,24200.0,0,0,0,
PRV55099,No,0,Low,97,249.48,0.0,24200.0,0,0,0,
PRV53534,No,0,Low,76,318.29,0.0,24190.0,0,0,0,
PRV57438,No,0,Low,14,1727.14,28.6,24180.0,0,0,0,
PRV52355,No,0,Low,63,383.65,0.0,24170.0,0,0,0,
PRV54578,No,0,Low,77,313.38,0.0,24130.0,0,0,0,
PRV56281,No,0,Low,54,446.85,0.0,24130.0,0,0,0,
PRV57010,No,0,Low,57,423.33,0.0,24130.0,0,0,0,
PRV51956,No,0,Low,14,1722.14,14.3,24110.0,0,0,0,
PRV51947,No,0,Low,28,860.36,3.6,24090.0,0,0,0,
PRV56405,No,0,Low,60,401.5,0.0,24090.0,0,0,0,
PRV51503,No,0,Low,57,422.28,0.0,24070.0,0,0,0,
PRV55363,No,0,Low,62,388.23,0.0,24070.0,0,0,0,
PRV52886,No,0,Low,70,343.29,0.0,24030.0,0,0,0,
PRV56978,No,0,Low,120,200.25,0.0,24030.0,0,0,0,
PRV56288,No,0,Low,2,12000.0,100.0,24000.0,0,0,0,
PRV56274,No,0,Low,8,2997.5,50.0,23980.0,0,0,0,
PRV54341,No,0,Low,55,435.82,1.8,23970.0,0,0,0,
PRV56148,No,0,Low,143,167.48,0.0,23950.0,0,0,0,
PRV55343,No,0,Low,90,266.0,0.0,23940.0,0,0,0,
PRV52431,No,0,Low,63,378.57,0.0,23850.0,0,0,0,
PRV57190,No,0,Low,83,287.35,0.0,23850.0,0,0,0,
PRV52575,No,0,Low,70,339.71,0.0,23780.0,0,0,0,
PRV56972,No,0,Low,48,495.0,0.0,23760.0,0,0,0,
PRV53928,No,0,Low,41,579.27,7.3,23750.0,0,0,0,
PRV55909,No,0,Low,107,221.96,0.0,23750.0,0,0,0,
PRV51405,No,0,Low,49,483.88,4.1,23710.0,0,0,0,
PRV56211,No,0,Low,83,285.54,0.0,23700.0,0,0,0,
PRV53154,No,0,Low,52,455.19,0.0,23670.0,0,0,0,
PRV56856,No,0,Low,90,263.0,0.0,23670.0,0,0,0,
PRV55688,No,0,Low,47,502.13,2.1,23600.0,0,0,0,
PRV52953,No,0,Low,85,277.41,0.0,23580.0,0,0,0,
PRV51484,No,0,Low,86,274.07,2.3,23570.0,0,0,0,
PRV57356,No,0,Low,67,351.79,0.0,23570.0,0,0,0,
PRV51248,No,0,Low,2,11750.0,50.0,23500.0,0,0,0,
PRV54943,No,0,Low,23,1019.57,8.7,23450.0,0,0,0,
PRV55361,No,0,Low,85,275.53,0.0,23420.0,0,0,0,
PRV54616,No,0,Low,5,4662.0,40.0,23310.0,0,0,0,
PRV53110,No,0,Low,30,776.0,3.3,23280.0,0,0,0,
PRV55220,No,0,Low,102,228.24,0.0,23280.0,0,0,0,
PRV55942,No,0,Low,82,283.78,2.4,23270.0,0,0,0,
PRV54935,No,0,Low,89,261.24,3.4,23250.0,0,0,0,
PRV55390,No,0,Low,26,890.38,0.0,23150.0,0,0,0,
PRV55855,No,0,Low,114,203.07,0.0,23150.0,0,0,0,
PRV54254,No,0,Low,104,222.5,0.0,23140.0,0,0,0,
PRV55446,No,0,Low,98,236.12,0.0,23140.0,0,0,0,
PRV56284,No,0,Low,67,344.63,0.0,23090.0,0,0,0,
PRV51716,No,0,Low,82,280.85,0.0,23030.0,0,0,0,
PRV52901,No,0,Low,85,270.94,0.0,23030.0,0,0,0,
PRV56286,No,0,Low,1,23000.0,100.0,23000.0,0,0,0,
PRV55447,No,0,Low,66,348.33,0.0,22990.0,0,0,0,
PRV55699,No,0,Low,30,765.33,3.3,22960.0,0,0,0,
PRV56263,No,0,Low,18,1274.44,11.1,22940.0,0,0,0,
PRV57015,No,0,Low,44,521.14,0.0,22930.0,0,0,0,
PRV51129,No,0,Low,96,238.75,0.0,22920.0,0,0,0,
PRV57380,No,0,Low,87,262.99,0.0,22880.0,0,0,0,
PRV56040,No,0,Low,13,1757.69,0.0,22850.0,0,0,0,
PRV54091,No,0,Low,112,203.75,0.0,22820.0,0,0,0,
PRV54114,No,0,Low,11,2071.82,27.3,22790.0,0,0,0,
PRV54515,No,0,Low,67,339.55,0.0,22750.0,0,0,0,
PRV56807,No,0,Low,91,249.89,0.0,22740.0,0,0,0,
PRV57477,No,0,Low,85,267.53,0.0,22740.0,0,0,0,
PRV56645,No,0,Low,64,355.0,0.0,22720.0,0,0,0,
PRV56537,No,0,Low,104,218.37,0.0,22710.0,0,0,0,
PRV53429,No,0,Low,29,782.41,3.4,22690.0,0,0,0,
PRV56557,No,0,Low,65,349.08,0.0,22690.0,0,0,0,
PRV51688,No,0,Low,9,2517.78,22.2,22660.0,0,0,0,
PRV56145,No,0,Low,52,435.58,0.0,22650.0,0,0,0,
PRV54585,No,0,Low,75,301.6,0.0,22620.0,0,0,0,
PRV54927,No,0,Low,102,221.57,0.0,22600.0,0,0,0,
PRV55946,No,0,Low,50,452.0,0.0,22600.0,0,0,0,
PRV54334,No,0,Low,105,215.14,0.0,22590.0,0,0,0,
PRV53055,No,0,Low,80,282.13,0.0,22570.0,0,0,0,
PRV51250,No,0,Low,85,265.41,0.0,22560.0,0,0,0,
PRV57332,No,0,Low,98,230.2,0.0,22560.0,0,0,0,
PRV54250,No,0,Low,62,363.39,0.0,22530.0,0,0,0,
PRV53805,No,0,Low,70,321.71,0.0,22520.0,0,0,0,
PRV53621,No,0,Low,81,277.78,0.0,22500.0,0,0,0,
PRV54423,No,0,Low,93,241.72,0.0,22480.0,0,0,0,
PRV54537,No,0,Low,60,374.5,0.0,22470.0,0,0,0,
PRV52691,No,0,Low,17,1316.47,17.6,22380.0,0,0,0,
PRV52356,No,0,Low,98,228.06,0.0,22350.0,0,0,0,
PRV53194,No,0,Low,32,697.81,0.0,22330.0,0,0,0,
PRV55260,No,0,Low,57,391.4,0.0,22310.0,0,0,0,
PRV53109,No,0,Low,28,796.07,10.7,22290.0,0,0,0,
PRV52069,No,0,Low,88,253.18,0.0,22280.0,0,0,0,
PRV55198,No,0,Low,68,327.65,2.9,22280.0,0,0,0,
PRV53971,No,0,Low,102,217.75,0.0,22210.0,0,0,0,
PRV52113,No,0,Low,120,184.75,0.0,22170.0,0,0,0,
PRV57445,No,0,Low,30,738.33,6.7,22150.0,0,0,0,
PRV52486,No,0,Low,69,320.87,0.0,22140.0,0,0,0,
PRV55592,No,0,Low,117,189.23,0.0,22140.0,0,0,0,
PRV53989,No,0,Low,27,819.63,3.7,22130.0,0,0,0,
PRV53977,No,0,Low,65,340.31,0.0,22120.0,0,0,0,
PRV55426,No,0,Low,77,287.14,0.0,22110.0,0,0,0,
PRV52433,No,0,Low,85,259.53,0.0,22060.0,0,0,0,
PRV55691,No,0,Low,40,551.5,7.5,22060.0,0,0,0,
PRV57469,No,0,Low,58,380.17,0.0,22050.0,0,0,0,
PRV55870,No,0,Low,56,393.39,0.0,22030.0,0,0,0,
PRV53380,No,0,Low,4,5500.0,100.0,22000.0,0,0,0,
PRV53599,No,0,Low,3,7333.33,100.0,22000.0,0,0,0,
PRV56543,No,0,Low,4,5500.0,100.0,22000.0,0,0,0,
PRV57385,No,0,Low,90,243.67,0.0,21930.0,0,0,0,
PRV54967,No,0,Low,51,429.8,0.0,21920.0,0,0,0,
PRV53470,No,0,Low,64,342.19,0.0,21900.0,0,0,0,
PRV53940,No,0,Low,97,225.67,0.0,21890.0,0,0,0,
PRV53533,No,0,Low,51,428.43,0.0,21850.0,0,0,0,
PRV54320,No,0,Low,102,213.33,0.0,21760.0,0,0,0,
PRV51253,No,0,Low,85,255.76,0.0,21740.0,0,0,0,
PRV53944,No,0,Low,104,209.04,0.0,21740.0,0,0,0,
PRV53905,No,0,Low,77,282.21,0.0,21730.0,0,0,0,
PRV51049,No,0,Low,71,305.92,0.0,21720.0,0,0,0,
PRV56234,No,0,Low,70,310.29,0.0,21720.0,0,0,0,
PRV51055,No,0,Low,22,983.64,9.1,21640.0,0,0,0,
PRV53771,No,0,Low,51,423.73,0.0,21610.0,0,0,0,
PRV51697,No,0,Low,63,342.86,0.0,21600.0,0,0,0,
PRV56010,No,0,Low,83,260.24,0.0,21600.0,0,0,0,
PRV54478,No,0,Low,64,337.34,0.0,21590.0,0,0,0,
PRV56697,No,0,Low,78,276.54,0.0,21570.0,0,0,0,
PRV55376,No,0,Low,88,243.98,0.0,21470.0,0,0,0,
PRV53305,No,0,Low,19,1128.42,5.3,21440.0,0,0,0,
PRV54206,No,0,Low,44,486.36,2.3,21400.0,0,0,0,
PRV56945,No,0,Low,57,375.44,0.0,21400.0,0,0,0,
PRV51792,No,0,Low,46,465.0,0.0,21390.0,0,0,0,
PRV57423,No,0,Low,47,454.89,0.0,21380.0,0,0,0,
PRV51044,No,0,Low,59,361.53,0.0,21330.0,0,0,0,
PRV54538,No,0,Low,48,444.38,0.0,21330.0,0,0,0,
PRV55297,No,0,Low,98,217.14,0.0,21280.0,0,0,0,
PRV51293,No,0,Low,88,240.91,0.0,21200.0,0,0,0,
PRV51620,No,0,Low,8,2648.75,37.5,21190.0,0,0,0,
PRV54991,No,0,Low,130,162.92,0.0,21180.0,0,0,0,
PRV54809,No,0,Low,55,384.91,0.0,21170.0,0,0,0,
PRV54932,No,0,Low,59,358.64,1.7,21160.0,0,0,0,
PRV54829,No,0,Low,75,281.87,0.0,21140.0,0,0,0,
PRV55921,No,0,Low,59,358.31,0.0,21140.0,0,0,0,
PRV57684,No,0,Low,65,324.77,0.0,21110.0,0,0,0,
PRV51693,No,0,Low,113,186.73,0.0,21100.0,0,0,0,
PRV53851,No,0,Low,48,439.58,0.0,21100.0,0,0,0,
PRV51669,No,0,Low,76,277.11,0.0,21060.0,0,0,0,
PRV56653,No,0,Low,72,292.5,0.0,21060.0,0,0,0,
PRV57601,No,0,Low,62,339.03,0.0,21020.0,0,0,0,
PRV55386,No,0,Low,82,256.22,0.0,21010.0,0,0,0,
PRV51316,No,0,Low,3,7000.0,100.0,21000.0,0,0,0,
PRV53602,No,0,Low,4,5250.0,100.0,21000.0,0,0,0,
PRV57089,No,0,Low,3,7000.0,100.0,21000.0,0,0,0,
PRV57097,No,0,Low,3,7000.0,100.0,21000.0,0,0,0,
PRV54239,No,0,Low,62,338.39,0.0,20980.0,0,0,0,
PRV53216,No,0,Low,115,182.0,0.0,20930.0,0,0,0,
PRV55218,No,0,Low,94,222.45,0.0,20910.0,0,0,0,
PRV55729,No,0,Low,114,183.42,0.0,20910.0,0,0,0,
PRV56278,No,0,Low,27,774.44,0.0,20910.0,0,0,0,
PRV56826,No,0,Low,24,869.58,16.7,20870.0,0,0,0,
PRV51323,No,0,Low,76,274.47,0.0,20860.0,0,0,0,
PRV53708,No,0,Low,53,392.83,0.0,20820.0,0,0,0,
PRV55274,No,0,Low,70,297.14,0.0,20800.0,0,0,0,
PRV54814,No,0,Low,82,253.54,0.0,20790.0,0,0,0,
PRV55765,No,0,Low,20,1039.5,10.0,20790.0,0,0,0,
PRV54171,No,0,Low,72,288.06,0.0,20740.0,0,0,0,
PRV56191,No,0,Low,62,334.03,0.0,20710.0,0,0,0,
PRV57557,No,0,Low,97,213.4,0.0,20700.0,0,0,0,
PRV52332,No,0,Low,64,322.66,0.0,20650.0,0,0,0,
PRV53057,No,0,Low,53,389.43,0.0,20640.0,0,0,0,
PRV54783,No,0,Low,28,733.21,0.0,20530.0,0,0,0,
PRV51638,No,0,Low,4,5122.5,50.0,20490.0,0,0,0,
PRV51143,No,0,Low,77,265.58,0.0,20450.0,0,0,0,
PRV51613,No,0,Low,21,973.81,19.0,20450.0,0,0,0,
PRV52435,No,0,Low,70,291.71,0.0,20420.0,0,0,0,
PRV52349,No,0,Low,99,206.16,0.0,20410.0,0,0,0,
PRV52441,No,0,Low,94,217.13,0.0,20410.0,0,0,0,
PRV56247,No,0,Low,26,785.0,7.7,20410.0,0,0,0,
PRV55295,No,0,Low,88,231.59,0.0,20380.0,0,0,0,
PRV52087,No,0,Low,56,363.39,3.6,20350.0,0,0,0,
PRV52412,No,0,Low,63,322.86,0.0,20340.0,0,0,0,
PRV55032,No,0,Low,36,565.0,2.8,20340.0,0,0,0,
PRV55416,No,0,Low,73,278.49,2.7,20330.0,0,0,0,
PRV55366,No,0,Low,107,189.81,0.0,20310.0,0,0,0,
PRV55481,No,0,Low,52,390.58,1.9,20310.0,0,0,0,
PRV51280,No,0,Low,39,519.23,0.0,20250.0,0,0,0,
PRV55200,No,0,Low,69,293.48,0.0,20250.0,0,0,0,
PRV56417,No,0,Low,119,170.0,0.0,20230.0,0,0,0,
PRV57517,No,0,Low,60,337.17,0.0,20230.0,0,0,0,
PRV53179,No,0,Low,28,721.07,7.1,20190.0,0,0,0,
PRV55418,No,0,Low,9,2243.33,33.3,20190.0,0,0,0,
PRV51476,No,0,Low,18,1121.11,16.7,20180.0,0,0,0,
PRV57351,No,0,Low,34,593.53,0.0,20180.0,0,0,0,
PRV57128,No,0,Low,60,335.5,0.0,20130.0,0,0,0,
PRV53483,No,0,Low,18,1115.56,11.1,20080.0,0,0,0,
PRV56111,No,0,Low,93,215.7,0.0,20060.0,0,0,0,
PRV51510,No,0,Low,57,351.23,0.0,20020.0,0,0,0,
PRV51136,No,0,Low,1,20000.0,100.0,20000.0,0,0,0,
PRV51830,No,0,Low,6,3333.33,100.0,20000.0,0,0,0,
PRV54326,No,0,Low,5,4000.0,100.0,20000.0,0,0,0,
PRV56122,No,0,Low,3,6666.67,100.0,20000.0,0,0,0,
PRV57667,Yes,0,Low,3,6666.67,100.0,20000.0,0,0,0,
PRV56527,No,0,Low,57,350.7,0.0,19990.0,0,0,0,
PRV54976,No,0,Low,55,362.55,0.0,19940.0,0,0,0,
PRV51026,No,0,Low,76,261.05,0.0,19840.0,0,0,0,
PRV55995,No,0,Low,46,431.3,0.0,19840.0,0,0,0,
PRV53663,No,0,Low,76,260.66,0.0,19810.0,0,0,0,
PRV55012,No,0,Low,73,271.23,0.0,19800.0,0,0,0,
PRV53880,No,0,Low,61,324.43,0.0,19790.0,0,0,0,
PRV55166,No,0,Low,72,274.17,0.0,19740.0,0,0,0,
PRV54278,No,0,Low,61,322.79,0.0,19690.0,0,0,0,
PRV52097,No,0,Low,55,357.09,1.8,19640.0,0,0,0,
PRV57574,No,0,Low,58,338.62,0.0,19640.0,0,0,0,
PRV54201,No,0,Low,4,4900.0,100.0,19600.0,0,0,0,
PRV52328,No,0,Low,35,558.86,0.0,19560.0,0,0,0,
PRV52880,No,0,Low,20,978.0,15.0,19560.0,0,0,0,
PRV51438,No,0,Low,9,2167.78,22.2,19510.0,0,0,0,
PRV51141,No,0,Low,71,274.51,0.0,19490.0,0,0,0,
PRV52673,No,0,Low,87,223.79,0.0,19470.0,0,0,0,
PRV51376,No,0,Low,51,380.78,0.0,19420.0,0,0,0,
PRV51625,No,0,Low,7,2774.29,57.1,19420.0,0,0,0,
PRV53888,No,0,Low,70,277.29,0.0,19410.0,0,0,0,
PRV52354,No,0,Low,66,293.94,0.0,19400.0,0,0,0,
PRV51169,No,0,Low,77,251.69,0.0,19380.0,0,0,0,
PRV55580,No,0,Low,66,293.64,0.0,19380.0,0,0,0,
PRV51329,No,0,Low,74,261.62,0.0,19360.0,0,0,0,
PRV51379,No,0,Low,22,879.09,9.1,19340.0,0,0,0,
PRV53113,No,0,Low,81,238.52,0.0,19320.0,0,0,0,
PRV51870,No,0,Low,55,350.73,0.0,19290.0,0,0,0,
PRV51921,No,0,Low,70,275.57,0.0,19290.0,0,0,0,
PRV55985,No,0,Low,58,332.24,0.0,19270.0,0,0,0,
PRV57236,No,0,Low,87,220.34,0.0,19170.0,0,0,0,
PRV55150,No,0,Low,6,3183.33,66.7,19100.0,0,0,0,
PRV56840,No,0,Low,89,214.49,0.0,19090.0,0,0,0,
PRV51846,No,0,Low,29,657.59,6.9,19070.0,0,0,0,
PRV53389,No,0,Low,13,1466.92,7.7,19070.0,0,0,0,
PRV51973,No,0,Low,74,257.57,0.0,19060.0,0,0,0,
PRV51237,No,0,Low,1,19000.0,100.0,19000.0,0,0,0,
PRV52295,No,0,Low,5,3800.0,100.0,19000.0,0,0,0,
PRV53091,No,0,Low,4,4750.0,100.0,19000.0,0,0,0,
PRV54833,No,0,Low,88,215.91,0.0,19000.0,0,0,0,
PRV56900,No,0,Low,2,9500.0,100.0,19000.0,0,0,0,
PRV54582,No,0,Low,71,267.04,0.0,18960.0,0,0,0,
PRV57000,No,0,Low,61,310.0,0.0,18910.0,0,0,0,
PRV52725,No,0,Low,42,448.81,0.0,18850.0,0,0,0,
PRV56054,No,0,Low,45,418.44,0.0,18830.0,0,0,0,
PRV56525,No,0,Low,66,285.3,0.0,18830.0,0,0,0,
PRV55583,No,0,Low,12,1568.33,25.0,18820.0,0,0,0,
PRV51843,No,0,Low,50,376.2,0.0,18810.0,0,0,0,
PRV57361,No,0,Low,60,313.17,0.0,18790.0,0,0,0,
PRV52615,No,0,Low,9,2085.56,22.2,18770.0,0,0,0,
PRV56720,No,0,Low,12,1562.5,16.7,18750.0,0,0,0,
PRV52122,No,0,Low,41,457.07,0.0,18740.0,0,0,0,
PRV54219,No,0,Low,101,185.45,0.0,18730.0,0,0,0,
PRV57207,No,0,Low,73,256.3,0.0,18710.0,0,0,0,
PRV51990,No,0,Low,89,210.0,0.0,18690.0,0,0,0,
PRV56715,No,0,Low,13,1436.15,23.1,18670.0,0,0,0,
PRV57381,No,0,Low,49,380.41,0.0,18640.0,0,0,0,
PRV56651,No,0,Low,71,262.39,0.0,18630.0,0,0,0,
PRV53227,No,0,Low,74,251.49,0.0,18610.0,0,0,0,
PRV56220,No,0,Low,15,1240.67,20.0,18610.0,0,0,0,
PRV56909,No,0,Low,7,2655.71,42.9,18590.0,0,0,0,
PRV51790,No,0,Low,76,244.47,0.0,18580.0,0,0,0,
PRV57536,No,0,Low,79,234.94,0.0,18560.0,0,0,0,
PRV51194,No,0,Low,9,2060.0,22.2,18540.0,0,0,0,
PRV56747,No,0,Low,16,1158.13,6.3,18530.0,0,0,0,
PRV55178,No,0,Low,31,597.1,6.5,18510.0,0,0,0,
PRV56147,No,0,Low,8,2308.75,25.0,18470.0,0,0,0,
PRV57761,No,0,Low,82,225.24,0.0,18470.0,0,0,0,
PRV53526,No,0,Low,60,307.33,0.0,18440.0,0,0,0,
PRV51931,No,0,Low,46,400.65,2.2,18430.0,0,0,0,
PRV51366,No,0,Low,57,321.75,0.0,18340.0,0,0,0,
PRV53382,No,0,Low,45,407.11,0.0,18320.0,0,0,0,
PRV51937,No,0,Low,90,203.0,0.0,18270.0,0,0,0,
PRV53756,No,0,Low,59,308.64,0.0,18210.0,0,0,0,
PRV52798,No,0,Low,56,324.29,0.0,18160.0,0,0,0,
PRV54539,No,0,Low,69,262.75,0.0,18130.0,0,0,0,
PRV55771,No,0,Low,73,248.22,0.0,18120.0,0,0,0,
PRV51083,No,0,Low,90,201.11,0.0,18100.0,0,0,0,
PRV54954,No,0,Low,71,254.65,0.0,18080.0,0,0,0,
PRV57413,No,0,Low,52,346.73,0.0,18030.0,0,0,0,
PRV53633,No,0,Low,66,272.88,0.0,18010.0,0,0,0,
PRV51109,No,0,Low,3,6000.0,100.0,18000.0,0,0,0,
PRV51981,No,0,Low,5,3600.0,100.0,18000.0,0,0,0,
PRV52289,No,0,Low,4,4500.0,100.0,18000.0,0,0,0,
PRV53513,No,0,Low,2,9000.0,100.0,18000.0,0,0,0,
PRV55769,No,0,Low,15,1200.0,13.3,18000.0,0,0,0,
PRV56341,No,0,Low,1,18000.0,100.0,18000.0,0,0,0,
PRV57252,No,0,Low,3,6000.0,100.0,18000.0,0,0,0,
PRV51941,No,0,Low,27,666.3,7.4,17990.0,0,0,0,
PRV53717,No,0,Low,61,294.1,0.0,17940.0,0,0,0,
PRV53819,No,0,Low,53,338.3,0.0,17930.0,0,0,0,
PRV56535,No,0,Low,67,267.46,0.0,17920.0,0,0,0,
PRV51397,No,0,Low,40,446.75,0.0,17870.0,0,0,0,
PRV54024,No,0,Low,38,470.26,0.0,17870.0,0,0,0,
PRV56839,No,0,Low,12,1489.17,16.7,17870.0,0,0,0,
PRV54349,No,0,Low,77,231.82,0.0,17850.0,0,0,0,
PRV52171,No,0,Low,12,1485.0,25.0,17820.0,0,0,0,
PRV53782,No,0,Low,53,336.23,0.0,17820.0,0,0,0,
PRV53313,No,0,Low,68,261.76,0.0,17800.0,0,0,0,
PRV55013,No,0,Low,83,214.46,0.0,17800.0,0,0,0,
PRV56151,No,0,Low,87,204.37,0.0,17780.0,0,0,0,
PRV52022,No,0,Low,66,269.24,0.0,17770.0,0,0,0,
PRV53685,No,0,Low,45,394.89,0.0,17770.0,0,0,0,
PRV56279,No,0,Low,53,335.28,0.0,17770.0,0,0,0,
PRV55918,No,0,Low,10,1776.0,20.0,17760.0,0,0,0,
PRV52276,No,0,Low,68,261.03,0.0,17750.0,0,0,0,
PRV54062,No,0,Low,11,1611.82,18.2,17730.0,0,0,0,
PRV55530,No,0,Low,71,249.72,0.0,17730.0,0,0,0,
PRV54289,No,0,Low,56,316.43,0.0,17720.0,0,0,0,
PRV55402,No,0,Low,44,402.73,0.0,17720.0,0,0,0,
PRV52168,No,0,Low,78,226.41,0.0,17660.0,0,0,0,
PRV52738,No,0,Low,62,284.84,0.0,17660.0,0,0,0,
PRV56654,No,0,Low,49,359.59,0.0,17620.0,0,0,0,
PRV51652,No,0,Low,64,275.0,0.0,17600.0,0,0,0,
PRV53306,No,0,Low,78,225.64,0.0,17600.0,0,0,0,
PRV55219,No,0,Low,89,196.97,0.0,17530.0,0,0,0,
PRV51396,No,0,Low,44,398.18,6.8,17520.0,0,0,0,
PRV56536,No,0,Low,65,269.23,0.0,17500.0,0,0,0,
PRV51640,No,0,Low,7,2498.57,42.9,17490.0,0,0,0,
PRV51494,No,0,Low,38,459.21,0.0,17450.0,0,0,0,
PRV55474,No,0,Low,80,217.88,0.0,17430.0,0,0,0,
PRV53398,No,0,Low,5,3482.0,20.0,17410.0,0,0,0,
PRV54756,No,0,Low,19,915.26,15.8,17390.0,0,0,0,
PRV52371,No,0,Low,72,241.25,0.0,17370.0,0,0,0,
PRV55566,No,0,Low,53,326.6,0.0,17310.0,0,0,0,
PRV55191,No,0,Low,90,192.11,0.0,17290.0,0,0,0,
PRV55477,No,0,Low,46,375.87,0.0,17290.0,0,0,0,
PRV52056,No,0,Low,60,288.0,0.0,17280.0,0,0,0,
PRV55312,No,0,Low,91,189.89,0.0,17280.0,0,0,0,
PRV54588,No,0,Low,63,273.33,0.0,17220.0,0,0,0,
PRV55677,No,0,Low,84,204.76,0.0,17200.0,0,0,0,
PRV56881,No,0,Low,78,220.51,0.0,17200.0,0,0,0,
PRV52914,No,0,Low,61,281.48,0.0,17170.0,0,0,0,
PRV54344,No,0,Low,51,336.67,0.0,17170.0,0,0,0,
PRV56837,No,0,Low,42,408.81,0.0,17170.0,0,0,0,
PRV57014,No,0,Low,76,225.92,0.0,17170.0,0,0,0,
PRV54609,No,0,Low,45,381.33,0.0,17160.0,0,0,0,
PRV55094,No,0,Low,19,900.0,0.0,17100.0,0,0,0,
PRV56504,No,0,Low,66,258.94,0.0,17090.0,0,0,0,
PRV52622,No,0,Low,7,2430.0,57.1,17010.0,0,0,0,
PRV52807,No,0,Low,2,8500.0,100.0,17000.0,0,0,0,
PRV53517,No,0,Low,2,8500.0,100.0,17000.0,0,0,0,
PRV56768,No,0,Low,4,4250.0,100.0,17000.0,0,0,0,
PRV54972,No,0,Low,62,273.39,0.0,16950.0,0,0,0,
PRV53363,No,0,Low,41,413.17,0.0,16940.0,0,0,0,
PRV54380,No,0,Low,12,1411.67,16.7,16940.0,0,0,0,
PRV57238,No,0,Low,45,376.44,2.2,16940.0,0,0,0,
PRV52222,No,0,Low,54,313.33,0.0,16920.0,0,0,0,
PRV53016,No,0,Low,31,545.16,0.0,16900.0,0,0,0,
PRV51012,No,0,Low,48,351.88,0.0,16890.0,0,0,0,
PRV57592,No,0,Low,79,213.67,0.0,16880.0,0,0,0,
PRV51967,No,0,Low,57,295.26,0.0,16830.0,0,0,0,
PRV57110,No,0,Low,19,885.79,5.3,16830.0,0,0,0,
PRV53912,No,0,Low,66,254.85,0.0,16820.0,0,0,0,
PRV57561,No,0,Low,17,988.82,5.9,16810.0,0,0,0,
PRV51557,No,0,Low,10,1674.0,10.0,16740.0,0,0,0,
PRV54274,No,0,Low,47,356.17,0.0,16740.0,0,0,0,
PRV53484,No,0,Low,63,265.4,0.0,16720.0,0,0,0,
PRV54471,No,0,Low,46,363.04,0.0,16700.0,0,0,0,
PRV52796,No,0,Low,48,347.71,0.0,16690.0,0,0,0,
PRV57654,No,0,Low,72,231.53,0.0,16670.0,0,0,0,
PRV51011,No,0,Low,58,286.72,1.7,16630.0,0,0,0,
PRV55727,No,0,Low,68,244.56,0.0,16630.0,0,0,0,
PRV57531,No,0,Low,68,244.56,0.0,16630.0,0,0,0,
PRV53173,No,0,Low,43,386.28,0.0,16610.0,0,0,0,
PRV51101,No,0,Low,3,5533.33,100.0,16600.0,0,0,0,
PRV52491,No,0,Low,63,263.17,0.0,16580.0,0,0,0,
PRV56379,No,0,Low,53,311.7,0.0,16520.0,0,0,0,
PRV52873,No,0,Low,69,239.13,0.0,16500.0,0,0,0,
PRV55306,No,0,Low,59,279.66,0.0,16500.0,0,0,0,
PRV51644,No,0,Low,24,687.08,4.2,16490.0,0,0,0,
PRV54596,No,0,Low,64,257.66,0.0,16490.0,0,0,0,
PRV54223,No,0,Low,74,222.7,0.0,16480.0,0,0,0,
PRV56857,No,0,Low,46,358.26,0.0,16480.0,0,0,0,
PRV55868,No,0,Low,85,193.76,0.0,16470.0,0,0,0,
PRV57259,No,0,Low,48,342.71,0.0,16450.0,0,0,0,
PRV53436,No,0,Low,18,912.22,16.7,16420.0,0,0,0,
PRV56682,No,0,Low,19,863.68,15.8,16410.0,0,0,0,
PRV53665,No,0,Low,65,251.23,0.0,16330.0,0,0,0,
PRV54462,No,0,Low,80,204.13,0.0,16330.0,0,0,0,
PRV53059,No,0,Low,33,494.55,0.0,16320.0,0,0,0,
PRV54472,No,0,Low,32,509.38,0.0,16300.0,0,0,0,
PRV51262,No,0,Low,60,271.17,0.0,16270.0,0,0,0,
PRV54677,No,0,Low,27,602.59,0.0,16270.0,0,0,0,
PRV53230,No,0,Low,56,290.36,0.0,16260.0,0,0,0,
PRV56113,No,0,Low,45,361.33,0.0,16260.0,0,0,0,
PRV57355,No,0,Low,34,477.65,0.0,16240.0,0,0,0,
PRV57426,No,0,Low,60,270.67,0.0,16240.0,0,0,0,
PRV51599,No,0,Low,5,3242.0,60.0,16210.0,0,0,0,
PRV54603,No,0,Low,57,283.86,0.0,16180.0,0,0,0,
PRV55554,No,0,Low,78,207.44,0.0,16180.0,0,0,0,
PRV57658,No,0,Low,51,317.06,0.0,16170.0,0,0,0,
PRV56137,No,0,Low,48,336.46,0.0,16150.0,0,0,0,
PRV56752,No,0,Low,25,644.8,4.0,16120.0,0,0,0,
PRV52679,No,0,Low,53,303.77,0.0,16100.0,0,0,0,
PRV53301,No,0,Low,67,239.85,0.0,16070.0,0,0,0,
PRV51137,No,0,Low,55,291.82,1.8,16050.0,0,0,0,
PRV56346,No,0,Low,42,382.14,0.0,16050.0,0,0,0,
PRV57062,No,0,Low,58,276.21,0.0,16020.0,0,0,0,
PRV51311,No,0,Low,21,762.38,14.3,16010.0,0,0,0,
PRV51231,No,0,Low,2,8000.0,100.0,16000.0,0,0,0,
PRV52462,No,0,Low,2,8000.0,100.0,16000.0,0,0,0,
PRV52806,No,0,Low,2,8000.0,100.0,16000.0,0,0,0,
PRV55157,No,0,Low,3,5333.33,100.0,16000.0,0,0,0,
PRV55671,No,0,Low,2,8000.0,100.0,16000.0,0,0,0,
PRV57075,No,0,Low,2,8000.0,100.0,16000.0,0,0,0,
PRV57748,No,0,Low,45,355.56,0.0,16000.0,0,0,0,
PRV56415,No,0,Low,41,390.0,0.0,15990.0,0,0,0,
PRV52407,No,0,Low,43,371.4,0.0,15970.0,0,0,0,
PRV57657,No,0,Low,54,295.0,0.0,15930.0,0,0,0,
PRV52542,No,0,Low,62,256.77,0.0,15920.0,0,0,0,
PRV56394,No,0,Low,32,497.5,0.0,15920.0,0,0,0,
PRV57653,No,0,Low,82,194.15,0.0,15920.0,0,0,0,
PRV56674,No,0,Low,46,344.78,0.0,15860.0,0,0,0,
PRV56068,No,0,Low,41,384.88,0.0,15780.0,0,0,0,
PRV55184,No,0,Low,56,281.43,1.8,15760.0,0,0,0,
PRV56595,No,0,Low,56,281.43,0.0,15760.0,0,0,0,
PRV54695,No,0,Low,53,297.17,0.0,15750.0,0,0,0,
PRV55298,No,0,Low,57,276.14,0.0,15740.0,0,0,0,
PRV51924,No,0,Low,50,314.2,0.0,15710.0,0,0,0,
PRV51848,No,0,Low,57,275.09,0.0,15680.0,0,0,0,
PRV52004,No,0,Low,47,333.62,0.0,15680.0,0,0,0,
PRV57013,No,0,Low,41,381.71,0.0,15650.0,0,0,0,
PRV53798,No,0,Low,38,411.05,0.0,15620.0,0,0,0,
PRV51216,No,0,Low,71,219.15,0.0,15560.0,0,0,0,
PRV52095,No,0,Low,38,409.47,2.6,15560.0,0,0,0,
PRV52383,Yes,0,Low,74,210.0,0.0,15540.0,0,0,0,
PRV53487,No,0,Low,40,388.25,0.0,15530.0,0,0,0,
PRV52185,No,0,Low,68,228.09,0.0,15510.0,0,0,0,
PRV51859,No,0,Low,65,238.46,0.0,15500.0,0,0,0,
PRV55316,No,0,Low,65,238.31,0.0,15490.0,0,0,0,
PRV56423,No,0,Low,12,1290.83,16.7,15490.0,0,0,0,
PRV54224,No,0,Low,43,359.53,0.0,15460.0,0,0,0,
PRV51969,No,0,Low,42,367.86,0.0,15450.0,0,0,0,
PRV51607,No,0,Low,15,1027.33,6.7,15410.0,0,0,0,
PRV55410,No,0,Low,56,274.64,0.0,15380.0,0,0,0,
PRV57689,No,0,Low,53,290.19,0.0,15380.0,0,0,0,
PRV54121,No,0,Low,48,320.21,0.0,15370.0,0,0,0,
PRV51203,No,0,Low,21,730.48,0.0,15340.0,0,0,0,
PRV53945,No,0,Low,49,312.24,0.0,15300.0,0,0,0,
PRV56662,No,0,Low,9,1698.89,33.3,15290.0,0,0,0,
PRV57314,No,0,Low,48,318.13,0.0,15270.0,0,0,0,
PRV53403,No,0,Low,72,211.81,0.0,15250.0,0,0,0,
PRV55088,No,0,Low,31,491.94,0.0,15250.0,0,0,0,
PRV56375,No,0,Low,54,281.85,0.0,15220.0,0,0,0,
PRV55695,No,0,Low,73,207.53,0.0,15150.0,0,0,0,
PRV51325,No,0,Low,15,1009.33,0.0,15140.0,0,0,0,
PRV54808,Yes,0,Low,32,473.13,0.0,15140.0,0,0,0,
PRV51054,No,0,Low,57,265.44,0.0,15130.0,0,0,0,
PRV51345,No,0,Low,49,308.57,0.0,15120.0,0,0,0,
PRV52230,No,0,Low,43,351.16,0.0,15100.0,0,0,0,
PRV55103,No,0,Low,78,193.59,0.0,15100.0,0,0,0,
PRV55500,No,0,Low,38,396.32,0.0,15060.0,0,0,0,
PRV52720,No,0,Low,50,301.0,0.0,15050.0,0,0,0,
PRV51439,No,0,Low,42,358.1,0.0,15040.0,0,0,0,
PRV57514,No,0,Low,51,294.71,0.0,15030.0,0,0,0,
PRV51334,No,0,Low,2,7500.0,100.0,15000.0,0,0,0,
PRV51833,No,0,Low,3,5000.0,100.0,15000.0,0,0,0,
PRV52971,No,0,Low,3,5000.0,100.0,15000.0,0,0,0,
PRV53509,No,0,Low,1,15000.0,100.0,15000.0,0,0,0,
PRV55603,No,0,Low,2,7500.0,100.0,15000.0,0,0,0,
PRV51290,No,0,Low,113,132.65,0.0,14990.0,0,0,0,
PRV53495,No,0,Low,34,440.88,0.0,14990.0,0,0,0,
PRV55325,No,0,Low,41,365.37,0.0,14980.0,0,0,0,
PRV52882,No,0,Low,41,364.88,0.0,14960.0,0,0,0,
PRV56648,No,0,Low,49,304.9,0.0,14940.0,0,0,0,
PRV56464,No,0,Low,84,177.62,0.0,14920.0,0,0,0,
PRV53450,No,0,Low,50,297.8,0.0,14890.0,0,0,0,
PRV51013,No,0,Low,46,323.48,0.0,14880.0,0,0,0,
PRV55104,No,0,Low,52,286.15,0.0,14880.0,0,0,0,
PRV56917,No,0,Low,8,1860.0,25.0,14880.0,0,0,0,
PRV53149,No,0,Low,61,243.61,0.0,14860.0,0,0,0,
PRV52658,No,0,Low,39,380.51,0.0,14840.0,0,0,0,
PRV56482,No,0,Low,28,527.86,0.0,14780.0,0,0,0,
PRV55036,No,0,Low,64,230.63,0.0,14760.0,0,0,0,
PRV55941,No,0,Low,57,258.42,0.0,14730.0,0,0,0,
PRV55358,No,0,Low,37,397.57,0.0,14710.0,0,0,0,
PRV51056,No,0,Low,22,668.18,9.1,14700.0,0,0,0,
PRV55086,No,0,Low,78,188.33,0.0,14690.0,0,0,0,
PRV55733,No,0,Low,46,318.91,0.0,14670.0,0,0,0,
PRV51595,No,0,Low,24,610.83,4.2,14660.0,0,0,0,
PRV53496,No,0,Low,58,252.76,0.0,14660.0,0,0,0,
PRV52863,No,0,Low,52,281.73,0.0,14650.0,0,0,0,
PRV52912,No,0,Low,16,915.0,6.3,14640.0,0,0,0,
PRV55480,No,0,Low,42,348.57,0.0,14640.0,0,0,0,
PRV57154,No,0,Low,52,281.35,0.0,14630.0,0,0,0,
PRV56553,No,0,Low,65,224.92,0.0,14620.0,0,0,0,
PRV53694,No,0,Low,61,238.69,0.0,14560.0,0,0,0,
PRV56141,No,0,Low,39,372.82,0.0,14540.0,0,0,0,
PRV51341,No,0,Low,71,204.65,0.0,14530.0,0,0,0,
PRV52920,No,0,Low,17,854.71,11.8,14530.0,0,0,0,
PRV54421,No,0,Low,65,223.54,0.0,14530.0,0,0,0,
PRV51890,No,0,Low,21,690.95,4.8,14510.0,0,0,0,
PRV54362,No,0,Low,50,290.2,0.0,14510.0,0,0,0,
PRV55723,No,0,Low,47,308.51,0.0,14500.0,0,0,0,
PRV54610,No,0,Low,45,321.56,0.0,14470.0,0,0,0,
PRV53044,No,0,Low,67,215.82,0.0,14460.0,0,0,0,
PRV53611,No,0,Low,36,400.28,0.0,14410.0,0,0,0,
PRV55745,No,0,Low,81,177.9,0.0,14410.0,0,0,0,
PRV54159,No,0,Low,34,423.53,0.0,14400.0,0,0,0,
PRV54240,No,0,Low,72,200.0,0.0,14400.0,0,0,0,
PRV51858,No,0,Low,61,235.74,0.0,14380.0,0,0,0,
PRV53632,No,0,Low,15,958.67,13.3,14380.0,0,0,0,
PRV51582,No,0,Low,4,3592.5,25.0,14370.0,0,0,0,
PRV51933,No,0,Low,57,252.11,0.0,14370.0,0,0,0,
PRV54988,No,0,Low,41,349.02,0.0,14310.0,0,0,0,
PRV51908,No,0,Low,22,648.64,0.0,14270.0,0,0,0,
PRV52713,No,0,Low,60,237.67,0.0,14260.0,0,0,0,
PRV53201,No,0,Low,13,1093.85,0.0,14220.0,0,0,0,
PRV55252,No,0,Low,45,316.0,0.0,14220.0,0,0,0,
PRV52013,No,0,Low,62,229.19,0.0,14210.0,0,0,0,
PRV57650,No,0,Low,36,394.72,2.8,14210.0,0,0,0,
PRV53477,No,0,Low,50,283.4,0.0,14170.0,0,0,0,
PRV52955,No,0,Low,73,193.97,0.0,14160.0,0,0,0,
PRV57302,No,0,Low,4,3540.0,50.0,14160.0,0,0,0,
PRV55917,No,0,Low,50,283.0,0.0,14150.0,0,0,0,
PRV53743,No,0,Low,31,456.13,0.0,14140.0,0,0,0,
PRV54642,No,0,Low,49,287.96,0.0,14110.0,0,0,0,
PRV54860,No,0,Low,21,670.48,0.0,14080.0,0,0,0,
PRV52919,No,0,Low,66,213.18,0.0,14070.0,0,0,0,
PRV56551,No,0,Low,36,390.83,0.0,14070.0,0,0,0,
PRV56863,No,0,Low,52,270.58,0.0,14070.0,0,0,0,
PRV56656,No,0,Low,42,334.76,0.0,14060.0,0,0,0,
PRV53991,No,0,Low,62,226.61,0.0,14050.0,0,0,0,
PRV57115,No,0,Low,12,1170.83,8.3,14050.0,0,0,0,
PRV54355,No,0,Low,16,877.5,12.5,14040.0,0,0,0,
PRV54531,No,0,Low,30,467.67,3.3,14030.0,0,0,0,
PRV51740,No,0,Low,57,245.79,0.0,14010.0,0,0,0,
PRV51326,No,0,Low,44,318.18,0.0,14000.0,0,0,0,
PRV52536,No,0,Low,1,14000.0,100.0,14000.0,0,0,0,
PRV53515,No,0,Low,1,14000.0,100.0,14000.0,0,0,0,
PRV56549,No,0,Low,2,7000.0,100.0,14000.0,0,0,0,
PRV57298,No,0,Low,3,4666.67,100.0,14000.0,0,0,0,
PRV56474,No,0,Low,31,450.65,3.2,13970.0,0,0,0,
PRV52941,No,0,Low,43,324.42,0.0,13950.0,0,0,0,
PRV55259,No,0,Low,42,330.71,0.0,13890.0,0,0,0,
PRV53510,No,0,Low,16,867.5,12.5,13880.0,0,0,0,
PRV51926,No,0,Low,32,433.44,0.0,13870.0,0,0,0,
PRV56157,No,0,Low,38,364.21,0.0,13840.0,0,0,0,
PRV52932,No,0,Low,40,345.75,0.0,13830.0,0,0,0,
PRV51171,No,0,Low,59,234.24,0.0,13820.0,0,0,0,
PRV54830,No,0,Low,11,1255.45,9.1,13810.0,0,0,0,
PRV56554,No,0,Low,48,287.71,0.0,13810.0,0,0,0,
PRV53024,No,0,Low,26,530.77,7.7,13800.0,0,0,0,
PRV51308,No,0,Low,35,394.0,0.0,13790.0,0,0,0,
PRV55011,No,0,Low,56,245.54,0.0,13750.0,0,0,0,
PRV56245,No,0,Low,76,180.53,0.0,13720.0,0,0,0,
PRV51093,No,0,Low,9,1523.33,22.2,13710.0,0,0,0,
PRV51739,No,0,Low,74,185.14,0.0,13700.0,0,0,0,
PRV52377,No,0,Low,44,311.36,0.0,13700.0,0,0,0,
PRV53720,No,0,Low,55,249.09,0.0,13700.0,0,0,0,
PRV54728,No,0,Low,11,1244.55,18.2,13690.0,0,0,0,
PRV55414,No,0,Low,12,1139.17,16.7,13670.0,0,0,0,
PRV51963,No,0,Low,54,252.41,0.0,13630.0,0,0,0,
PRV56496,No,0,Low,41,332.2,0.0,13620.0,0,0,0,
PRV52242,No,0,Low,31,438.71,0.0,13600.0,0,0,0,
PRV57431,No,0,Low,24,566.67,0.0,13600.0,0,0,0,
PRV56182,No,0,Low,51,266.47,0.0,13590.0,0,0,0,
PRV55571,No,0,Low,61,222.3,0.0,13560.0,0,0,0,
PRV53922,No,0,Low,55,246.0,0.0,13530.0,0,0,0,
PRV55635,No,0,Low,59,228.64,0.0,13490.0,0,0,0,
PRV56593,No,0,Low,46,293.26,0.0,13490.0,0,0,0,
PRV51138,No,0,Low,26,516.54,3.8,13430.0,0,0,0,
PRV52406,No,0,Low,63,213.02,0.0,13420.0,0,0,0,
PRV57432,No,0,Low,48,279.58,0.0,13420.0,0,0,0,
PRV56276,No,0,Low,7,1912.86,14.3,13390.0,0,0,0,
PRV55053,No,0,Low,54,247.04,0.0,13340.0,0,0,0,
PRV51628,No,0,Low,6,2220.0,33.3,13320.0,0,0,0,
PRV52841,No,0,Low,3,4440.0,33.3,13320.0,0,0,0,
PRV53038,No,0,Low,24,554.58,0.0,13310.0,0,0,0,
PRV55268,No,0,Low,48,277.29,0.0,13310.0,0,0,0,
PRV54306,No,0,Low,33,403.03,0.0,13300.0,0,0,0,
PRV54806,No,0,Low,75,177.33,0.0,13300.0,0,0,0,
PRV51650,No,0,Low,24,553.75,0.0,13290.0,0,0,0,
PRV55902,No,0,Low,69,191.74,0.0,13230.0,0,0,0,
PRV52212,No,0,Low,64,206.56,0.0,13220.0,0,0,0,
PRV53362,No,0,Low,35,377.71,0.0,13220.0,0,0,0,
PRV56362,No,0,Low,60,220.17,0.0,13210.0,0,0,0,
PRV56935,No,0,Low,24,549.58,0.0,13190.0,0,0,0,
PRV56114,No,0,Low,41,321.46,0.0,13180.0,0,0,0,
PRV57183,No,0,Low,52,253.27,0.0,13170.0,0,0,0,
PRV56138,No,0,Low,36,365.56,0.0,13160.0,0,0,0,
PRV52699,No,0,Low,12,1095.83,8.3,13150.0,0,0,0,
PRV54358,No,0,Low,43,305.81,0.0,13150.0,0,0,0,
PRV56291,No,0,Low,36,365.28,0.0,13150.0,0,0,0,
PRV56036,No,0,Low,49,268.16,0.0,13140.0,0,0,0,
PRV52068,No,0,Low,48,272.5,0.0,13080.0,0,0,0,
PRV53386,No,0,Low,53,246.6,0.0,13070.0,0,0,0,
PRV53047,No,0,Low,79,165.32,0.0,13060.0,0,0,0,
PRV55621,No,0,Low,62,210.16,0.0,13030.0,0,0,0,
PRV51318,No,0,Low,3,4333.33,100.0,13000.0,0,0,0,
PRV51806,No,0,Low,1,13000.0,100.0,13000.0,0,0,0,
PRV54883,No,0,Low,1,13000.0,100.0,13000.0,0,0,0,
PRV55126,No,0,Low,2,6500.0,100.0,13000.0,0,0,0,
PRV53974,No,0,Low,67,193.28,0.0,12950.0,0,0,0,
PRV55501,No,0,Low,13,995.38,7.7,12940.0,0,0,0,
PRV54203,No,0,Low,51,253.53,0.0,12930.0,0,0,0,
PRV54430,No,0,Low,64,201.56,0.0,12900.0,0,0,0,
PRV53325,No,0,Low,63,204.6,0.0,12890.0,0,0,0,
PRV52260,No,0,Low,63,204.44,0.0,12880.0,0,0,0,
PRV53446,No,0,Low,46,280.0,0.0,12880.0,0,0,0,
PRV51267,No,0,Low,14,919.29,14.3,12870.0,0,0,0,
PRV52864,No,0,Low,28,459.64,0.0,12870.0,0,0,0,
PRV54008,No,0,Low,50,257.2,0.0,12860.0,0,0,0,
PRV55352,No,0,Low,39,329.49,0.0,12850.0,0,0,0,
PRV56165,No,0,Low,19,674.21,0.0,12810.0,0,0,0,
PRV52662,No,0,Low,19,673.16,10.5,12790.0,0,0,0,
PRV52105,No,0,Low,26,491.54,0.0,12780.0,0,0,0,
PRV52432,No,0,Low,58,220.34,0.0,12780.0,0,0,0,
PRV57250,No,0,Low,23,554.78,0.0,12760.0,0,0,0,
PRV52248,No,0,Low,24,531.25,0.0,12750.0,0,0,0,
PRV55296,No,0,Low,57,223.68,0.0,12750.0,0,0,0,
PRV55596,No,0,Low,32,397.5,0.0,12720.0,0,0,0,
PRV52214,No,0,Low,47,269.79,0.0,12680.0,0,0,0,
PRV56304,No,0,Low,15,844.0,0.0,12660.0,0,0,0,
PRV55054,No,0,Low,69,183.33,0.0,12650.0,0,0,0,
PRV51776,No,0,Low,54,234.07,0.0,12640.0,0,0,0,
PRV56200,No,0,Low,58,217.24,0.0,12600.0,0,0,0,
PRV54086,No,0,Low,66,190.15,0.0,12550.0,0,0,0,
PRV55513,No,0,Low,38,330.26,0.0,12550.0,0,0,0,
PRV55724,No,0,Low,31,404.84,0.0,12550.0,0,0,0,
PRV56497,No,0,Low,30,418.0,0.0,12540.0,0,0,0,
PRV51898,No,0,Low,59,212.2,1.7,12520.0,0,0,0,
PRV52591,No,0,Low,46,271.96,0.0,12510.0,0,0,0,
PRV52101,No,0,Low,15,833.33,6.7,12500.0,0,0,0,
PRV52789,No,0,Low,38,328.95,0.0,12500.0,0,0,0,
PRV51230,No,0,Low,30,416.33,0.0,12490.0,0,0,0,
PRV57733,No,0,Low,45,277.33,0.0,12480.0,0,0,0,
PRV51458,No,0,Low,56,222.14,0.0,12440.0,0,0,0,
PRV53779,No,0,Low,49,253.67,0.0,12430.0,0,0,0,
PRV51229,No,0,Low,47,264.04,0.0,12410.0,0,0,0,
PRV51527,No,0,Low,41,302.68,0.0,12410.0,0,0,0,
PRV53764,No,0,Low,39,317.69,2.6,12390.0,0,0,0,
PRV55283,No,0,Low,36,344.17,0.0,12390.0,0,0,0,
PRV53499,No,0,Low,46,268.91,0.0,12370.0,0,0,0,
PRV55275,No,0,Low,54,229.07,0.0,12370.0,0,0,0,
PRV53288,No,0,Low,43,286.98,0.0,12340.0,0,0,0,
PRV52629,No,0,Low,61,201.97,0.0,12320.0,0,0,0,
PRV53071,No,0,Low,28,439.64,0.0,12310.0,0,0,0,
PRV52700,No,0,Low,30,410.0,0.0,12300.0,0,0,0,
PRV52839,No,0,Low,33,372.42,0.0,12290.0,0,0,0,
PRV54412,No,0,Low,70,175.43,0.0,12280.0,0,0,0,
PRV54859,No,0,Low,25,490.0,0.0,12250.0,0,0,0,
PRV51988,No,0,Low,37,330.54,0.0,12230.0,0,0,0,
PRV56487,No,0,Low,27,452.96,3.7,12230.0,0,0,0,
PRV57358,No,0,Low,77,158.44,0.0,12200.0,0,0,0,
PRV57200,No,0,Low,25,486.0,0.0,12150.0,0,0,0,
PRV51541,No,0,Low,51,238.04,0.0,12140.0,0,0,0,
PRV53740,No,0,Low,47,258.3,0.0,12140.0,0,0,0,
PRV55856,No,0,Low,54,224.44,0.0,12120.0,0,0,0,
PRV55227,No,0,Low,46,263.04,0.0,12100.0,0,0,0,
PRV53415,No,0,Low,34,354.41,0.0,12050.0,0,0,0,
PRV53654,No,0,Low,39,308.72,0.0,12040.0,0,0,0,
PRV53759,No,0,Low,56,214.64,0.0,12020.0,0,0,0,
PRV54652,No,0,Low,38,316.32,0.0,12020.0,0,0,0,
PRV51236,No,0,Low,1,12000.0,100.0,12000.0,0,0,0,
PRV52296,No,0,Low,2,6000.0,100.0,12000.0,0,0,0,
PRV52464,No,0,Low,2,6000.0,100.0,12000.0,0,0,0,
PRV54498,No,0,Low,1,12000.0,100.0,12000.0,0,0,0,
PRV54820,No,0,Low,1,12000.0,100.0,12000.0,0,0,0,
PRV55706,No,0,Low,1,12000.0,100.0,12000.0,0,0,0,
PRV55810,No,0,Low,1,12000.0,100.0,12000.0,0,0,0,
PRV55815,No,0,Low,4,3000.0,100.0,12000.0,0,0,0,
PRV57294,No,0,Low,2,6000.0,100.0,12000.0,0,0,0,
PRV55411,No,0,Low,39,307.44,0.0,11990.0,0,0,0,
PRV57691,No,0,Low,51,235.1,0.0,11990.0,0,0,0,
PRV55202,No,0,Low,30,399.33,0.0,11980.0,0,0,0,
PRV52378,No,0,Low,12,993.33,25.0,11920.0,0,0,0,
PRV54212,No,0,Low,54,220.74,0.0,11920.0,0,0,0,
PRV55640,No,0,Low,64,185.94,0.0,11900.0,0,0,0,
PRV57424,No,0,Low,38,312.89,0.0,11890.0,0,0,0,
PRV51942,No,0,Low,53,224.15,0.0,11880.0,0,0,0,
PRV54982,No,0,Low,37,320.54,0.0,11860.0,0,0,0,
PRV57186,No,0,Low,42,282.38,0.0,11860.0,0,0,0,
PRV53752,No,0,Low,35,338.29,0.0,11840.0,0,0,0,
PRV56521,No,0,Low,32,370.0,0.0,11840.0,0,0,0,
PRV51685,No,0,Low,55,215.09,0.0,11830.0,0,0,0,
PRV55458,No,0,Low,35,338.0,0.0,11830.0,0,0,0,
PRV57219,No,0,Low,46,257.17,0.0,11830.0,0,0,0,
PRV53126,No,0,Low,34,347.65,0.0,11820.0,0,0,0,
PRV55309,No,0,Low,35,337.14,0.0,11800.0,0,0,0,
PRV53223,No,0,Low,23,512.61,0.0,11790.0,0,0,0,
PRV51994,No,0,Low,33,356.97,0.0,11780.0,0,0,0,
PRV54763,No,0,Low,34,346.18,0.0,11770.0,0,0,0,
PRV57712,No,0,Low,9,1307.78,22.2,11770.0,0,0,0,
PRV53606,No,0,Low,76,154.61,0.0,11750.0,0,0,0,
PRV56495,No,0,Low,36,326.39,0.0,11750.0,0,0,0,
PRV54427,No,0,Low,62,189.35,0.0,11740.0,0,0,0,
PRV57501,No,0,Low,64,183.44,0.0,11740.0,0,0,0,
PRV54992,No,0,Low,18,650.56,0.0,11710.0,0,0,0,
PRV52878,No,0,Low,27,433.33,0.0,11700.0,0,0,0,
PRV55326,No,0,Low,58,201.72,0.0,11700.0,0,0,0,
PRV57509,No,0,Low,58,201.55,0.0,11690.0,0,0,0,
PRV51865,No,0,Low,28,416.79,0.0,11670.0,0,0,0,
PRV55775,No,0,Low,14,829.29,7.1,11610.0,0,0,0,
PRV52913,No,0,Low,35,331.43,0.0,11600.0,0,0,0,
PRV56146,No,0,Low,21,552.38,0.0,11600.0,0,0,0,
PRV56333,No,0,Low,42,276.19,0.0,11600.0,0,0,0,
PRV57325,No,0,Low,41,282.44,0.0,11580.0,0,0,0,
PRV55401,No,0,Low,49,235.92,0.0,11560.0,0,0,0,
PRV56290,No,0,Low,23,502.61,0.0,11560.0,0,0,0,
PRV53556,No,0,Low,31,372.58,0.0,11550.0,0,0,0,
PRV52996,No,0,Low,37,311.08,0.0,11510.0,0,0,0,
PRV56601,No,0,Low,33,348.79,3.0,11510.0,0,0,0,
PRV52423,No,0,Low,54,212.59,0.0,11480.0,0,0,0,
PRV57329,No,0,Low,36,318.61,0.0,11470.0,0,0,0,
PRV53391,No,0,Low,69,165.51,0.0,11420.0,0,0,0,
PRV52739,No,0,Low,53,215.09,0.0,11400.0,0,0,0,
PRV56717,No,0,Low,8,1425.0,12.5,11400.0,0,0,0,
PRV57053,No,0,Low,23,495.65,0.0,11400.0,0,0,0,
PRV53975,No,0,Low,70,162.71,0.0,11390.0,0,0,0,
PRV53996,No,0,Low,5,2278.0,40.0,11390.0,0,0,0,
PRV54656,No,0,Low,35,325.14,0.0,11380.0,0,0,0,
PRV54552,No,0,Low,45,252.67,0.0,11370.0,0,0,0,
PRV55558,No,0,Low,36,314.72,0.0,11330.0,0,0,0,
PRV57275,No,0,Low,61,185.74,0.0,11330.0,0,0,0,
PRV54270,No,0,Low,34,332.94,0.0,11320.0,0,0,0,
PRV54666,No,0,Low,5,2262.0,20.0,11310.0,0,0,0,
PRV51874,No,0,Low,44,256.59,0.0,11290.0,0,0,0,
PRV53018,No,0,Low,41,274.63,0.0,11260.0,0,0,0,
PRV53551,No,0,Low,29,386.9,0.0,11220.0,0,0,0,
PRV56869,No,0,Low,36,311.67,0.0,11220.0,0,0,0,
PRV56348,No,0,Low,58,193.1,0.0,11200.0,0,0,0,
PRV54646,No,0,Low,23,486.09,0.0,11180.0,0,0,0,
PRV56475,No,0,Low,34,328.82,0.0,11180.0,0,0,0,
PRV56739,No,0,Low,5,2230.0,20.0,11150.0,0,0,0,
PRV52451,No,0,Low,20,556.5,0.0,11130.0,0,0,0,
PRV56430,No,0,Low,38,292.89,0.0,11130.0,0,0,0,
PRV53257,No,0,Low,25,444.8,0.0,11120.0,0,0,0,
PRV52437,No,0,Low,43,256.98,0.0,11050.0,0,0,0,
PRV52640,No,0,Low,66,167.42,0.0,11050.0,0,0,0,
PRV52853,No,0,Low,29,381.03,0.0,11050.0,0,0,0,
PRV54150,No,0,Low,25,440.8,0.0,11020.0,0,0,0,
PRV54473,No,0,Low,19,580.0,0.0,11020.0,0,0,0,
PRV57734,No,0,Low,19,579.47,0.0,11010.0,0,0,0,
PRV51958,No,0,Low,29,379.31,3.4,11000.0,0,0,0,
PRV53861,No,0,Low,2,5500.0,100.0,11000.0,0,0,0,
PRV54499,No,0,Low,1,11000.0,100.0,11000.0,0,0,0,
PRV55134,No,0,Low,1,11000.0,100.0,11000.0,0,0,0,
PRV51191,No,0,Low,32,343.44,0.0,10990.0,0,0,0,
PRV53836,No,0,Low,49,223.88,0.0,10970.0,0,0,0,
PRV54593,No,0,Low,35,313.14,0.0,10960.0,0,0,0,
PRV53896,No,0,Low,43,254.65,0.0,10950.0,0,0,0,
PRV57436,No,0,Low,41,267.07,0.0,10950.0,0,0,0,
PRV55079,No,0,Low,47,232.77,0.0,10940.0,0,0,0,
PRV51897,No,0,Low,65,168.15,0.0,10930.0,0,0,0,
PRV53371,No,0,Low,43,254.19,0.0,10930.0,0,0,0,
PRV56351,No,0,Low,29,376.55,0.0,10920.0,0,0,0,
PRV52517,No,0,Low,32,340.94,0.0,10910.0,0,0,0,
PRV52942,No,0,Low,43,253.72,0.0,10910.0,0,0,0,
PRV57253,No,0,Low,44,247.95,0.0,10910.0,0,0,0,
PRV52247,No,0,Low,49,222.24,0.0,10890.0,0,0,0,
PRV53078,No,0,Low,45,241.78,0.0,10880.0,0,0,0,
PRV54697,No,0,Low,8,1360.0,12.5,10880.0,0,0,0,
PRV51351,No,0,Low,32,338.75,0.0,10840.0,0,0,0,
PRV52719,No,0,Low,63,172.06,0.0,10840.0,0,0,0,
PRV57390,No,0,Low,55,197.09,0.0,10840.0,0,0,0,
PRV53573,No,0,Low,32,338.44,0.0,10830.0,0,0,0,
PRV55276,No,0,Low,58,186.72,0.0,10830.0,0,0,0,
PRV54838,No,0,Low,58,186.21,0.0,10800.0,0,0,0,
PRV51992,No,0,Low,61,176.89,0.0,10790.0,0,0,0,
PRV56376,No,0,Low,20,539.0,0.0,10780.0,0,0,0,
PRV53222,No,0,Low,45,239.33,0.0,10770.0,0,0,0,
PRV56762,No,0,Low,39,274.62,2.6,10710.0,0,0,0,
PRV52750,No,0,Low,26,411.54,0.0,10700.0,0,0,0,
PRV53054,No,0,Low,49,218.16,0.0,10690.0,0,0,0,
PRV54892,No,0,Low,49,217.76,0.0,10670.0,0,0,0,
PRV51201,No,0,Low,45,236.89,0.0,10660.0,0,0,0,
PRV54608,No,0,Low,33,322.73,0.0,10650.0,0,0,0,
PRV56728,No,0,Low,42,253.33,0.0,10640.0,0,0,0,
PRV57759,No,0,Low,28,380.0,0.0,10640.0,0,0,0,
PRV51454,No,0,Low,34,312.65,0.0,10630.0,0,0,0,
PRV57539,No,0,Low,33,322.12,0.0,10630.0,0,0,0,
PRV55118,No,0,Low,5,2120.0,40.0,10600.0,0,0,0,
PRV55129,No,0,Low,3,3533.33,33.3,10600.0,0,0,0,
PRV53626,No,0,Low,13,812.31,7.7,10560.0,0,0,0,
PRV57057,No,0,Low,26,406.15,0.0,10560.0,0,0,0,
PRV56367,No,0,Low,45,234.44,0.0,10550.0,0,0,0,
PRV53648,No,0,Low,20,527.0,0.0,10540.0,0,0,0,
PRV53891,No,0,Low,22,478.64,0.0,10530.0,0,0,0,
PRV53279,No,0,Low,36,292.22,2.8,10520.0,0,0,0,
PRV57058,No,0,Low,29,362.76,0.0,10520.0,0,0,0,
PRV52801,No,0,Low,31,339.03,0.0,10510.0,0,0,0,
PRV54037,No,0,Low,17,618.24,0.0,10510.0,0,0,0,
PRV51746,No,0,Low,26,403.46,0.0,10490.0,0,0,0,
PRV52598,No,0,Low,31,338.39,0.0,10490.0,0,0,0,
PRV56471,No,0,Low,43,243.95,0.0,10490.0,0,0,0,
PRV51014,No,0,Low,30,349.33,0.0,10480.0,0,0,0,
PRV51642,No,0,Low,29,360.69,3.4,10460.0,0,0,0,
PRV54296,No,0,Low,54,193.7,0.0,10460.0,0,0,0,
PRV56427,No,0,Low,23,454.78,0.0,10460.0,0,0,0,
PRV57002,No,0,Low,50,209.0,0.0,10450.0,0,0,0,
PRV51354,No,0,Low,4,2610.0,25.0,10440.0,0,0,0,
PRV54128,No,0,Low,27,386.67,0.0,10440.0,0,0,0,
PRV56363,No,0,Low,19,548.42,0.0,10420.0,0,0,0,
PRV56590,No,0,Low,33,315.45,0.0,10410.0,0,0,0,
PRV51395,No,0,Low,20,520.0,0.0,10400.0,0,0,0,
PRV54323,Yes,0,Low,51,203.53,0.0,10380.0,0,0,0,
PRV57627,No,0,Low,28,370.0,0.0,10360.0,0,0,0,
PRV54410,No,0,Low,37,279.73,0.0,10350.0,0,0,0,
PRV57544,No,0,Low,52,198.85,0.0,10340.0,0,0,0,
PRV57595,No,0,Low,56,183.04,0.0,10250.0,0,0,0,
PRV51076,No,0,Low,29,352.76,0.0,10230.0,0,0,0,
PRV52904,No,0,Low,3,3410.0,33.3,10230.0,0,0,0,
PRV54526,No,0,Low,46,222.39,0.0,10230.0,0,0,0,
PRV54618,No,0,Low,32,318.75,0.0,10200.0,0,0,0,
PRV56901,No,0,Low,66,154.39,0.0,10190.0,0,0,0,
PRV52832,No,0,Low,31,328.39,0.0,10180.0,0,0,0,
PRV54624,No,0,Low,10,1018.0,0.0,10180.0,0,0,0,
PRV52039,No,0,Low,50,203.4,0.0,10170.0,0,0,0,
PRV55656,No,0,Low,30,339.0,0.0,10170.0,0,0,0,
PRV52639,No,0,Low,37,274.32,0.0,10150.0,0,0,0,
PRV57122,No,0,Low,14,724.29,7.1,10140.0,0,0,0,
PRV53482,No,0,Low,24,421.67,0.0,10120.0,0,0,0,
PRV53056,No,0,Low,35,288.86,0.0,10110.0,0,0,0,
PRV53524,No,0,Low,52,194.42,0.0,10110.0,0,0,0,
PRV52224,No,0,Low,41,246.34,0.0,10100.0,0,0,0,
PRV56798,No,0,Low,24,420.83,0.0,10100.0,0,0,0,
PRV53042,No,0,Low,39,258.72,0.0,10090.0,0,0,0,
PRV53293,No,0,Low,41,245.85,0.0,10080.0,0,0,0,
PRV51996,No,0,Low,41,245.61,0.0,10070.0,0,0,0,
PRV53946,No,0,Low,21,479.52,0.0,10070.0,0,0,0,
PRV56512,No,0,Low,27,372.22,0.0,10050.0,0,0,0,
PRV52610,No,0,Low,17,590.59,5.9,10040.0,0,0,0,
PRV55468,No,0,Low,27,371.48,0.0,10030.0,0,0,0,
PRV52606,No,0,Low,30,334.0,0.0,10020.0,0,0,0,
PRV56625,No,0,Low,36,278.33,0.0,10020.0,0,0,0,
PRV51235,No,0,Low,2,5000.0,100.0,10000.0,0,0,0,
PRV52169,No,0,Low,39,256.41,0.0,10000.0,0,0,0,
PRV52318,No,0,Low,39,256.41,0.0,10000.0,0,0,0,
PRV55143,No,0,Low,1,10000.0,100.0,10000.0,0,0,0,
PRV55151,No,0,Low,1,10000.0,100.0,10000.0,0,0,0,
PRV56106,No,0,Low,2,5000.0,100.0,10000.0,0,0,0,
PRV56202,No,0,Low,1,10000.0,100.0,10000.0,0,0,0,
PRV57076,No,0,Low,2,5000.0,100.0,10000.0,0,0,0,
PRV57137,No,0,Low,43,232.33,0.0,9990.0,0,0,0,
PRV52436,No,0,Low,44,226.82,0.0,9980.0,0,0,0,
PRV52951,No,0,Low,20,499.0,0.0,9980.0,0,0,0,
PRV53449,No,0,Low,9,1108.89,11.1,9980.0,0,0,0,
PRV53761,No,0,Low,38,262.63,0.0,9980.0,0,0,0,
PRV53681,No,0,Low,31,321.61,0.0,9970.0,0,0,0,
PRV55110,No,0,Low,40,249.0,0.0,9960.0,0,0,0,
PRV56179,No,0,Low,8,1243.75,12.5,9950.0,0,0,0,
PRV51477,No,0,Low,22,451.82,0.0,9940.0,0,0,0,
PRV54142,No,0,Low,28,355.0,0.0,9940.0,0,0,0,
PRV56217,No,0,Low,45,220.44,0.0,9920.0,0,0,0,
PRV51209,No,0,Low,42,235.95,0.0,9910.0,0,0,0,
PRV54246,No,0,Low,43,230.23,0.0,9900.0,0,0,0,
PRV55712,No,0,Low,26,380.0,0.0,9880.0,0,0,0,
PRV51531,No,0,Low,34,290.29,0.0,9870.0,0,0,0,
PRV57266,No,0,Low,34,290.0,0.0,9860.0,0,0,0,
PRV54902,No,0,Low,16,615.0,6.3,9840.0,0,0,0,
PRV55764,No,0,Low,29,338.97,3.4,9830.0,0,0,0,
PRV52676,No,0,Low,39,251.28,0.0,9800.0,0,0,0,
PRV56116,No,0,Low,35,279.71,0.0,9790.0,0,0,0,
PRV56418,No,0,Low,29,337.59,0.0,9790.0,0,0,0,
PRV56232,No,0,Low,35,279.43,0.0,9780.0,0,0,0,
PRV56604,No,0,Low,29,337.24,0.0,9780.0,0,0,0,
PRV54444,No,0,Low,27,361.85,0.0,9770.0,0,0,0,
PRV57541,No,0,Low,31,314.52,0.0,9750.0,0,0,0,
PRV52818,No,0,Low,39,249.49,0.0,9730.0,0,0,0,
PRV54619,No,0,Low,33,294.24,0.0,9710.0,0,0,0,
PRV51995,No,0,Low,20,485.0,0.0,9700.0,0,0,0,
PRV54540,Yes,0,Low,20,484.5,0.0,9690.0,0,0,0,
PRV55535,No,0,Low,42,230.71,0.0,9690.0,0,0,0,
PRV55726,No,0,Low,36,269.17,0.0,9690.0,0,0,0,
PRV52352,No,0,Low,32,301.88,0.0,9660.0,0,0,0,
PRV51175,No,0,Low,41,235.37,0.0,9650.0,0,0,0,
PRV52416,No,0,Low,42,229.76,0.0,9650.0,0,0,0,
PRV51554,No,0,Low,6,1606.67,16.7,9640.0,0,0,0,
PRV52692,No,0,Low,36,267.78,0.0,9640.0,0,0,0,
PRV53412,No,0,Low,27,357.04,0.0,9640.0,0,0,0,
PRV56266,No,0,Low,30,321.33,0.0,9640.0,0,0,0,
PRV51775,No,0,Low,39,246.41,0.0,9610.0,0,0,0,
PRV56397,No,0,Low,47,204.26,0.0,9600.0,0,0,0,
PRV53087,No,0,Low,31,309.03,0.0,9580.0,0,0,0,
PRV51991,No,0,Low,31,308.71,0.0,9570.0,0,0,0,
PRV55072,No,0,Low,48,198.96,0.0,9550.0,0,0,0,
PRV53527,No,0,Low,37,256.76,0.0,9500.0,0,0,0,
PRV55333,No,0,Low,51,186.27,0.0,9500.0,0,0,0,
PRV56982,No,0,Low,24,394.58,0.0,9470.0,0,0,0,
PRV51972,No,0,Low,35,270.29,0.0,9460.0,0,0,0,
PRV53025,No,0,Low,50,189.2,0.0,9460.0,0,0,0,
PRV54730,No,0,Low,40,236.25,0.0,9450.0,0,0,0,
PRV51462,No,0,Low,30,314.33,0.0,9430.0,0,0,0,
PRV53457,No,0,Low,5,1886.0,0.0,9430.0,0,0,0,
PRV51847,No,0,Low,42,224.29,0.0,9420.0,0,0,0,
PRV53318,No,0,Low,21,448.57,0.0,9420.0,0,0,0,
PRV53101,No,0,Low,8,1176.25,25.0,9410.0,0,0,0,
PRV54687,No,0,Low,18,521.67,0.0,9390.0,0,0,0,
PRV57680,No,0,Low,19,492.63,0.0,9360.0,0,0,0,
PRV51469,No,0,Low,28,333.93,0.0,9350.0,0,0,0,
PRV56489,No,0,Low,21,445.24,0.0,9350.0,0,0,0,
PRV53334,No,0,Low,29,322.07,0.0,9340.0,0,0,0,
PRV57475,No,0,Low,23,406.09,0.0,9340.0,0,0,0,
PRV51324,No,0,Low,28,333.21,0.0,9330.0,0,0,0,
PRV53353,No,0,Low,30,310.33,0.0,9310.0,0,0,0,
PRV55508,No,0,Low,16,581.88,0.0,9310.0,0,0,0,
PRV53875,No,0,Low,41,226.59,0.0,9290.0,0,0,0,
PRV51091,No,0,Low,44,210.68,0.0,9270.0,0,0,0,
PRV52928,No,0,Low,41,225.85,0.0,9260.0,0,0,0,
PRV51487,No,0,Low,13,710.77,0.0,9240.0,0,0,0,
PRV54878,No,0,Low,16,577.5,6.3,9240.0,0,0,0,
PRV51894,No,0,Low,20,460.5,0.0,9210.0,0,0,0,
PRV54130,No,0,Low,64,143.91,0.0,9210.0,0,0,0,
PRV55085,No,0,Low,24,382.5,0.0,9180.0,0,0,0,
PRV55965,No,0,Low,33,278.18,0.0,9180.0,0,0,0,
PRV53393,No,0,Low,5,1834.0,40.0,9170.0,0,0,0,
PRV53845,No,0,Low,20,458.0,0.0,9160.0,0,0,0,
PRV52897,No,0,Low,45,203.11,0.0,9140.0,0,0,0,
PRV56887,No,0,Low,36,253.33,0.0,9120.0,0,0,0,
PRV51682,No,0,Low,16,569.38,0.0,9110.0,0,0,0,
PRV52711,No,0,Low,28,325.36,0.0,9110.0,0,0,0,
PRV57686,No,0,Low,23,396.09,0.0,9110.0,0,0,0,
PRV51564,No,0,Low,24,379.17,0.0,9100.0,0,0,0,
PRV54127,No,0,Low,28,325.0,0.0,9100.0,0,0,0,
PRV54141,No,0,Low,31,293.55,0.0,9100.0,0,0,0,
PRV54360,No,0,Low,37,245.95,0.0,9100.0,0,0,0,
PRV53751,No,0,Low,22,412.27,0.0,9070.0,0,0,0,
PRV56368,No,0,Low,34,266.18,2.9,9050.0,0,0,0,
PRV52391,No,0,Low,22,410.45,0.0,9030.0,0,0,0,
PRV51668,No,0,Low,38,237.37,0.0,9020.0,0,0,0,
PRV56526,No,0,Low,32,281.88,0.0,9020.0,0,0,0,
PRV52803,No,0,Low,2,4500.0,100.0,9000.0,0,0,0,
PRV53061,No,0,Low,1,9000.0,100.0,9000.0,0,0,0,
PRV55448,No,0,Low,40,225.0,0.0,9000.0,0,0,0,
PRV55665,No,0,Low,1,9000.0,100.0,9000.0,0,0,0,
PRV56339,No,0,Low,1,9000.0,100.0,9000.0,0,0,0,
PRV57560,No,0,Low,2,4500.0,50.0,9000.0,0,0,0,
PRV51327,No,0,Low,41,219.27,0.0,8990.0,0,0,0,
PRV54025,No,0,Low,20,449.0,0.0,8980.0,0,0,0,
PRV53535,No,0,Low,19,472.11,0.0,8970.0,0,0,0,
PRV57602,No,0,Low,38,236.05,0.0,8970.0,0,0,0,
PRV53166,No,0,Low,23,389.57,4.3,8960.0,0,0,0,
PRV56251,No,0,Low,30,298.33,0.0,8950.0,0,0,0,
PRV57499,No,0,Low,18,496.67,0.0,8940.0,0,0,0,
PRV52666,No,0,Low,39,228.97,0.0,8930.0,0,0,0,
PRV56622,No,0,Low,26,343.46,0.0,8930.0,0,0,0,
PRV53137,No,0,Low,30,296.67,0.0,8900.0,0,0,0,
PRV53427,No,0,Low,24,370.0,0.0,8880.0,0,0,0,
PRV52917,No,0,Low,32,277.19,0.0,8870.0,0,0,0,
PRV55915,No,0,Low,32,277.19,0.0,8870.0,0,0,0,
PRV51147,No,0,Low,32,276.88,0.0,8860.0,0,0,0,
PRV51872,No,0,Low,24,368.33,0.0,8840.0,0,0,0,
PRV53926,No,0,Low,27,327.41,0.0,8840.0,0,0,0,
PRV56027,No,0,Low,25,353.6,0.0,8840.0,0,0,0,
PRV54163,No,0,Low,41,215.12,0.0,8820.0,0,0,0,
PRV56227,No,0,Low,26,339.23,3.8,8820.0,0,0,0,
PRV55338,No,0,Low,46,191.09,0.0,8790.0,0,0,0,
PRV53364,No,0,Low,26,337.31,0.0,8770.0,0,0,0,
PRV57272,No,0,Low,25,350.8,0.0,8770.0,0,0,0,
PRV51511,No,0,Low,16,547.5,0.0,8760.0,0,0,0,
PRV51189,No,0,Low,56,156.07,0.0,8740.0,0,0,0,
PRV52824,No,0,Low,42,208.1,0.0,8740.0,0,0,0,
PRV52934,No,0,Low,32,272.81,0.0,8730.0,0,0,0,
PRV54491,No,0,Low,14,623.57,0.0,8730.0,0,0,0,
PRV51731,No,0,Low,38,229.47,0.0,8720.0,0,0,0,
PRV56166,No,0,Low,8,1090.0,25.0,8720.0,0,0,0,
PRV56740,No,0,Low,45,193.78,0.0,8720.0,0,0,0,
PRV57730,No,0,Low,40,218.0,0.0,8720.0,0,0,0,
PRV55980,No,0,Low,17,511.76,0.0,8700.0,0,0,0,
PRV57036,No,0,Low,20,435.0,0.0,8700.0,0,0,0,
PRV54511,No,0,Low,32,271.56,0.0,8690.0,0,0,0,
PRV55176,No,0,Low,20,432.5,5.0,8650.0,0,0,0,
PRV56413,No,0,Low,12,720.83,0.0,8650.0,0,0,0,
PRV57408,No,0,Low,55,157.27,0.0,8650.0,0,0,0,
PRV52191,No,0,Low,28,308.57,0.0,8640.0,0,0,0,
PRV52616,No,0,Low,15,576.0,0.0,8640.0,0,0,0,
PRV53455,No,0,Low,39,221.54,0.0,8640.0,0,0,0,
PRV54479,No,0,Low,17,508.24,0.0,8640.0,0,0,0,
PRV54063,No,0,Low,17,507.06,5.9,8620.0,0,0,0,
PRV57646,No,0,Low,25,342.8,0.0,8570.0,0,0,0,
PRV57411,No,0,Low,29,295.17,0.0,8560.0,0,0,0,
PRV51071,No,0,Low,24,356.25,0.0,8550.0,0,0,0,
PRV51075,No,0,Low,17,502.94,0.0,8550.0,0,0,0,
PRV51653,No,0,Low,24,355.42,0.0,8530.0,0,0,0,
PRV51771,No,0,Low,40,213.25,0.0,8530.0,0,0,0,
PRV55963,No,0,Low,47,181.49,0.0,8530.0,0,0,0,
PRV57647,No,0,Low,46,185.43,0.0,8530.0,0,0,0,
PRV53908,No,0,Low,15,567.33,0.0,8510.0,0,0,0,
PRV57354,No,0,Low,22,386.82,0.0,8510.0,0,0,0,
PRV57744,No,0,Low,19,447.89,0.0,8510.0,0,0,0,
PRV51671,No,0,Low,39,217.69,0.0,8490.0,0,0,0,
PRV55052,No,0,Low,49,173.06,0.0,8480.0,0,0,0,
PRV57553,No,0,Low,21,402.86,0.0,8460.0,0,0,0,
PRV56280,No,0,Low,39,216.67,0.0,8450.0,0,0,0,
PRV51045,No,0,Low,31,270.65,0.0,8390.0,0,0,0,
PRV51502,No,0,Low,31,270.65,0.0,8390.0,0,0,0,
PRV54643,No,0,Low,18,465.56,0.0,8380.0,0,0,0,
PRV55561,No,0,Low,24,348.33,0.0,8360.0,0,0,0,
PRV55173,No,0,Low,25,334.0,0.0,8350.0,0,0,0,
PRV57282,Yes,0,Low,41,203.66,0.0,8350.0,0,0,0,
PRV53315,No,0,Low,25,333.6,0.0,8340.0,0,0,0,
PRV53171,No,0,Low,17,490.0,0.0,8330.0,0,0,0,
PRV55300,No,0,Low,32,260.0,0.0,8320.0,0,0,0,
PRV55344,No,0,Low,14,594.29,0.0,8320.0,0,0,0,
PRV56990,No,0,Low,55,151.27,0.0,8320.0,0,0,0,
PRV54451,No,0,Low,13,639.23,0.0,8310.0,0,0,0,
PRV57522,No,0,Low,40,207.75,0.0,8310.0,0,0,0,
PRV52143,No,0,Low,17,487.65,0.0,8290.0,0,0,0,
PRV53607,No,0,Low,26,318.85,0.0,8290.0,0,0,0,
PRV54371,No,0,Low,31,267.1,0.0,8280.0,0,0,0,
PRV54591,No,0,Low,45,184.0,0.0,8280.0,0,0,0,
PRV54604,No,0,Low,38,216.84,0.0,8240.0,0,0,0,
PRV57136,No,0,Low,43,191.63,0.0,8240.0,0,0,0,
PRV53116,No,0,Low,44,187.05,0.0,8230.0,0,0,0,
PRV56801,No,0,Low,25,328.4,0.0,8210.0,0,0,0,
PRV52202,No,0,Low,50,164.0,0.0,8200.0,0,0,0,
PRV56466,No,0,Low,56,146.25,0.0,8190.0,0,0,0,
PRV55964,No,0,Low,37,221.08,0.0,8180.0,0,0,0,
PRV54162,No,0,Low,32,255.0,0.0,8160.0,0,0,0,
PRV56879,No,0,Low,7,1162.86,0.0,8140.0,0,0,0,
PRV53570,No,0,Low,18,450.56,0.0,8110.0,0,0,0,
PRV54520,No,0,Low,15,538.67,0.0,8080.0,0,0,0,
PRV57421,No,0,Low,35,230.86,0.0,8080.0,0,0,0,
PRV51521,No,0,Low,46,175.43,0.0,8070.0,0,0,0,
PRV53122,No,0,Low,24,336.25,0.0,8070.0,0,0,0,
PRV54411,No,0,Low,22,366.82,4.5,8070.0,0,0,0,
PRV57367,No,0,Low,11,733.64,0.0,8070.0,0,0,0,
PRV51748,No,0,Low,18,447.78,0.0,8060.0,0,0,0,
PRV54623,No,0,Low,43,186.74,0.0,8030.0,0,0,0,
PRV55958,No,0,Low,30,267.33,0.0,8020.0,0,0,0,
PRV54486,No,0,Low,28,286.07,0.0,8010.0,0,0,0,
PRV51053,No,0,Low,1,8000.0,100.0,8000.0,0,0,0,
PRV51977,No,0,Low,1,8000.0,100.0,8000.0,0,0,0,
PRV52012,No,0,Low,1,8000.0,100.0,8000.0,0,0,0,
PRV53502,No,0,Low,47,170.21,0.0,8000.0,0,0,0,
PRV54503,No,0,Low,1,8000.0,100.0,8000.0,0,0,0,
PRV54904,No,0,Low,19,419.47,0.0,7970.0,0,0,0,
PRV56176,No,0,Low,21,379.05,0.0,7960.0,0,0,0,
PRV54886,No,0,Low,9,882.22,0.0,7940.0,0,0,0,
PRV53844,No,0,Low,53,149.25,0.0,7910.0,0,0,0,
PRV51734,No,0,Low,20,395.0,0.0,7900.0,0,0,0,
PRV55499,No,0,Low,33,239.39,0.0,7900.0,0,0,0,
PRV53680,No,0,Low,27,292.22,0.0,7890.0,0,0,0,
PRV56810,No,0,Low,14,563.57,0.0,7890.0,0,0,0,
PRV52384,No,0,Low,33,238.79,0.0,7880.0,0,0,0,
PRV54416,No,0,Low,17,463.53,0.0,7880.0,0,0,0,
PRV55339,No,0,Low,30,262.67,0.0,7880.0,0,0,0,
PRV51361,No,0,Low,32,245.94,0.0,7870.0,0,0,0,
PRV55582,No,0,Low,24,327.92,0.0,7870.0,0,0,0,
PRV56858,No,0,Low,40,196.75,0.0,7870.0,0,0,0,
PRV56688,No,0,Low,37,212.43,0.0,7860.0,0,0,0,
PRV57460,No,0,Low,36,217.78,0.0,7840.0,0,0,0,
PRV52492,No,0,Low,34,229.71,0.0,7810.0,0,0,0,
PRV52274,No,0,Low,38,205.26,0.0,7800.0,0,0,0,
PRV54574,No,0,Low,35,222.86,0.0,7800.0,0,0,0,
PRV54753,No,0,Low,16,486.25,0.0,7780.0,0,0,0,
PRV52311,No,0,Low,28,277.5,0.0,7770.0,0,0,0,
PRV53255,No,0,Low,26,298.46,0.0,7760.0,0,0,0,
PRV57496,No,0,Low,38,203.95,0.0,7750.0,0,0,0,
PRV51852,No,0,Low,19,407.37,0.0,7740.0,0,0,0,
PRV52319,No,0,Low,30,258.0,0.0,7740.0,0,0,0,
PRV53437,No,0,Low,9,860.0,11.1,7740.0,0,0,0,
PRV52418,No,0,Low,35,220.86,0.0,7730.0,0,0,0,
PRV57052,No,0,Low,13,593.85,0.0,7720.0,0,0,0,
PRV51675,No,0,Low,28,274.64,0.0,7690.0,0,0,0,
PRV51779,No,0,Low,24,320.42,0.0,7690.0,0,0,0,
PRV55940,No,0,Low,32,240.31,0.0,7690.0,0,0,0,
PRV56311,No,0,Low,19,403.68,0.0,7670.0,0,0,0,
PRV56929,No,0,Low,45,170.44,0.0,7670.0,0,0,0,
PRV54227,No,0,Low,53,143.96,0.0,7630.0,0,0,0,
PRV54947,No,0,Low,26,293.46,0.0,7630.0,0,0,0,
PRV54595,No,0,Low,11,692.73,0.0,7620.0,0,0,0,
PRV55966,No,0,Low,21,362.86,0.0,7620.0,0,0,0,
PRV51134,No,0,Low,15,507.33,0.0,7610.0,0,0,0,
PRV56868,No,0,Low,18,421.67,0.0,7590.0,0,0,0,
PRV57100,No,0,Low,25,303.2,0.0,7580.0,0,0,0,
PRV54136,No,0,Low,30,252.33,0.0,7570.0,0,0,0,
PRV56374,No,0,Low,25,302.8,0.0,7570.0,0,0,0,
PRV57444,No,0,Low,13,580.77,0.0,7550.0,0,0,0,
PRV55324,No,0,Low,25,301.2,0.0,7530.0,0,0,0,
PRV52747,No,0,Low,21,358.1,0.0,7520.0,0,0,0,
PRV55095,No,0,Low,20,376.0,0.0,7520.0,0,0,0,
PRV56832,No,0,Low,11,683.64,0.0,7520.0,0,0,0,
PRV51795,No,0,Low,36,208.61,0.0,7510.0,0,0,0,
PRV54795,No,0,Low,21,357.62,0.0,7510.0,0,0,0,
PRV56094,No,0,Low,25,300.4,0.0,7510.0,0,0,0,
PRV52415,No,0,Low,41,182.93,0.0,7500.0,0,0,0,
PRV55244,No,0,Low,25,300.0,0.0,7500.0,0,0,0,
PRV57610,No,0,Low,32,234.38,0.0,7500.0,0,0,0,
PRV57722,No,0,Low,34,220.29,0.0,7490.0,0,0,0,
PRV55950,No,0,Low,11,679.09,0.0,7470.0,0,0,0,
PRV53469,No,0,Low,14,532.86,0.0,7460.0,0,0,0,
PRV54712,No,0,Low,14,532.86,0.0,7460.0,0,0,0,
PRV55062,No,0,Low,29,257.24,0.0,7460.0,0,0,0,
PRV57540,No,0,Low,39,191.28,0.0,7460.0,0,0,0,
PRV53063,No,0,Low,4,1862.5,50.0,7450.0,0,0,0,
PRV52187,No,0,Low,27,275.56,0.0,7440.0,0,0,0,
PRV51226,No,0,Low,20,371.5,0.0,7430.0,0,0,0,
PRV53307,No,0,Low,34,218.53,0.0,7430.0,0,0,0,
PRV55432,No,0,Low,29,256.21,0.0,7430.0,0,0,0,
PRV55697,No,0,Low,26,285.77,0.0,7430.0,0,0,0,
PRV51041,No,0,Low,34,217.94,0.0,7410.0,0,0,0,
PRV57463,No,0,Low,28,264.64,0.0,7410.0,0,0,0,
PRV52237,No,0,Low,38,194.74,0.0,7400.0,0,0,0,
PRV53716,No,0,Low,33,224.24,0.0,7400.0,0,0,0,
PRV55608,No,0,Low,18,411.11,0.0,7400.0,0,0,0,
PRV56552,No,0,Low,24,307.92,0.0,7390.0,0,0,0,
PRV52533,No,0,Low,43,171.63,0.0,7380.0,0,0,0,
PRV56048,No,0,Low,16,461.25,0.0,7380.0,0,0,0,
PRV56851,No,0,Low,20,369.0,0.0,7380.0,0,0,0,
PRV56108,No,0,Low,15,490.67,0.0,7360.0,0,0,0,
PRV56169,No,0,Low,22,334.09,0.0,7350.0,0,0,0,
PRV57625,No,0,Low,44,166.82,0.0,7340.0,0,0,0,
PRV53558,No,0,Low,22,332.73,0.0,7320.0,0,0,0,
PRV56640,No,0,Low,23,318.26,0.0,7320.0,0,0,0,
PRV52768,No,0,Low,25,292.4,0.0,7310.0,0,0,0,
PRV55345,No,0,Low,15,487.33,0.0,7310.0,0,0,0,
PRV57728,No,0,Low,4,1827.5,25.0,7310.0,0,0,0,
PRV55549,No,0,Low,28,260.71,0.0,7300.0,0,0,0,
PRV51916,No,0,Low,43,169.53,0.0,7290.0,0,0,0,
PRV54625,No,0,Low,16,455.63,0.0,7290.0,0,0,0,
PRV54580,No,0,Low,30,242.67,0.0,7280.0,0,0,0,
PRV55322,No,0,Low,28,259.64,0.0,7270.0,0,0,0,
PRV52507,No,0,Low,29,250.0,0.0,7250.0,0,0,0,
PRV52830,No,0,Low,34,213.24,0.0,7250.0,0,0,0,
PRV53605,No,0,Low,55,131.82,0.0,7250.0,0,0,0,
PRV53402,No,0,Low,17,425.29,0.0,7230.0,0,0,0,
PRV53727,No,0,Low,20,361.5,0.0,7230.0,0,0,0,
PRV56638,No,0,Low,26,278.08,0.0,7230.0,0,0,0,
PRV57479,No,0,Low,19,380.0,0.0,7220.0,0,0,0,
PRV51315,No,0,Low,47,153.4,0.0,7210.0,0,0,0,
PRV52535,No,0,Low,18,400.0,0.0,7200.0,0,0,0,
PRV55278,No,0,Low,45,160.0,0.0,7200.0,0,0,0,
PRV54125,No,0,Low,11,652.73,0.0,7180.0,0,0,0,
PRV55880,No,0,Low,15,478.67,0.0,7180.0,0,0,0,
PRV52186,No,0,Low,41,174.63,0.0,7160.0,0,0,0,
PRV56159,No,0,Low,30,238.67,0.0,7160.0,0,0,0,
PRV57683,No,0,Low,15,476.67,0.0,7150.0,0,0,0,
PRV51928,No,0,Low,30,238.0,0.0,7140.0,0,0,0,
PRV52385,No,0,Low,22,324.55,0.0,7140.0,0,0,0,
PRV53473,No,0,Low,11,649.09,0.0,7140.0,0,0,0,
PRV53715,No,0,Low,24,297.5,0.0,7140.0,0,0,0,
PRV56297,No,0,Low,28,255.0,0.0,7140.0,0,0,0,
PRV54415,No,0,Low,27,264.07,0.0,7130.0,0,0,0,
PRV56136,No,0,Low,8,890.0,12.5,7120.0,0,0,0,
PRV52580,No,0,Low,39,181.79,0.0,7090.0,0,0,0,
PRV54535,No,0,Low,34,208.53,0.0,7090.0,0,0,0,
PRV51453,No,0,Low,12,590.0,0.0,7080.0,0,0,0,
PRV52011,No,0,Low,26,271.92,0.0,7070.0,0,0,0,
PRV54313,No,0,Low,16,441.88,0.0,7070.0,0,0,0,
PRV53553,No,0,Low,30,235.33,0.0,7060.0,0,0,0,
PRV51819,No,0,Low,3,2350.0,66.7,7050.0,0,0,0,
PRV51983,No,0,Low,40,176.25,0.0,7050.0,0,0,0,
PRV56816,No,0,Low,15,469.33,0.0,7040.0,0,0,0,
PRV52306,No,0,Low,15,468.67,0.0,7030.0,0,0,0,
PRV54280,No,0,Low,20,351.5,0.0,7030.0,0,0,0,
PRV55211,No,0,Low,32,219.69,0.0,7030.0,0,0,0,
PRV56846,No,0,Low,21,334.29,0.0,7020.0,0,0,0,
PRV57739,No,0,Low,11,638.18,0.0,7020.0,0,0,0,
PRV54679,No,0,Low,1,7000.0,100.0,7000.0,0,0,0,
PRV54817,No,0,Low,1,7000.0,100.0,7000.0,0,0,0,
PRV55148,No,0,Low,1,7000.0,100.0,7000.0,0,0,0,
PRV55428,No,0,Low,1,7000.0,100.0,7000.0,0,0,0,
PRV55792,No,0,Low,1,7000.0,100.0,7000.0,0,0,0,
PRV56545,No,0,Low,1,7000.0,100.0,7000.0,0,0,0,
PRV57092,No,0,Low,2,3500.0,100.0,7000.0,0,0,0,
PRV54554,No,0,Low,26,268.85,0.0,6990.0,0,0,0,
PRV56484,No,0,Low,9,775.56,0.0,6980.0,0,0,0,
PRV55098,No,0,Low,27,258.15,0.0,6970.0,0,0,0,
PRV51732,No,0,Low,12,580.0,0.0,6960.0,0,0,0,
PRV52026,No,0,Low,24,290.0,0.0,6960.0,0,0,0,
PRV53560,No,0,Low,23,302.61,0.0,6960.0,0,0,0,
PRV56942,No,0,Low,24,290.0,0.0,6960.0,0,0,0,
PRV54207,No,0,Low,41,169.51,0.0,6950.0,0,0,0,
PRV55081,No,0,Low,30,231.67,0.0,6950.0,0,0,0,
PRV51307,No,0,Low,37,187.57,0.0,6940.0,0,0,0,
PRV51789,No,0,Low,32,216.88,0.0,6940.0,0,0,0,
PRV53530,No,0,Low,27,257.04,0.0,6940.0,0,0,0,
PRV55926,No,0,Low,26,266.54,0.0,6930.0,0,0,0,
PRV57624,No,0,Low,41,169.02,0.0,6930.0,0,0,0,
PRV53582,No,0,Low,14,494.29,0.0,6920.0,0,0,0,
PRV56784,No,0,Low,19,364.21,0.0,6920.0,0,0,0,
PRV53213,No,0,Low,22,314.09,0.0,6910.0,0,0,0,
PRV54715,No,0,Low,19,362.63,0.0,6890.0,0,0,0,
PRV57255,No,0,Low,34,202.65,0.0,6890.0,0,0,0,
PRV52945,No,0,Low,46,149.35,0.0,6870.0,0,0,0,
PRV52790,No,0,Low,28,245.0,0.0,6860.0,0,0,0,
PRV55789,No,0,Low,23,298.26,0.0,6860.0,0,0,0,
PRV53547,No,0,Low,21,326.19,0.0,6850.0,0,0,0,
PRV54678,No,0,Low,15,456.67,0.0,6850.0,0,0,0,
PRV55609,No,0,Low,10,685.0,0.0,6850.0,0,0,0,
PRV56579,No,0,Low,39,175.64,0.0,6850.0,0,0,0,
PRV56834,No,0,Low,16,428.13,6.3,6850.0,0,0,0,
PRV51382,No,0,Low,16,427.5,0.0,6840.0,0,0,0,
PRV51057,No,0,Low,5,1366.0,0.0,6830.0,0,0,0,
PRV51770,No,0,Low,15,454.67,0.0,6820.0,0,0,0,
PRV52636,No,0,Low,21,324.76,0.0,6820.0,0,0,0,
PRV53161,No,0,Low,7,972.86,0.0,6810.0,0,0,0,
PRV56322,No,0,Low,37,183.78,0.0,6800.0,0,0,0,
PRV51726,No,0,Low,21,323.33,0.0,6790.0,0,0,0,
PRV57378,No,0,Low,35,193.71,0.0,6780.0,0,0,0,
PRV52929,No,0,Low,35,193.43,0.0,6770.0,0,0,0,
PRV57142,No,0,Low,12,564.17,0.0,6770.0,0,0,0,
PRV52943,No,0,Low,35,193.14,0.0,6760.0,0,0,0,
PRV53147,No,0,Low,18,375.56,0.0,6760.0,0,0,0,
PRV52702,No,0,Low,28,241.07,0.0,6750.0,0,0,0,
PRV53877,No,0,Low,19,355.26,0.0,6750.0,0,0,0,
PRV54448,No,0,Low,23,292.17,0.0,6720.0,0,0,0,
PRV56476,No,0,Low,4,1675.0,25.0,6700.0,0,0,0,
PRV56930,No,0,Low,24,278.33,0.0,6680.0,0,0,0,
PRV51528,No,0,Low,17,392.35,0.0,6670.0,0,0,0,
PRV56523,Yes,0,Low,21,317.62,0.0,6670.0,0,0,0,
PRV56878,No,0,Low,26,256.15,0.0,6660.0,0,0,0,
PRV53064,No,0,Low,35,189.71,0.0,6640.0,0,0,0,
PRV53783,No,0,Low,30,221.33,0.0,6640.0,0,0,0,
PRV53957,No,0,Low,15,442.67,0.0,6640.0,0,0,0,
PRV56991,No,0,Low,15,442.67,0.0,6640.0,0,0,0,
PRV55040,No,0,Low,6,1105.0,0.0,6630.0,0,0,0,
PRV57394,No,0,Low,16,414.38,0.0,6630.0,0,0,0,
PRV54353,No,0,Low,32,206.88,0.0,6620.0,0,0,0,
PRV55716,No,0,Low,25,264.8,0.0,6620.0,0,0,0,
PRV56152,No,0,Low,18,367.78,0.0,6620.0,0,0,0,
PRV56931,No,0,Low,21,314.76,0.0,6610.0,0,0,0,
PRV52514,No,0,Low,15,440.0,0.0,6600.0,0,0,0,
PRV53968,No,0,Low,32,206.25,0.0,6600.0,0,0,0,
PRV55719,No,0,Low,23,286.96,0.0,6600.0,0,0,0,
PRV54112,No,0,Low,31,212.58,0.0,6590.0,0,0,0,
PRV54635,No,0,Low,33,199.7,0.0,6590.0,0,0,0,
PRV56830,No,0,Low,7,940.0,0.0,6580.0,0,0,0,
PRV53156,No,0,Low,16,410.63,0.0,6570.0,0,0,0,
PRV55073,No,0,Low,18,365.0,0.0,6570.0,0,0,0,
PRV55991,No,0,Low,32,205.31,0.0,6570.0,0,0,0,
PRV57668,No,0,Low,23,285.65,0.0,6570.0,0,0,0,
PRV51105,No,0,Low,12,545.0,0.0,6540.0,0,0,0,
PRV54282,No,0,Low,19,344.21,0.0,6540.0,0,0,0,
PRV55464,No,0,Low,29,225.52,0.0,6540.0,0,0,0,
PRV54347,No,0,Low,26,251.15,0.0,6530.0,0,0,0,
PRV56928,No,0,Low,32,204.06,0.0,6530.0,0,0,0,
PRV54840,No,0,Low,26,250.77,0.0,6520.0,0,0,0,
PRV56389,No,0,Low,15,434.67,0.0,6520.0,0,0,0,
PRV52820,No,0,Low,32,203.44,0.0,6510.0,0,0,0,
PRV53221,No,0,Low,16,406.88,0.0,6510.0,0,0,0,
PRV54166,No,0,Low,20,325.0,0.0,6500.0,0,0,0,
PRV56198,No,0,Low,21,309.52,0.0,6500.0,0,0,0,
PRV55449,No,0,Low,21,308.57,0.0,6480.0,0,0,0,
PRV56319,No,0,Low,13,498.46,0.0,6480.0,0,0,0,
PRV51314,No,0,Low,30,215.33,0.0,6460.0,0,0,0,
PRV52528,No,0,Low,26,248.46,0.0,6460.0,0,0,0,
PRV54861,No,0,Low,43,150.0,0.0,6450.0,0,0,0,
PRV55565,No,0,Low,23,280.0,0.0,6440.0,0,0,0,
PRV55882,No,0,Low,23,280.0,0.0,6440.0,0,0,0,
PRV57099,No,0,Low,14,460.0,0.0,6440.0,0,0,0,
PRV53733,No,0,Low,20,321.5,0.0,6430.0,0,0,0,
PRV55928,No,0,Low,12,534.17,0.0,6410.0,0,0,0,
PRV52390,No,0,Low,36,177.78,0.0,6400.0,0,0,0,
PRV53983,No,0,Low,24,266.67,0.0,6400.0,0,0,0,
PRV55320,No,0,Low,34,188.24,0.0,6400.0,0,0,0,
PRV55653,No,0,Low,25,256.0,0.0,6400.0,0,0,0,
PRV53151,No,0,Low,25,254.4,0.0,6360.0,0,0,0,
PRV53988,No,0,Low,32,198.75,0.0,6360.0,0,0,0,
PRV54233,No,0,Low,7,907.14,14.3,6350.0,0,0,0,
PRV56016,No,0,Low,12,529.17,0.0,6350.0,0,0,0,
PRV57565,No,0,Low,6,1056.67,0.0,6340.0,0,0,0,
PRV51243,No,0,Low,36,175.83,0.0,6330.0,0,0,0,
PRV54145,No,0,Low,6,1053.33,0.0,6320.0,0,0,0,
PRV56823,No,0,Low,18,351.11,0.0,6320.0,0,0,0,
PRV52740,No,0,Low,34,185.59,0.0,6310.0,0,0,0,
PRV57038,No,0,Low,33,191.21,0.0,6310.0,0,0,0,
PRV54489,No,0,Low,14,450.0,0.0,6300.0,0,0,0,
PRV56667,No,0,Low,32,196.88,0.0,6300.0,0,0,0,
PRV57594,No,0,Low,14,450.0,7.1,6300.0,0,0,0,
PRV56062,No,0,Low,25,251.6,0.0,6290.0,0,0,0,
PRV55493,No,0,Low,39,160.77,0.0,6270.0,0,0,0,
PRV51212,No,0,Low,15,417.33,0.0,6260.0,0,0,0,
PRV53828,No,0,Low,28,223.57,0.0,6260.0,0,0,0,
PRV54271,No,0,Low,29,215.17,0.0,6240.0,0,0,0,
PRV56206,No,0,Low,31,201.29,0.0,6240.0,0,0,0,
PRV51299,No,0,Low,37,168.38,0.0,6230.0,0,0,0,
PRV53065,No,0,Low,38,163.95,0.0,6230.0,0,0,0,
PRV55898,No,0,Low,27,230.37,0.0,6220.0,0,0,0,
PRV55904,No,0,Low,28,221.07,0.0,6190.0,0,0,0,
PRV57239,No,0,Low,28,220.71,0.0,6180.0,0,0,0,
PRV57573,No,0,Low,33,187.27,0.0,6180.0,0,0,0,
PRV51915,No,0,Low,20,308.5,0.0,6170.0,0,0,0,
PRV53447,No,0,Low,39,158.21,0.0,6170.0,0,0,0,
PRV53703,No,0,Low,39,157.95,0.0,6160.0,0,0,0,
PRV54309,No,0,Low,29,212.41,0.0,6160.0,0,0,0,
PRV52795,No,0,Low,19,323.68,0.0,6150.0,0,0,0,
PRV53026,No,0,Low,26,236.15,0.0,6140.0,0,0,0,
PRV55652,No,0,Low,28,219.29,0.0,6140.0,0,0,0,
PRV56149,No,0,Low,27,227.04,0.0,6130.0,0,0,0,
PRV51616,No,0,Low,26,235.38,0.0,6120.0,0,0,0,
PRV56603,No,0,Low,4,1530.0,25.0,6120.0,0,0,0,
PRV54634,No,0,Low,32,190.94,0.0,6110.0,0,0,0,
PRV57746,No,0,Low,42,145.24,0.0,6100.0,0,0,0,
PRV52512,No,0,Low,31,196.45,0.0,6090.0,0,0,0,
PRV55807,No,0,Low,17,357.65,0.0,6080.0,0,0,0,
PRV56905,No,0,Low,15,405.33,0.0,6080.0,0,0,0,
PRV56873,No,0,Low,2,3035.0,50.0,6070.0,0,0,0,
PRV57550,No,0,Low,29,209.31,0.0,6070.0,0,0,0,
PRV51764,No,0,Low,33,183.64,0.0,6060.0,0,0,0,
PRV54995,No,0,Low,16,378.75,0.0,6060.0,0,0,0,
PRV56511,No,0,Low,23,263.48,0.0,6060.0,0,0,0,
PRV54541,No,0,Low,7,864.29,28.6,6050.0,0,0,0,
PRV55919,No,0,Low,21,288.1,0.0,6050.0,0,0,0,
PRV56888,No,0,Low,10,605.0,0.0,6050.0,0,0,0,
PRV56380,No,0,Low,21,287.62,0.0,6040.0,0,0,0,
PRV52937,No,0,Low,24,251.25,0.0,6030.0,0,0,0,
PRV54252,No,0,Low,17,354.71,0.0,6030.0,0,0,0,
PRV56398,No,0,Low,19,317.37,5.3,6030.0,0,0,0,
PRV56923,No,0,Low,41,147.07,0.0,6030.0,0,0,0,
PRV55271,No,0,Low,15,401.33,0.0,6020.0,0,0,0,
PRV51812,No,0,Low,1,6000.0,100.0,6000.0,0,0,0,
PRV52814,No,0,Low,2,3000.0,100.0,6000.0,0,0,0,
PRV53176,No,0,Low,34,176.47,0.0,6000.0,0,0,0,
PRV53601,No,0,Low,2,3000.0,100.0,6000.0,0,0,0,
PRV54673,No,0,Low,1,6000.0,100.0,6000.0,0,0,0,
PRV55146,No,0,Low,1,6000.0,100.0,6000.0,0,0,0,
PRV55156,No,0,Low,1,6000.0,100.0,6000.0,0,0,0,
PRV55816,No,0,Low,1,6000.0,100.0,6000.0,0,0,0,
PRV57632,No,0,Low,1,6000.0,100.0,6000.0,0,0,0,
PRV51517,No,0,Low,11,544.55,0.0,5990.0,0,0,0,
PRV55627,No,0,Low,38,157.37,0.0,5980.0,0,0,0,
PRV53660,No,0,Low,35,170.57,0.0,5970.0,0,0,0,
PRV56765,No,0,Low,22,271.36,0.0,5970.0,0,0,0,
PRV57575,No,0,Low,24,248.75,0.0,5970.0,0,0,0,
PRV53796,No,0,Low,28,212.86,0.0,5960.0,0,0,0,
PRV54573,No,0,Low,22,270.91,0.0,5960.0,0,0,0,
PRV57315,No,0,Low,22,270.91,0.0,5960.0,0,0,0,
PRV54945,No,0,Low,37,160.81,0.0,5950.0,0,0,0,
PRV51694,No,0,Low,26,228.46,0.0,5940.0,0,0,0,
PRV52755,No,0,Low,11,539.09,0.0,5930.0,0,0,0,
PRV55299,No,0,Low,18,329.44,0.0,5930.0,0,0,0,
PRV56158,No,0,Low,38,156.05,0.0,5930.0,0,0,0,
PRV51871,No,0,Low,30,197.33,0.0,5920.0,0,0,0,
PRV53102,No,0,Low,19,311.05,0.0,5910.0,0,0,0,
PRV53829,No,0,Low,16,369.38,0.0,5910.0,0,0,0,
PRV55625,No,0,Low,21,281.43,0.0,5910.0,0,0,0,
PRV57504,No,0,Low,28,211.07,0.0,5910.0,0,0,0,
PRV51352,No,0,Low,4,1475.0,0.0,5900.0,0,0,0,
PRV56414,No,0,Low,27,218.52,0.0,5900.0,0,0,0,
PRV52189,No,0,Low,23,256.09,0.0,5890.0,0,0,0,
PRV53562,No,0,Low,10,589.0,0.0,5890.0,0,0,0,
PRV52825,No,0,Low,22,266.82,0.0,5870.0,0,0,0,
PRV53784,No,0,Low,41,143.17,0.0,5870.0,0,0,0,
PRV54038,No,0,Low,19,307.37,0.0,5840.0,0,0,0,
PRV51090,No,0,Low,7,832.86,0.0,5830.0,0,0,0,
PRV54373,No,0,Low,8,728.75,12.5,5830.0,0,0,0,
PRV57289,No,0,Low,10,583.0,0.0,5830.0,0,0,0,
PRV51562,No,0,Low,24,242.5,0.0,5820.0,0,0,0,
PRV56907,No,0,Low,15,388.0,0.0,5820.0,0,0,0,
PRV51529,No,0,Low,23,252.17,0.0,5800.0,0,0,0,
PRV55224,No,0,Low,23,252.17,0.0,5800.0,0,0,0,
PRV54450,No,0,Low,10,579.0,0.0,5790.0,0,0,0,
PRV52236,No,0,Low,14,412.86,0.0,5780.0,0,0,0,
PRV52009,No,0,Low,35,164.86,0.0,5770.0,0,0,0,
PRV55112,No,0,Low,32,179.69,0.0,5750.0,0,0,0,
PRV55936,No,0,Low,24,239.58,0.0,5750.0,0,0,0,
PRV57139,No,0,Low,16,359.38,0.0,5750.0,0,0,0,
PRV57520,No,0,Low,23,249.57,0.0,5740.0,0,0,0,
PRV53282,No,0,Low,31,184.84,0.0,5730.0,0,0,0,
PRV51572,No,0,Low,4,1427.5,25.0,5710.0,0,0,0,
PRV54528,No,0,Low,23,248.26,0.0,5710.0,0,0,0,
PRV52241,No,0,Low,23,247.39,0.0,5690.0,0,0,0,
PRV53561,No,0,Low,9,632.22,0.0,5690.0,0,0,0,
PRV57405,No,0,Low,32,177.81,0.0,5690.0,0,0,0,
PRV53439,No,0,Low,24,236.25,0.0,5670.0,0,0,0,
PRV53536,No,0,Low,31,182.58,0.0,5660.0,0,0,0,
PRV53640,No,0,Low,33,171.52,0.0,5660.0,0,0,0,
PRV54517,No,0,Low,45,125.78,0.0,5660.0,0,0,0,
PRV53486,No,0,Low,28,201.43,0.0,5640.0,0,0,0,
PRV55953,No,0,Low,13,433.08,0.0,5630.0,0,0,0,
PRV51736,No,0,Low,21,267.62,0.0,5620.0,0,0,0,
PRV53048,No,0,Low,7,802.86,0.0,5620.0,0,0,0,
PRV55818,No,0,Low,10,562.0,20.0,5620.0,0,0,0,
PRV56101,No,0,Low,5,1124.0,0.0,5620.0,0,0,0,
PRV56741,No,0,Low,25,224.8,0.0,5620.0,0,0,0,
PRV57454,No,0,Low,42,133.57,0.0,5610.0,0,0,0,
PRV57446,No,0,Low,8,700.0,0.0,5600.0,0,0,0,
PRV53454,No,0,Low,25,223.2,0.0,5580.0,0,0,0,
PRV56164,No,0,Low,27,206.3,0.0,5570.0,0,0,0,
PRV52227,No,0,Low,7,794.29,0.0,5560.0,0,0,0,
PRV56861,No,0,Low,31,179.35,0.0,5560.0,0,0,0,
PRV54550,No,0,Low,21,264.29,0.0,5550.0,0,0,0,
PRV54043,No,0,Low,3,1846.67,0.0,5540.0,0,0,0,
PRV53052,No,0,Low,9,614.44,11.1,5530.0,0,0,0,
PRV54627,No,0,Low,26,212.69,0.0,5530.0,0,0,0,
PRV55293,No,0,Low,33,167.58,0.0,5530.0,0,0,0,
PRV51899,No,0,Low,23,239.13,0.0,5500.0,0,0,0,
PRV57740,No,0,Low,12,458.33,0.0,5500.0,0,0,0,
PRV53435,No,0,Low,6,915.0,0.0,5490.0,0,0,0,
PRV55883,No,0,Low,8,685.0,0.0,5480.0,0,0,0,
PRV51082,No,0,Low,34,160.88,0.0,5470.0,0,0,0,
PRV54383,No,0,Low,29,188.62,0.0,5470.0,0,0,0,
PRV56277,No,0,Low,19,287.89,0.0,5470.0,0,0,0,
PRV56272,No,0,Low,22,247.73,0.0,5450.0,0,0,0,
PRV51032,No,0,Low,23,235.65,0.0,5420.0,0,0,0,
PRV54747,No,0,Low,21,258.1,0.0,5420.0,0,0,0,
PRV53772,No,0,Low,22,245.91,0.0,5410.0,0,0,0,
PRV53935,No,0,Low,12,450.83,0.0,5410.0,0,0,0,
PRV57107,No,0,Low,13,416.15,0.0,5410.0,0,0,0,
PRV53901,No,0,Low,14,385.71,0.0,5400.0,0,0,0,
PRV56993,No,0,Low,24,225.0,0.0,5400.0,0,0,0,
PRV54792,No,0,Low,22,245.0,0.0,5390.0,0,0,0,
PRV53503,No,0,Low,13,413.85,0.0,5380.0,0,0,0,
PRV51998,No,0,Low,28,191.43,0.0,5360.0,0,0,0,
PRV55993,No,0,Low,32,167.5,0.0,5360.0,0,0,0,
PRV56212,No,0,Low,17,315.29,0.0,5360.0,0,0,0,
PRV57328,No,0,Low,38,141.05,0.0,5360.0,0,0,0,
PRV55096,No,0,Low,27,198.15,0.0,5350.0,0,0,0,
PRV51723,No,0,Low,16,333.75,0.0,5340.0,0,0,0,
PRV56853,No,0,Low,27,197.78,0.0,5340.0,0,0,0,
PRV51132,No,0,Low,8,666.25,12.5,5330.0,0,0,0,
PRV51219,No,0,Low,8,666.25,0.0,5330.0,0,0,0,
PRV57542,No,0,Low,37,144.05,0.0,5330.0,0,0,0,
PRV52284,No,0,Low,39,136.41,0.0,5320.0,0,0,0,
PRV57269,No,0,Low,37,143.78,0.0,5320.0,0,0,0,
PRV56712,No,0,Low,4,1327.5,50.0,5310.0,0,0,0,
PRV57546,No,0,Low,18,295.0,0.0,5310.0,0,0,0,
PRV56388,No,0,Low,7,757.14,0.0,5300.0,0,0,0,
PRV52848,No,0,Low,25,211.2,0.0,5280.0,0,0,0,
PRV51264,No,0,Low,39,135.13,0.0,5270.0,0,0,0,
PRV54217,No,0,Low,30,175.33,0.0,5260.0,0,0,0,
PRV54544,No,0,Low,28,187.5,0.0,5250.0,0,0,0,
PRV56143,No,0,Low,29,180.0,0.0,5220.0,0,0,0,
PRV56973,No,0,Low,17,307.06,0.0,5220.0,0,0,0,
PRV52530,No,0,Low,10,521.0,10.0,5210.0,0,0,0,
PRV55754,No,0,Low,22,236.82,0.0,5210.0,0,0,0,
PRV56252,No,0,Low,18,289.44,0.0,5210.0,0,0,0,
PRV56657,No,0,Low,20,260.0,0.0,5200.0,0,0,0,
PRV51741,No,0,Low,35,148.29,0.0,5190.0,0,0,0,
PRV57054,No,0,Low,27,192.22,0.0,5190.0,0,0,0,
PRV52358,No,0,Low,18,287.78,0.0,5180.0,0,0,0,
PRV53817,No,0,Low,21,246.67,0.0,5180.0,0,0,0,
PRV55486,No,0,Low,15,344.67,0.0,5170.0,0,0,0,
PRV55560,No,0,Low,21,246.19,0.0,5170.0,0,0,0,
PRV56951,No,0,Low,19,272.11,0.0,5170.0,0,0,0,
PRV57041,No,0,Low,26,198.85,0.0,5170.0,0,0,0,
PRV54303,No,0,Low,16,322.5,0.0,5160.0,0,0,0,
PRV55408,No,0,Low,16,322.5,0.0,5160.0,0,0,0,
PRV53035,No,0,Low,34,151.18,0.0,5140.0,0,0,0,
PRV52140,No,0,Low,19,270.0,0.0,5130.0,0,0,0,
PRV51780,No,0,Low,34,150.59,0.0,5120.0,0,0,0,
PRV53354,No,0,Low,18,284.44,0.0,5120.0,0,0,0,
PRV54660,No,0,Low,24,212.92,0.0,5110.0,0,0,0,
PRV51922,No,0,Low,24,212.08,0.0,5090.0,0,0,0,
PRV52643,No,0,Low,11,462.73,0.0,5090.0,0,0,0,
PRV53593,No,0,Low,17,299.41,0.0,5090.0,0,0,0,
PRV55806,No,0,Low,16,318.13,0.0,5090.0,0,0,0,
PRV53780,No,0,Low,26,195.38,0.0,5080.0,0,0,0,
PRV56939,No,0,Low,16,317.5,0.0,5080.0,0,0,0,
PRV55644,No,0,Low,29,174.48,0.0,5060.0,0,0,0,
PRV56908,No,0,Low,2,2530.0,50.0,5060.0,0,0,0,
PRV57376,No,0,Low,20,253.0,0.0,5060.0,0,0,0,
PRV55945,No,0,Low,20,252.5,0.0,5050.0,0,0,0,
PRV52724,No,0,Low,24,210.0,0.0,5040.0,0,0,0,
PRV51801,No,0,Low,20,251.5,0.0,5030.0,0,0,0,
PRV53013,No,0,Low,4,1257.5,0.0,5030.0,0,0,0,
PRV55356,No,0,Low,27,186.3,0.0,5030.0,0,0,0,
PRV56308,No,0,Low,15,335.33,0.0,5030.0,0,0,0,
PRV51202,No,0,Low,12,417.5,0.0,5010.0,0,0,0,
PRV51179,No,0,Low,26,192.31,0.0,5000.0,0,0,0,
PRV51239,No,0,Low,1,5000.0,100.0,5000.0,0,0,0,
PRV51793,No,0,Low,25,200.0,0.0,5000.0,0,0,0,
PRV52463,No,0,Low,1,5000.0,100.0,5000.0,0,0,0,
PRV54054,No,0,Low,1,5000.0,100.0,5000.0,0,0,0,
PRV54597,No,0,Low,15,333.33,0.0,5000.0,0,0,0,
PRV55122,No,0,Low,1,5000.0,100.0,5000.0,0,0,0,
PRV57093,No,0,Low,1,5000.0,100.0,5000.0,0,0,0,
PRV52490,No,0,Low,17,293.53,0.0,4990.0,0,0,0,
PRV53072,No,0,Low,18,277.22,0.0,4990.0,0,0,0,
PRV54941,No,0,Low,18,277.22,0.0,4990.0,0,0,0,
PRV55674,No,0,Low,9,554.44,0.0,4990.0,0,0,0,
PRV52440,No,0,Low,12,415.0,0.0,4980.0,0,0,0,
PRV56958,No,0,Low,13,383.08,0.0,4980.0,0,0,0,
PRV51130,No,0,Low,7,710.0,0.0,4970.0,0,0,0,
PRV51313,No,0,Low,19,261.58,0.0,4970.0,0,0,0,
PRV54419,No,0,Low,28,177.5,0.0,4970.0,0,0,0,
PRV56187,No,0,Low,18,276.11,0.0,4970.0,0,0,0,
PRV56529,No,0,Low,34,146.18,0.0,4970.0,0,0,0,
PRV52209,No,0,Low,8,620.0,0.0,4960.0,0,0,0,
PRV55254,No,0,Low,15,330.67,0.0,4960.0,0,0,0,
PRV57366,No,0,Low,12,413.33,0.0,4960.0,0,0,0,
PRV54109,No,0,Low,16,309.38,0.0,4950.0,0,0,0,
PRV54780,No,0,Low,21,235.71,0.0,4950.0,0,0,0,
PRV52216,No,0,Low,15,329.33,0.0,4940.0,0,0,0,
PRV53445,No,0,Low,7,705.71,0.0,4940.0,0,0,0,
PRV51802,No,0,Low,24,205.42,0.0,4930.0,0,0,0,
PRV53428,No,0,Low,22,224.09,0.0,4930.0,0,0,0,
PRV53019,No,0,Low,15,328.0,0.0,4920.0,0,0,0,
PRV57257,No,0,Low,17,289.41,0.0,4920.0,0,0,0,
PRV53832,No,0,Low,12,409.17,0.0,4910.0,0,0,0,
PRV56095,No,0,Low,11,446.36,0.0,4910.0,0,0,0,
PRV55570,No,0,Low,10,490.0,0.0,4900.0,0,0,0,
PRV57419,No,0,Low,17,288.24,0.0,4900.0,0,0,0,
PRV57652,No,0,Low,15,326.67,0.0,4900.0,0,0,0,
PRV54536,No,0,Low,13,376.15,0.0,4890.0,0,0,0,
PRV57639,No,0,Low,17,287.65,0.0,4890.0,0,0,0,
PRV55360,No,0,Low,17,287.06,0.0,4880.0,0,0,0,
PRV55859,No,0,Low,15,325.33,0.0,4880.0,0,0,0,
PRV56193,No,0,Low,14,348.57,0.0,4880.0,0,0,0,
PRV51656,No,0,Low,23,211.3,0.0,4860.0,0,0,0,
PRV53240,No,0,Low,6,810.0,16.7,4860.0,0,0,0,
PRV53544,No,0,Low,17,285.88,0.0,4860.0,0,0,0,
PRV53766,No,0,Low,30,162.0,0.0,4860.0,0,0,0,
PRV54263,No,0,Low,6,810.0,16.7,4860.0,0,0,0,
PRV54392,No,0,Low,35,138.86,0.0,4860.0,0,0,0,
PRV56455,No,0,Low,13,373.85,0.0,4860.0,0,0,0,
PRV57435,No,0,Low,25,194.4,0.0,4860.0,0,0,0,
PRV52501,No,0,Low,19,254.74,0.0,4840.0,0,0,0,
PRV52008,No,0,Low,25,193.2,0.0,4830.0,0,0,0,
PRV53696,No,0,Low,15,322.0,0.0,4830.0,0,0,0,
PRV55080,No,0,Low,8,602.5,0.0,4820.0,0,0,0,
PRV53981,No,0,Low,22,218.64,0.0,4810.0,0,0,0,
PRV55537,No,0,Low,15,320.67,0.0,4810.0,0,0,0,
PRV51769,No,0,Low,15,320.0,0.0,4800.0,0,0,0,
PRV55261,No,0,Low,30,159.33,0.0,4780.0,0,0,0,
PRV57391,No,0,Low,19,251.58,0.0,4780.0,0,0,0,
PRV51936,No,0,Low,20,238.5,0.0,4770.0,0,0,0,
PRV53649,No,0,Low,27,176.67,0.0,4770.0,0,0,0,
PRV54039,No,0,Low,28,170.36,0.0,4770.0,0,0,0,
PRV57760,No,0,Low,22,216.82,0.0,4770.0,0,0,0,
PRV54611,No,0,Low,6,793.33,16.7,4760.0,0,0,0,
PRV55091,No,0,Low,18,263.89,0.0,4750.0,0,0,0,
PRV57450,No,0,Low,11,431.82,0.0,4750.0,0,0,0,
PRV51719,No,0,Low,4,1185.0,0.0,4740.0,0,0,0,
PRV52761,No,0,Low,11,430.91,0.0,4740.0,0,0,0,
PRV56381,No,0,Low,8,590.0,0.0,4720.0,0,0,0,
PRV53186,No,0,Low,8,588.75,0.0,4710.0,0,0,0,
PRV55423,No,0,Low,25,188.4,0.0,4710.0,0,0,0,
PRV55331,No,0,Low,23,204.35,0.0,4700.0,0,0,0,
PRV55563,No,0,Low,18,260.56,0.0,4690.0,0,0,0,
PRV55808,No,0,Low,22,213.18,0.0,4690.0,0,0,0,
PRV57720,No,0,Low,14,333.57,0.0,4670.0,0,0,0,
PRV51205,No,0,Low,10,466.0,0.0,4660.0,0,0,0,
PRV53351,No,0,Low,18,258.89,0.0,4660.0,0,0,0,
PRV56933,No,0,Low,12,388.33,0.0,4660.0,0,0,0,
PRV56850,No,0,Low,17,273.53,0.0,4650.0,0,0,0,
PRV51571,No,0,Low,22,210.91,0.0,4640.0,0,0,0,
PRV53644,No,0,Low,22,210.91,0.0,4640.0,0,0,0,
PRV55777,No,0,Low,17,271.76,0.0,4620.0,0,0,0,
PRV54210,No,0,Low,20,230.5,0.0,4610.0,0,0,0,
PRV57459,No,0,Low,11,418.18,0.0,4600.0,0,0,0,
PRV53375,No,0,Low,15,306.0,0.0,4590.0,0,0,0,
PRV53952,No,0,Low,15,305.33,0.0,4580.0,0,0,0,
PRV55319,No,0,Low,17,268.82,0.0,4570.0,0,0,0,
PRV55785,No,0,Low,9,507.78,0.0,4570.0,0,0,0,
PRV52208,No,0,Low,13,350.77,0.0,4560.0,0,0,0,
PRV56181,No,0,Low,12,379.17,0.0,4550.0,0,0,0,
PRV53067,No,0,Low,16,283.75,0.0,4540.0,0,0,0,
PRV53361,No,0,Low,9,504.44,0.0,4540.0,0,0,0,
PRV54519,No,0,Low,15,302.67,0.0,4540.0,0,0,0,
PRV55740,No,0,Low,21,214.76,0.0,4510.0,0,0,0,
PRV53020,No,0,Low,2,2250.0,0.0,4500.0,0,0,0,
PRV57276,No,0,Low,13,346.15,0.0,4500.0,0,0,0,
PRV53274,No,0,Low,30,149.67,0.0,4490.0,0,0,0,
PRV51043,No,0,Low,23,194.78,0.0,4480.0,0,0,0,
PRV53196,No,0,Low,16,280.0,0.0,4480.0,0,0,0,
PRV55114,No,0,Low,13,344.62,0.0,4480.0,0,0,0,
PRV55871,No,0,Low,12,373.33,0.0,4480.0,0,0,0,
PRV56378,No,0,Low,31,144.52,0.0,4480.0,0,0,0,
PRV56538,No,0,Low,23,194.78,0.0,4480.0,0,0,0,
PRV57690,No,0,Low,4,1120.0,0.0,4480.0,0,0,0,
PRV55494,No,0,Low,6,745.0,16.7,4470.0,0,0,0,
PRV56055,No,0,Low,9,496.67,0.0,4470.0,0,0,0,
PRV53595,No,0,Low,9,495.56,0.0,4460.0,0,0,0,
PRV56477,No,0,Low,9,495.56,0.0,4460.0,0,0,0,
PRV52539,No,0,Low,14,317.86,0.0,4450.0,0,0,0,
PRV53462,No,0,Low,11,404.55,0.0,4450.0,0,0,0,
PRV55875,No,0,Low,26,171.15,0.0,4450.0,0,0,0,
PRV56316,No,0,Low,6,741.67,0.0,4450.0,0,0,0,
PRV52257,No,0,Low,15,296.0,0.0,4440.0,0,0,0,
PRV56229,No,0,Low,13,341.54,0.0,4440.0,0,0,0,
PRV55419,No,0,Low,8,553.75,0.0,4430.0,0,0,0,
PRV57486,No,0,Low,35,126.57,0.0,4430.0,0,0,0,
PRV51200,No,0,Low,19,232.63,0.0,4420.0,0,0,0,
PRV52264,No,0,Low,25,176.8,0.0,4420.0,0,0,0,
PRV52710,No,0,Low,28,157.5,0.0,4410.0,0,0,0,
PRV52731,No,0,Low,23,191.74,0.0,4410.0,0,0,0,
PRV54183,No,0,Low,2,2200.0,0.0,4400.0,0,0,0,
PRV52273,No,0,Low,11,398.18,0.0,4380.0,0,0,0,
PRV55876,No,0,Low,19,230.53,0.0,4380.0,0,0,0,
PRV54160,No,0,Low,9,485.56,0.0,4370.0,0,0,0,
PRV56894,No,0,Low,26,167.69,0.0,4360.0,0,0,0,
PRV56154,No,0,Low,19,228.95,0.0,4350.0,0,0,0,
PRV56871,No,0,Low,11,395.45,0.0,4350.0,0,0,0,
PRV57743,No,0,Low,8,543.75,0.0,4350.0,0,0,0,
PRV53037,No,0,Low,9,482.22,0.0,4340.0,0,0,0,
PRV53713,No,0,Low,31,140.0,0.0,4340.0,0,0,0,
PRV56092,No,0,Low,5,866.0,0.0,4330.0,0,0,0,
PRV56995,No,0,Low,10,433.0,0.0,4330.0,0,0,0,
PRV53390,No,0,Low,15,288.0,0.0,4320.0,0,0,0,
PRV54196,No,0,Low,10,432.0,0.0,4320.0,0,0,0,
PRV57576,No,0,Low,22,196.36,0.0,4320.0,0,0,0,
PRV53004,No,0,Low,18,239.44,0.0,4310.0,0,0,0,
PRV51563,No,0,Low,19,225.26,0.0,4280.0,0,0,0,
PRV53214,No,0,Low,18,237.78,0.0,4280.0,0,0,0,
PRV54235,No,0,Low,16,267.5,0.0,4280.0,0,0,0,
PRV54435,No,0,Low,11,389.09,0.0,4280.0,0,0,0,
PRV56086,No,0,Low,16,267.5,0.0,4280.0,0,0,0,
PRV56941,No,0,Low,21,203.81,0.0,4280.0,0,0,0,
PRV52408,No,0,Low,29,147.24,0.0,4270.0,0,0,0,
PRV52938,No,0,Low,3,1423.33,0.0,4270.0,0,0,0,
PRV56890,No,0,Low,12,355.83,0.0,4270.0,0,0,0,
PRV53669,No,0,Low,13,326.92,0.0,4250.0,0,0,0,
PRV57059,No,0,Low,9,472.22,0.0,4250.0,0,0,0,
PRV52510,No,0,Low,26,163.08,0.0,4240.0,0,0,0,
PRV55273,No,0,Low,18,235.56,0.0,4240.0,0,0,0,
PRV56183,No,0,Low,23,184.35,0.0,4240.0,0,0,0,
PRV57447,No,0,Low,9,471.11,0.0,4240.0,0,0,0,
PRV52793,No,0,Low,17,248.82,0.0,4230.0,0,0,0,
PRV55038,No,0,Low,15,282.0,0.0,4230.0,0,0,0,
PRV57688,No,0,Low,12,352.5,0.0,4230.0,0,0,0,
PRV52272,No,0,Low,8,526.25,0.0,4210.0,0,0,0,
PRV52417,No,0,Low,20,210.5,0.0,4210.0,0,0,0,
PRV55305,No,0,Low,3,1403.33,0.0,4210.0,0,0,0,
PRV55350,No,0,Low,31,135.81,0.0,4210.0,0,0,0,
PRV54672,No,0,Low,10,420.0,0.0,4200.0,0,0,0,
PRV55277,No,0,Low,17,247.06,0.0,4200.0,0,0,0,
PRV56305,No,0,Low,29,144.83,0.0,4200.0,0,0,0,
PRV53475,No,0,Low,10,419.0,0.0,4190.0,0,0,0,
PRV53164,No,0,Low,25,167.2,0.0,4180.0,0,0,0,
PRV52293,No,0,Low,7,595.71,0.0,4170.0,0,0,0,
PRV56679,No,0,Low,25,166.8,0.0,4170.0,0,0,0,
PRV57147,No,0,Low,12,346.67,0.0,4160.0,0,0,0,
PRV57262,No,0,Low,24,173.33,0.0,4160.0,0,0,0,
PRV52572,No,0,Low,3,1383.33,0.0,4150.0,0,0,0,
PRV56596,No,0,Low,18,230.0,0.0,4140.0,0,0,0,
PRV53767,No,0,Low,18,229.44,0.0,4130.0,0,0,0,
PRV55906,No,0,Low,21,196.67,0.0,4130.0,0,0,0,
PRV57047,No,0,Low,16,258.13,0.0,4130.0,0,0,0,
PRV52944,No,0,Low,4,1030.0,0.0,4120.0,0,0,0,
PRV56687,No,0,Low,9,457.78,0.0,4120.0,0,0,0,
PRV54164,No,0,Low,2,2050.0,50.0,4100.0,0,0,0,
PRV54288,No,0,Low,15,273.33,0.0,4100.0,0,0,0,
PRV55683,No,0,Low,28,146.43,0.0,4100.0,0,0,0,
PRV57246,No,0,Low,6,683.33,0.0,4100.0,0,0,0,
PRV53341,No,0,Low,9,454.44,0.0,4090.0,0,0,0,
PRV52760,No,0,Low,5,814.0,0.0,4070.0,0,0,0,
PRV55111,No,0,Low,29,140.34,0.0,4070.0,0,0,0,
PRV51767,No,0,Low,12,338.33,0.0,4060.0,0,0,0,
PRV51989,No,0,Low,18,225.56,0.0,4060.0,0,0,0,
PRV55795,No,0,Low,10,405.0,0.0,4050.0,0,0,0,
PRV56882,No,0,Low,21,192.86,0.0,4050.0,0,0,0,
PRV54433,No,0,Low,14,288.57,0.0,4040.0,0,0,0,
PRV53134,No,0,Low,10,403.0,0.0,4030.0,0,0,0,
PRV54193,No,0,Low,24,167.92,0.0,4030.0,0,0,0,
PRV54131,No,0,Low,24,167.08,0.0,4010.0,0,0,0,
PRV56066,No,0,Low,8,501.25,0.0,4010.0,0,0,0,
PRV51711,No,0,Low,1,4000.0,100.0,4000.0,0,0,0,
PRV52970,No,0,Low,1,4000.0,100.0,4000.0,0,0,0,
PRV53600,No,0,Low,1,4000.0,100.0,4000.0,0,0,0,
PRV56774,No,0,Low,1,4000.0,100.0,4000.0,0,0,0,
PRV56902,No,0,Low,1,4000.0,100.0,4000.0,0,0,0,
PRV57069,No,0,Low,2,2000.0,100.0,4000.0,0,0,0,
PRV52231,No,0,Low,6,663.33,0.0,3980.0,0,0,0,
PRV56441,No,0,Low,35,113.71,0.0,3980.0,0,0,0,
PRV51292,No,0,Low,22,180.45,0.0,3970.0,0,0,0,
PRV52493,No,0,Low,16,248.13,0.0,3970.0,0,0,0,
PRV57678,No,0,Low,9,441.11,0.0,3970.0,0,0,0,
PRV51763,No,0,Low,11,360.0,0.0,3960.0,0,0,0,
PRV52254,No,0,Low,31,127.74,0.0,3960.0,0,0,0,
PRV53356,No,0,Low,38,103.95,0.0,3950.0,0,0,0,
PRV53629,No,0,Low,15,263.33,0.0,3950.0,0,0,0,
PRV56694,No,0,Low,8,493.75,0.0,3950.0,0,0,0,
PRV57132,No,0,Low,9,437.78,0.0,3940.0,0,0,0,
PRV51478,No,0,Low,17,231.18,0.0,3930.0,0,0,0,
PRV52693,No,0,Low,8,490.0,0.0,3920.0,0,0,0,
PRV56321,No,0,Low,7,558.57,0.0,3910.0,0,0,0,
PRV51465,No,0,Low,7,557.14,14.3,3900.0,0,0,0,
PRV53723,No,0,Low,6,650.0,0.0,3900.0,0,0,0,
PRV56572,No,0,Low,20,194.5,0.0,3890.0,0,0,0,
PRV55425,No,0,Low,26,149.23,0.0,3880.0,0,0,0,
PRV52473,No,0,Low,4,967.5,0.0,3870.0,0,0,0,
PRV52513,No,0,Low,20,193.5,0.0,3870.0,0,0,0,
PRV55106,No,0,Low,5,774.0,0.0,3870.0,0,0,0,
PRV53290,No,0,Low,6,643.33,0.0,3860.0,0,0,0,
PRV55035,No,0,Low,14,275.71,0.0,3860.0,0,0,0,
PRV55805,No,0,Low,8,481.25,0.0,3850.0,0,0,0,
PRV56938,No,0,Low,22,174.55,0.0,3840.0,0,0,0,
PRV51784,No,0,Low,8,477.5,0.0,3820.0,0,0,0,
PRV54599,No,0,Low,17,224.71,0.0,3820.0,0,0,0,
PRV54793,No,0,Low,10,382.0,0.0,3820.0,0,0,0,
PRV51330,No,0,Low,19,200.53,0.0,3810.0,0,0,0,
PRV51665,No,0,Low,15,254.0,0.0,3810.0,0,0,0,
PRV53658,No,0,Low,27,141.11,0.0,3810.0,0,0,0,
PRV57389,No,0,Low,6,635.0,0.0,3810.0,0,0,0,
PRV54012,No,0,Low,8,475.0,0.0,3800.0,0,0,0,
PRV54810,No,0,Low,7,542.86,0.0,3800.0,0,0,0,
PRV55588,No,0,Low,3,1266.67,0.0,3800.0,0,0,0,
PRV56864,No,0,Low,24,158.33,0.0,3800.0,0,0,0,
PRV51309,No,0,Low,18,210.56,0.0,3790.0,0,0,0,
PRV52775,No,0,Low,7,541.43,0.0,3790.0,0,0,0,
PRV53569,No,0,Low,14,270.71,0.0,3790.0,0,0,0,
PRV57756,No,0,Low,27,140.37,0.0,3790.0,0,0,0,
PRV51657,No,0,Low,4,940.0,0.0,3760.0,0,0,0,
PRV52271,No,0,Low,19,197.89,0.0,3760.0,0,0,0,
PRV53745,No,0,Low,23,163.48,0.0,3760.0,0,0,0,
PRV57011,No,0,Low,17,221.18,0.0,3760.0,0,0,0,
PRV51729,No,0,Low,19,196.84,0.0,3740.0,0,0,0,
PRV54553,No,0,Low,18,207.78,0.0,3740.0,0,0,0,
PRV56314,No,0,Low,8,467.5,0.0,3740.0,0,0,0,
PRV51895,No,0,Low,18,207.22,0.0,3730.0,0,0,0,
PRV53050,No,0,Low,8,466.25,25.0,3730.0,0,0,0,
PRV53980,No,0,Low,22,169.55,0.0,3730.0,0,0,0,
PRV53726,No,0,Low,16,231.88,0.0,3710.0,0,0,0,
PRV55289,No,0,Low,14,265.0,0.0,3710.0,0,0,0,
PRV55417,No,0,Low,30,123.67,0.0,3710.0,0,0,0,
PRV51306,No,0,Low,17,217.65,0.0,3700.0,0,0,0,
PRV55475,No,0,Low,17,217.65,0.0,3700.0,0,0,0,
PRV51601,No,0,Low,14,263.57,0.0,3690.0,0,0,0,
PRV53522,No,0,Low,26,141.92,0.0,3690.0,0,0,0,
PRV54301,No,0,Low,13,283.85,0.0,3690.0,0,0,0,
PRV54317,No,0,Low,25,146.0,0.0,3650.0,0,0,0,
PRV53652,No,0,Low,25,145.6,0.0,3640.0,0,0,0,
PRV55702,No,0,Low,14,260.0,0.0,3640.0,0,0,0,
PRV54194,No,0,Low,7,518.57,0.0,3630.0,0,0,0,
PRV55728,No,0,Low,7,517.14,0.0,3620.0,0,0,0,
PRV54465,No,0,Low,9,401.11,0.0,3610.0,0,0,0,
PRV51901,No,0,Low,7,514.29,0.0,3600.0,0,0,0,
PRV52555,No,0,Low,7,514.29,0.0,3600.0,0,0,0,
PRV53645,No,0,Low,6,600.0,0.0,3600.0,0,0,0,
PRV53927,No,0,Low,11,327.27,0.0,3600.0,0,0,0,
PRV51251,No,0,Low,11,326.36,0.0,3590.0,0,0,0,
PRV52425,No,0,Low,23,155.22,0.0,3570.0,0,0,0,
PRV56083,No,0,Low,3,1190.0,0.0,3570.0,0,0,0,
PRV54133,No,0,Low,25,142.4,0.0,3560.0,0,0,0,
PRV54184,No,0,Low,10,356.0,0.0,3560.0,0,0,0,
PRV54790,No,0,Low,8,445.0,0.0,3560.0,0,0,0,
PRV54867,No,0,Low,3,1183.33,0.0,3550.0,0,0,0,
PRV56174,No,0,Low,10,355.0,10.0,3550.0,0,0,0,
PRV57716,No,0,Low,11,321.82,0.0,3540.0,0,0,0,
PRV54862,No,0,Low,7,504.29,0.0,3530.0,0,0,0,
PRV56708,No,0,Low,7,504.29,0.0,3530.0,0,0,0,
PRV52962,No,0,Low,14,251.43,0.0,3520.0,0,0,0,
PRV55511,No,0,Low,5,704.0,0.0,3520.0,0,0,0,
PRV56344,No,0,Low,11,320.0,0.0,3520.0,0,0,0,
PRV53666,No,0,Low,20,175.5,0.0,3510.0,0,0,0,
PRV53788,No,0,Low,18,194.44,0.0,3500.0,0,0,0,
PRV55634,No,0,Low,2,1750.0,0.0,3500.0,0,0,0,
PRV57368,No,0,Low,22,159.09,0.0,3500.0,0,0,0,
PRV52604,No,0,Low,7,498.57,0.0,3490.0,0,0,0,
PRV54900,No,0,Low,14,249.29,0.0,3490.0,0,0,0,
PRV53728,No,0,Low,14,248.57,0.0,3480.0,0,0,0,
PRV56262,No,0,Low,15,232.0,0.0,3480.0,0,0,0,
PRV57138,No,0,Low,6,580.0,0.0,3480.0,0,0,0,
PRV55748,No,0,Low,10,347.0,0.0,3470.0,0,0,0,
PRV56004,No,0,Low,5,694.0,0.0,3470.0,0,0,0,
PRV51909,No,0,Low,16,216.25,0.0,3460.0,0,0,0,
PRV53211,No,0,Low,4,865.0,0.0,3460.0,0,0,0,
PRV53472,No,0,Low,3,1146.67,0.0,3440.0,0,0,0,
PRV53688,No,0,Low,17,202.35,0.0,3440.0,0,0,0,
PRV55460,No,0,Low,18,190.56,0.0,3430.0,0,0,0,
PRV56867,No,0,Low,9,381.11,0.0,3430.0,0,0,0,
PRV55377,No,0,Low,4,852.5,0.0,3410.0,0,0,0,
PRV52607,No,0,Low,2,1700.0,0.0,3400.0,0,0,0,
PRV53034,No,0,Low,2,1700.0,0.0,3400.0,0,0,0,
PRV54836,No,0,Low,8,425.0,0.0,3400.0,0,0,0,
PRV55093,No,0,Low,19,177.89,0.0,3380.0,0,0,0,
PRV52540,No,0,Low,7,481.43,0.0,3370.0,0,0,0,
PRV53841,No,0,Low,22,153.18,0.0,3370.0,0,0,0,
PRV55007,No,0,Low,14,237.86,0.0,3330.0,0,0,0,
PRV52659,No,0,Low,24,137.92,0.0,3310.0,0,0,0,
PRV53191,No,0,Low,15,220.67,0.0,3310.0,0,0,0,
PRV53476,No,0,Low,10,331.0,0.0,3310.0,0,0,0,
PRV54290,No,0,Low,6,550.0,0.0,3300.0,0,0,0,
PRV54295,No,0,Low,1,3300.0,0.0,3300.0,0,0,0,
PRV54302,No,0,Low,1,3300.0,0.0,3300.0,0,0,0,
PRV54469,No,0,Low,11,299.09,0.0,3290.0,0,0,0,
PRV53642,No,0,Low,6,545.0,0.0,3270.0,0,0,0,
PRV53555,No,0,Low,11,296.36,0.0,3260.0,0,0,0,
PRV54871,No,0,Low,10,326.0,0.0,3260.0,0,0,0,
PRV51702,No,0,Low,10,323.0,0.0,3230.0,0,0,0,
PRV54437,No,0,Low,14,230.71,0.0,3230.0,0,0,0,
PRV55862,No,0,Low,8,403.75,0.0,3230.0,0,0,0,
PRV55070,No,0,Low,20,161.0,0.0,3220.0,0,0,0,
PRV51096,No,0,Low,5,640.0,0.0,3200.0,0,0,0,
PRV51214,No,0,Low,8,400.0,0.0,3200.0,0,0,0,
PRV56163,No,0,Low,7,454.29,0.0,3180.0,0,0,0,
PRV56892,No,0,Low,13,244.62,0.0,3180.0,0,0,0,
PRV57651,No,0,Low,22,144.55,0.0,3180.0,0,0,0,
PRV57676,No,0,Low,15,212.0,0.0,3180.0,0,0,0,
PRV56821,No,0,Low,12,263.33,0.0,3160.0,0,0,0,
PRV53732,No,0,Low,15,210.0,0.0,3150.0,0,0,0,
PRV54413,No,0,Low,20,157.5,0.0,3150.0,0,0,0,
PRV57694,No,0,Low,18,175.0,0.0,3150.0,0,0,0,
PRV52728,No,0,Low,15,209.33,0.0,3140.0,0,0,0,
PRV51224,No,0,Low,7,447.14,0.0,3130.0,0,0,0,
PRV53150,No,0,Low,13,240.77,0.0,3130.0,0,0,0,
PRV53550,No,0,Low,10,313.0,0.0,3130.0,0,0,0,
PRV54222,No,0,Low,19,164.74,0.0,3130.0,0,0,0,
PRV56330,No,0,Low,16,195.63,0.0,3130.0,0,0,0,
PRV52993,No,0,Low,10,312.0,0.0,3120.0,0,0,0,
PRV54129,No,0,Low,5,624.0,0.0,3120.0,0,0,0,
PRV56480,No,0,Low,21,148.57,0.0,3120.0,0,0,0,
PRV51878,No,0,Low,12,259.17,0.0,3110.0,0,0,0,
PRV54343,No,0,Low,17,182.94,0.0,3110.0,0,0,0,
PRV51762,No,0,Low,14,221.43,0.0,3100.0,0,0,0,
PRV57308,No,0,Low,6,516.67,0.0,3100.0,0,0,0,
PRV57682,No,0,Low,3,1033.33,0.0,3100.0,0,0,0,
PRV54459,No,0,Low,9,342.22,0.0,3080.0,0,0,0,
PRV57583,No,0,Low,14,220.0,0.0,3080.0,0,0,0,
PRV56980,No,0,Low,17,180.59,0.0,3070.0,0,0,0,
PRV53540,No,0,Low,13,235.38,0.0,3060.0,0,0,0,
PRV54188,No,0,Low,4,765.0,0.0,3060.0,0,0,0,
PRV55798,No,0,Low,6,510.0,0.0,3060.0,0,0,0,
PRV57067,No,0,Low,18,169.44,0.0,3050.0,0,0,0,
PRV57706,No,0,Low,5,608.0,0.0,3040.0,0,0,0,
PRV52547,No,0,Low,2,1510.0,0.0,3020.0,0,0,0,
PRV53204,No,0,Low,7,431.43,0.0,3020.0,0,0,0,
PRV54401,No,0,Low,22,137.27,0.0,3020.0,0,0,0,
PRV56075,No,0,Low,12,251.67,0.0,3020.0,0,0,0,
PRV56893,No,0,Low,7,431.43,0.0,3020.0,0,0,0,
PRV52931,No,0,Low,14,215.0,0.0,3010.0,0,0,0,
PRV53180,No,0,Low,5,602.0,0.0,3010.0,0,0,0,
PRV51781,No,0,Low,24,125.0,0.0,3000.0,0,0,0,
PRV52608,No,0,Low,1,3000.0,100.0,3000.0,0,0,0,
PRV52816,No,0,Low,1,3000.0,100.0,3000.0,0,0,0,
PRV53516,No,0,Low,1,3000.0,100.0,3000.0,0,0,0,
PRV54262,No,0,Low,1,3000.0,100.0,3000.0,0,0,0,
PRV56032,No,0,Low,9,333.33,0.0,3000.0,0,0,0,
PRV57609,No,0,Low,2,1500.0,0.0,3000.0,0,0,0,
PRV51774,No,0,Low,3,996.67,0.0,2990.0,0,0,0,
PRV56862,No,0,Low,14,213.57,0.0,2990.0,0,0,0,
PRV57736,No,0,Low,12,249.17,0.0,2990.0,0,0,0,
PRV52531,No,0,Low,5,594.0,0.0,2970.0,0,0,0,
PRV55353,No,0,Low,12,247.5,0.0,2970.0,0,0,0,
PRV55395,No,0,Low,12,247.5,0.0,2970.0,0,0,0,
PRV52184,No,0,Low,21,140.95,0.0,2960.0,0,0,0,
PRV53704,No,0,Low,15,196.67,0.0,2950.0,0,0,0,
PRV55562,No,0,Low,17,173.53,0.0,2950.0,0,0,0,
PRV55623,No,0,Low,9,327.78,0.0,2950.0,0,0,0,
PRV56052,No,0,Low,12,245.83,0.0,2950.0,0,0,0,
PRV51217,No,0,Low,5,586.0,0.0,2930.0,0,0,0,
PRV53849,No,0,Low,21,139.52,0.0,2930.0,0,0,0,
PRV53323,No,0,Low,18,162.22,0.0,2920.0,0,0,0,
PRV53433,No,0,Low,19,153.68,0.0,2920.0,0,0,0,
PRV51555,No,0,Low,15,194.0,0.0,2910.0,0,0,0,
PRV56954,No,0,Low,20,145.5,0.0,2910.0,0,0,0,
PRV55642,No,0,Low,2,1450.0,0.0,2900.0,0,0,0,
PRV51210,No,0,Low,9,321.11,0.0,2890.0,0,0,0,
PRV57598,No,0,Low,23,125.65,0.0,2890.0,0,0,0,
PRV55884,No,0,Low,27,106.67,0.0,2880.0,0,0,0,
PRV51765,No,0,Low,14,205.0,0.0,2870.0,0,0,0,
PRV56953,No,0,Low,20,143.5,0.0,2870.0,0,0,0,
PRV57134,No,0,Low,16,179.38,0.0,2870.0,0,0,0,
PRV56707,No,0,Low,18,158.89,0.0,2860.0,0,0,0,
PRV53657,No,0,Low,25,114.0,0.0,2850.0,0,0,0,
PRV57453,No,0,Low,17,167.65,0.0,2850.0,0,0,0,
PRV53358,No,0,Low,3,946.67,0.0,2840.0,0,0,0,
PRV54524,No,0,Low,21,135.24,0.0,2840.0,0,0,0,
PRV56098,No,0,Low,21,135.24,0.0,2840.0,0,0,0,
PRV51742,No,0,Low,13,217.69,0.0,2830.0,0,0,0,
PRV53827,No,0,Low,9,314.44,0.0,2830.0,0,0,0,
PRV55498,No,0,Low,27,104.81,0.0,2830.0,0,0,0,
PRV56723,No,0,Low,18,157.22,0.0,2830.0,0,0,0,
PRV54030,No,0,Low,14,201.43,0.0,2820.0,0,0,0,
PRV52288,No,0,Low,13,216.15,0.0,2810.0,0,0,0,
PRV53571,No,0,Low,26,108.08,0.0,2810.0,0,0,0,
PRV56956,No,0,Low,5,562.0,0.0,2810.0,0,0,0,
PRV57393,No,0,Low,5,560.0,0.0,2800.0,0,0,0,
PRV51611,No,0,Low,8,347.5,0.0,2780.0,0,0,0,
PRV51749,No,0,Low,6,463.33,0.0,2780.0,0,0,0,
PRV52219,No,0,Low,4,695.0,0.0,2780.0,0,0,0,
PRV53218,No,0,Low,13,213.85,0.0,2780.0,0,0,0,
PRV55788,No,0,Low,19,145.79,0.0,2770.0,0,0,0,
PRV56385,No,0,Low,22,125.91,0.0,2770.0,0,0,0,
PRV51861,No,0,Low,21,131.43,0.0,2760.0,0,0,0,
PRV57264,No,0,Low,8,345.0,0.0,2760.0,0,0,0,
PRV53574,No,0,Low,17,161.76,0.0,2750.0,0,0,0,
PRV54422,No,0,Low,15,183.33,0.0,2750.0,0,0,0,
PRV51906,No,0,Low,22,124.09,0.0,2730.0,0,0,0,
PRV53291,No,0,Low,10,273.0,0.0,2730.0,0,0,0,
PRV55405,No,0,Low,10,273.0,0.0,2730.0,0,0,0,
PRV56184,No,0,Low,18,151.67,0.0,2730.0,0,0,0,
PRV57465,No,0,Low,22,124.09,0.0,2730.0,0,0,0,
PRV52196,No,0,Low,6,451.67,0.0,2710.0,0,0,0,
PRV52703,No,0,Low,4,675.0,0.0,2700.0,0,0,0,
PRV51965,No,0,Low,19,141.05,0.0,2680.0,0,0,0,
PRV54708,No,0,Low,8,335.0,0.0,2680.0,0,0,0,
PRV57727,No,0,Low,16,166.88,0.0,2670.0,0,0,0,
PRV51999,No,0,Low,17,156.47,0.0,2660.0,0,0,0,
PRV53360,No,0,Low,20,133.0,0.0,2660.0,0,0,0,
PRV53731,No,0,Low,4,665.0,0.0,2660.0,0,0,0,
PRV54305,No,0,Low,6,443.33,0.0,2660.0,0,0,0,
PRV56186,No,0,Low,12,221.67,0.0,2660.0,0,0,0,
PRV52727,No,0,Low,12,220.83,0.0,2650.0,0,0,0,
PRV51547,No,0,Low,13,203.08,0.0,2640.0,0,0,0,
PRV53846,No,0,Low,12,220.0,0.0,2640.0,0,0,0,
PRV56515,No,0,Low,7,377.14,0.0,2640.0,0,0,0,
PRV52409,No,0,Low,16,164.38,0.0,2630.0,0,0,0,
PRV53069,No,0,Low,11,239.09,0.0,2630.0,0,0,0,
PRV55068,No,0,Low,6,436.67,0.0,2620.0,0,0,0,
PRV55372,No,0,Low,12,218.33,0.0,2620.0,0,0,0,
PRV55539,No,0,Low,3,873.33,0.0,2620.0,0,0,0,
PRV57417,No,0,Low,9,291.11,0.0,2620.0,0,0,0,
PRV54017,No,0,Low,13,200.77,0.0,2610.0,0,0,0,
PRV55595,No,0,Low,17,153.53,0.0,2610.0,0,0,0,
PRV56177,No,0,Low,18,144.44,0.0,2600.0,0,0,0,
PRV56199,No,0,Low,16,162.5,0.0,2600.0,0,0,0,
PRV52204,No,0,Low,9,287.78,0.0,2590.0,0,0,0,
PRV55255,No,0,Low,12,215.83,0.0,2590.0,0,0,0,
PRV57723,No,0,Low,20,129.5,0.0,2590.0,0,0,0,
PRV52891,No,0,Low,19,135.79,0.0,2580.0,0,0,0,
PRV53148,No,0,Low,15,172.0,0.0,2580.0,0,0,0,
PRV54530,No,0,Low,13,198.46,0.0,2580.0,0,0,0,
PRV56393,No,0,Low,10,258.0,0.0,2580.0,0,0,0,
PRV53411,No,0,Low,6,428.33,0.0,2570.0,0,0,0,
PRV53684,No,0,Low,4,642.5,0.0,2570.0,0,0,0,
PRV54827,No,0,Low,17,151.18,0.0,2570.0,0,0,0,
PRV55804,No,0,Low,9,285.56,0.0,2570.0,0,0,0,
PRV56860,No,0,Low,3,856.67,0.0,2570.0,0,0,0,
PRV53721,No,0,Low,5,512.0,0.0,2560.0,0,0,0,
PRV55794,No,0,Low,11,232.73,0.0,2560.0,0,0,0,
PRV52532,No,0,Low,16,159.38,0.0,2550.0,0,0,0,
PRV52577,No,0,Low,8,318.75,0.0,2550.0,0,0,0,
PRV54285,No,0,Low,20,127.5,0.0,2550.0,0,0,0,
PRV54407,No,0,Low,19,133.68,0.0,2540.0,0,0,0,
PRV56960,No,0,Low,8,317.5,0.0,2540.0,0,0,0,
PRV51047,No,0,Low,11,230.0,0.0,2530.0,0,0,0,
PRV51687,No,0,Low,10,253.0,0.0,2530.0,0,0,0,
PRV53754,No,0,Low,9,281.11,0.0,2530.0,0,0,0,
PRV55779,No,0,Low,7,361.43,0.0,2530.0,0,0,0,
PRV54293,No,0,Low,2,1260.0,0.0,2520.0,0,0,0,
PRV57619,No,0,Low,21,120.0,0.0,2520.0,0,0,0,
PRV56498,No,0,Low,7,358.57,0.0,2510.0,0,0,0,
PRV55590,No,0,Low,5,500.0,0.0,2500.0,0,0,0,
PRV52732,No,0,Low,10,249.0,0.0,2490.0,0,0,0,
PRV53837,No,0,Low,13,191.54,0.0,2490.0,0,0,0,
PRV51724,No,0,Low,6,413.33,0.0,2480.0,0,0,0,
PRV54714,No,0,Low,10,248.0,0.0,2480.0,0,0,0,
PRV57118,No,0,Low,13,190.77,0.0,2480.0,0,0,0,
PRV51952,No,0,Low,19,130.0,0.0,2470.0,0,0,0,
PRV55854,No,0,Low,2,1230.0,0.0,2460.0,0,0,0,
PRV56792,No,0,Low,8,307.5,0.0,2460.0,0,0,0,
PRV57662,No,0,Low,3,820.0,0.0,2460.0,0,0,0,
PRV51966,No,0,Low,3,816.67,0.0,2450.0,0,0,0,
PRV52515,No,0,Low,17,144.12,0.0,2450.0,0,0,0,
PRV52877,No,0,Low,19,128.95,0.0,2450.0,0,0,0,
PRV53172,No,0,Low,3,816.67,0.0,2450.0,0,0,0,
PRV53820,No,0,Low,15,163.33,0.0,2450.0,0,0,0,
PRV56077,No,0,Low,7,350.0,0.0,2450.0,0,0,0,
PRV51964,No,0,Low,17,143.53,0.0,2440.0,0,0,0,
PRV55342,No,0,Low,9,271.11,0.0,2440.0,0,0,0,
PRV56073,No,0,Low,12,203.33,0.0,2440.0,0,0,0,
PRV51505,No,0,Low,15,162.0,0.0,2430.0,0,0,0,
PRV55436,No,0,Low,11,220.91,0.0,2430.0,0,0,0,
PRV53350,No,0,Low,4,605.0,0.0,2420.0,0,0,0,
PRV54026,No,0,Low,3,806.67,0.0,2420.0,0,0,0,
PRV55404,No,0,Low,25,96.8,0.0,2420.0,0,0,0,
PRV57660,No,0,Low,6,403.33,0.0,2420.0,0,0,0,
PRV53842,No,0,Low,7,344.29,0.0,2410.0,0,0,0,
PRV52228,No,0,Low,8,300.0,0.0,2400.0,0,0,0,
PRV54717,No,0,Low,3,800.0,0.0,2400.0,0,0,0,
PRV56528,No,0,Low,21,114.29,0.0,2400.0,0,0,0,
PRV53741,No,0,Low,7,341.43,0.0,2390.0,0,0,0,
PRV57581,No,0,Low,15,158.0,0.0,2370.0,0,0,0,
PRV54158,No,0,Low,9,262.22,0.0,2360.0,0,0,0,
PRV54496,No,0,Low,8,295.0,0.0,2360.0,0,0,0,
PRV56999,No,0,Low,8,293.75,0.0,2350.0,0,0,0,
PRV57456,No,0,Low,16,146.88,0.0,2350.0,0,0,0,
PRV55574,No,0,Low,15,156.0,0.0,2340.0,0,0,0,
PRV57552,No,0,Low,11,212.73,0.0,2340.0,0,0,0,
PRV56109,No,0,Low,12,193.33,0.0,2320.0,0,0,0,
PRV56283,No,0,Low,3,773.33,0.0,2320.0,0,0,0,
PRV53835,No,0,Low,8,287.5,0.0,2300.0,0,0,0,
PRV57468,No,0,Low,12,191.67,0.0,2300.0,0,0,0,
PRV51745,No,0,Low,13,176.15,0.0,2290.0,0,0,0,
PRV51766,No,0,Low,23,99.57,0.0,2290.0,0,0,0,
PRV53310,No,0,Low,10,229.0,0.0,2290.0,0,0,0,
PRV57516,No,0,Low,10,229.0,0.0,2290.0,0,0,0,
PRV57741,No,0,Low,15,152.67,0.0,2290.0,0,0,0,
PRV51672,No,0,Low,6,378.33,0.0,2270.0,0,0,0,
PRV53701,No,0,Low,6,378.33,0.0,2270.0,0,0,0,
PRV54031,No,0,Low,5,454.0,0.0,2270.0,0,0,0,
PRV56635,No,0,Low,10,227.0,0.0,2270.0,0,0,0,
PRV55589,No,0,Low,20,112.0,0.0,2240.0,0,0,0,
PRV53532,No,0,Low,9,247.78,0.0,2230.0,0,0,0,
PRV52709,No,0,Low,13,170.77,0.0,2220.0,0,0,0,
PRV54457,No,0,Low,16,138.75,0.0,2220.0,0,0,0,
PRV53373,No,0,Low,3,736.67,0.0,2210.0,0,0,0,
PRV52220,No,0,Low,12,183.33,0.0,2200.0,0,0,0,
PRV54436,No,0,Low,2,1100.0,0.0,2200.0,0,0,0,
PRV55413,No,0,Low,4,550.0,0.0,2200.0,0,0,0,
PRV52506,No,0,Low,13,168.46,0.0,2190.0,0,0,0,
PRV53157,No,0,Low,2,1095.0,0.0,2190.0,0,0,0,
PRV54357,No,0,Low,10,219.0,0.0,2190.0,0,0,0,
PRV55291,No,0,Low,6,365.0,0.0,2190.0,0,0,0,
PRV53140,No,0,Low,21,103.81,0.0,2180.0,0,0,0,
PRV53349,No,0,Low,24,90.83,0.0,2180.0,0,0,0,
PRV56997,No,0,Low,25,87.2,0.0,2180.0,0,0,0,
PRV51472,No,0,Low,16,135.63,0.0,2170.0,0,0,0,
PRV51718,No,0,Low,8,271.25,0.0,2170.0,0,0,0,
PRV53340,No,0,Low,23,94.35,0.0,2170.0,0,0,0,
PRV56194,No,0,Low,8,271.25,0.0,2170.0,0,0,0,
PRV51886,No,0,Low,18,120.0,0.0,2160.0,0,0,0,
PRV54490,No,0,Low,23,93.91,0.0,2160.0,0,0,0,
PRV54581,No,0,Low,11,196.36,0.0,2160.0,0,0,0,
PRV51181,No,0,Low,10,215.0,0.0,2150.0,0,0,0,
PRV53577,No,0,Low,11,195.45,0.0,2150.0,0,0,0,
PRV53641,No,0,Low,8,267.5,0.0,2140.0,0,0,0,
PRV52252,No,0,Low,26,81.92,0.0,2130.0,0,0,0,
PRV57455,No,0,Low,6,355.0,0.0,2130.0,0,0,0,
PRV51754,No,0,Low,9,235.56,0.0,2120.0,0,0,0,
PRV52529,No,0,Low,12,176.67,0.0,2120.0,0,0,0,
PRV55786,No,0,Low,11,192.73,0.0,2120.0,0,0,0,
PRV52956,No,0,Low,18,117.22,0.0,2110.0,0,0,0,
PRV55469,No,0,Low,10,211.0,0.0,2110.0,0,0,0,
PRV56581,No,0,Low,7,301.43,0.0,2110.0,0,0,0,
PRV51577,No,0,Low,1,2100.0,0.0,2100.0,0,0,0,
PRV52024,No,0,Low,2,1050.0,0.0,2100.0,0,0,0,
PRV52954,No,0,Low,1,2100.0,0.0,2100.0,0,0,0,
PRV56328,No,0,Low,15,140.0,0.0,2100.0,0,0,0,
PRV52743,No,0,Low,6,345.0,0.0,2070.0,0,0,0,
PRV53168,No,0,Low,2,1035.0,0.0,2070.0,0,0,0,
PRV53329,No,0,Low,11,188.18,9.1,2070.0,0,0,0,
PRV54689,No,0,Low,20,103.5,0.0,2070.0,0,0,0,
PRV56093,No,0,Low,7,295.71,0.0,2070.0,0,0,0,
PRV57754,No,0,Low,6,345.0,0.0,2070.0,0,0,0,
PRV52911,No,0,Low,5,412.0,0.0,2060.0,0,0,0,
PRV54002,No,0,Low,11,187.27,0.0,2060.0,0,0,0,
PRV54023,No,0,Low,18,114.44,0.0,2060.0,0,0,0,
PRV52772,No,0,Low,12,170.83,0.0,2050.0,0,0,0,
PRV53755,No,0,Low,20,102.5,0.0,2050.0,0,0,0,
PRV54020,No,0,Low,7,292.86,0.0,2050.0,0,0,0,
PRV55069,No,0,Low,21,97.62,0.0,2050.0,0,0,0,
PRV56996,No,0,Low,11,185.45,0.0,2040.0,0,0,0,
PRV53280,No,0,Low,15,135.33,0.0,2030.0,0,0,0,
PRV54522,No,0,Low,2,1015.0,0.0,2030.0,0,0,0,
PRV51794,No,0,Low,11,183.64,0.0,2020.0,0,0,0,
PRV52958,No,0,Low,16,126.25,0.0,2020.0,0,0,0,
PRV52766,No,0,Low,11,182.73,0.0,2010.0,0,0,0,
PRV54463,No,0,Low,3,670.0,0.0,2010.0,0,0,0,
PRV51618,No,0,Low,1,2000.0,100.0,2000.0,0,0,0,
PRV54021,No,0,Low,20,99.0,0.0,1980.0,0,0,0,
PRV54119,No,0,Low,14,141.43,0.0,1980.0,0,0,0,
PRV52554,No,0,Low,13,151.54,0.0,1970.0,0,0,0,
PRV57199,No,0,Low,7,281.43,0.0,1970.0,0,0,0,
PRV51925,No,0,Low,4,490.0,0.0,1960.0,0,0,0,
PRV54551,No,0,Low,7,280.0,0.0,1960.0,0,0,0,
PRV56852,No,0,Low,20,98.0,0.0,1960.0,0,0,0,
PRV51117,No,0,Low,12,162.5,0.0,1950.0,0,0,0,
PRV51295,No,0,Low,7,278.57,0.0,1950.0,0,0,0,
PRV51727,No,0,Low,3,650.0,0.0,1950.0,0,0,0,
PRV55412,No,0,Low,11,176.36,0.0,1940.0,0,0,0,
PRV56976,No,0,Low,6,323.33,0.0,1940.0,0,0,0,
PRV56985,No,0,Low,17,114.12,0.0,1940.0,0,0,0,
PRV55782,No,0,Low,6,321.67,0.0,1930.0,0,0,0,
PRV51698,No,0,Low,13,146.92,0.0,1910.0,0,0,0,
PRV52007,No,0,Low,18,106.11,0.0,1910.0,0,0,0,
PRV52102,No,0,Low,15,127.33,0.0,1910.0,0,0,0,
PRV53565,No,0,Low,5,382.0,0.0,1910.0,0,0,0,
PRV51104,No,0,Low,12,158.33,0.0,1900.0,0,0,0,
PRV53729,No,0,Low,3,633.33,0.0,1900.0,0,0,0,
PRV57762,No,0,Low,1,1900.0,0.0,1900.0,0,0,0,
PRV52800,No,0,Low,8,236.25,0.0,1890.0,0,0,0,
PRV54481,No,0,Low,8,236.25,0.0,1890.0,0,0,0,
PRV54548,No,0,Low,12,157.5,0.0,1890.0,0,0,0,
PRV55337,No,0,Low,13,145.38,0.0,1890.0,0,0,0,
PRV57256,No,0,Low,8,236.25,0.0,1890.0,0,0,0,
PRV54403,No,0,Low,12,156.67,0.0,1880.0,0,0,0,
PRV54803,No,0,Low,3,626.67,0.0,1880.0,0,0,0,
PRV56366,No,0,Low,9,208.89,0.0,1880.0,0,0,0,
PRV51761,No,0,Low,11,170.0,0.0,1870.0,0,0,0,
PRV55770,No,0,Low,19,98.42,0.0,1870.0,0,0,0,
PRV51630,No,0,Low,5,372.0,20.0,1860.0,0,0,0,
PRV52668,No,0,Low,7,264.29,0.0,1850.0,0,0,0,
PRV54167,No,0,Low,9,204.44,0.0,1840.0,0,0,0,
PRV55620,No,0,Low,15,122.67,0.0,1840.0,0,0,0,
PRV56037,No,0,Low,5,368.0,0.0,1840.0,0,0,0,
PRV54893,No,0,Low,8,228.75,0.0,1830.0,0,0,0,
PRV53357,No,0,Low,2,910.0,0.0,1820.0,0,0,0,
PRV52206,No,0,Low,5,362.0,0.0,1810.0,0,0,0,
PRV52721,No,0,Low,7,258.57,0.0,1810.0,0,0,0,
PRV53081,No,0,Low,9,200.0,0.0,1800.0,0,0,0,
PRV53815,No,0,Low,11,163.64,0.0,1800.0,0,0,0,
PRV54005,No,0,Low,8,225.0,0.0,1800.0,0,0,0,
PRV54299,No,0,Low,5,360.0,0.0,1800.0,0,0,0,
PRV53075,No,0,Low,2,890.0,0.0,1780.0,0,0,0,
PRV51658,No,0,Low,5,354.0,0.0,1770.0,0,0,0,
PRV52861,No,0,Low,14,126.43,0.0,1770.0,0,0,0,
PRV53167,No,0,Low,3,590.0,0.0,1770.0,0,0,0,
PRV54713,No,0,Low,17,104.12,0.0,1770.0,0,0,0,
PRV54802,No,0,Low,17,104.12,0.0,1770.0,0,0,0,
PRV53491,No,0,Low,16,110.0,0.0,1760.0,0,0,0,
PRV55335,No,0,Low,24,73.33,0.0,1760.0,0,0,0,
PRV54182,No,0,Low,4,437.5,0.0,1750.0,0,0,0,
PRV57725,No,0,Low,7,248.57,0.0,1740.0,0,0,0,
PRV52782,No,0,Low,10,173.0,0.0,1730.0,0,0,0,
PRV54186,No,0,Low,11,157.27,0.0,1730.0,0,0,0,
PRV55587,No,0,Low,7,247.14,0.0,1730.0,0,0,0,
PRV53850,No,0,Low,10,172.0,0.0,1720.0,0,0,0,
PRV51580,No,0,Low,3,570.0,0.0,1710.0,0,0,0,
PRV54291,No,0,Low,10,171.0,0.0,1710.0,0,0,0,
PRV54468,No,0,Low,21,81.43,0.0,1710.0,0,0,0,
PRV54602,No,0,Low,14,122.14,0.0,1710.0,0,0,0,
PRV51641,No,0,Low,14,121.43,0.0,1700.0,0,0,0,
PRV51689,No,0,Low,1,1700.0,0.0,1700.0,0,0,0,
PRV54589,No,0,Low,11,154.55,0.0,1700.0,0,0,0,
PRV54796,No,0,Low,2,850.0,0.0,1700.0,0,0,0,
PRV55610,No,0,Low,1,1700.0,0.0,1700.0,0,0,0,
PRV55657,No,0,Low,1,1700.0,0.0,1700.0,0,0,0,
PRV56522,No,0,Low,3,566.67,0.0,1700.0,0,0,0,
PRV57472,No,0,Low,4,425.0,0.0,1700.0,0,0,0,
PRV57614,No,0,Low,4,425.0,0.0,1700.0,0,0,0,
PRV53690,No,0,Low,11,153.64,0.0,1690.0,0,0,0,
PRV56357,No,0,Low,16,105.63,0.0,1690.0,0,0,0,
PRV51914,No,0,Low,11,152.73,0.0,1680.0,0,0,0,
PRV53224,No,0,Low,12,140.0,0.0,1680.0,0,0,0,
PRV54176,No,0,Low,10,167.0,0.0,1670.0,0,0,0,
PRV54352,No,0,Low,12,139.17,0.0,1670.0,0,0,0,
PRV55471,No,0,Low,13,128.46,0.0,1670.0,0,0,0,
PRV56063,No,0,Low,11,151.82,0.0,1670.0,0,0,0,
PRV57485,No,0,Low,10,167.0,0.0,1670.0,0,0,0,
PRV51392,No,0,Low,17,97.65,0.0,1660.0,0,0,0,
PRV52161,No,0,Low,10,166.0,0.0,1660.0,0,0,0,
PRV52218,No,0,Low,8,207.5,0.0,1660.0,0,0,0,
PRV56463,No,0,Low,18,92.22,0.0,1660.0,0,0,0,
PRV57388,No,0,Low,9,184.44,0.0,1660.0,0,0,0,
PRV55351,No,0,Low,10,165.0,0.0,1650.0,0,0,0,
PRV57133,No,0,Low,14,117.86,0.0,1650.0,0,0,0,
PRV57675,No,0,Low,3,550.0,0.0,1650.0,0,0,0,
PRV52471,No,0,Low,8,205.0,0.0,1640.0,0,0,0,
PRV54154,No,0,Low,12,136.67,0.0,1640.0,0,0,0,
PRV53337,No,0,Low,5,324.0,0.0,1620.0,0,0,0,
PRV56370,No,0,Low,9,180.0,0.0,1620.0,0,0,0,
PRV51215,No,0,Low,10,161.0,0.0,1610.0,0,0,0,
PRV51709,No,0,Low,10,161.0,0.0,1610.0,0,0,0,
PRV53572,No,0,Low,5,322.0,0.0,1610.0,0,0,0,
PRV55885,No,0,Low,8,201.25,0.0,1610.0,0,0,0,
PRV57470,No,0,Low,12,134.17,0.0,1610.0,0,0,0,
PRV51750,No,0,Low,3,533.33,0.0,1600.0,0,0,0,
PRV57261,No,0,Low,10,160.0,0.0,1600.0,0,0,0,
PRV51185,No,0,Low,8,198.75,0.0,1590.0,0,0,0,
PRV54849,No,0,Low,12,132.5,0.0,1590.0,0,0,0,
PRV52485,No,0,Low,5,316.0,0.0,1580.0,0,0,0,
PRV54431,No,0,Low,9,175.56,0.0,1580.0,0,0,0,
PRV56090,No,0,Low,12,131.67,0.0,1580.0,0,0,0,
PRV52484,No,0,Low,13,120.77,0.0,1570.0,0,0,0,
PRV53138,No,0,Low,10,157.0,0.0,1570.0,0,0,0,
PRV53217,No,0,Low,5,314.0,0.0,1570.0,0,0,0,
PRV51206,No,0,Low,10,156.0,0.0,1560.0,0,0,0,
PRV53215,No,0,Low,11,141.82,0.0,1560.0,0,0,0,
PRV57462,No,0,Low,10,156.0,0.0,1560.0,0,0,0,
PRV52875,No,0,Low,12,128.33,0.0,1540.0,0,0,0,
PRV54628,No,0,Low,4,385.0,0.0,1540.0,0,0,0,
PRV55601,No,0,Low,8,192.5,0.0,1540.0,0,0,0,
PRV52238,No,0,Low,11,139.09,0.0,1530.0,0,0,0,
PRV56034,No,0,Low,13,117.69,0.0,1530.0,0,0,0,
PRV53177,No,0,Low,16,95.0,0.0,1520.0,0,0,0,
PRV53480,No,0,Low,10,152.0,0.0,1520.0,0,0,0,
PRV54784,No,0,Low,9,168.89,0.0,1520.0,0,0,0,
PRV54606,No,0,Low,8,188.75,0.0,1510.0,0,0,0,
PRV51569,No,0,Low,5,300.0,0.0,1500.0,0,0,0,
PRV51587,No,0,Low,5,300.0,0.0,1500.0,0,0,0,
PRV51631,No,0,Low,6,250.0,0.0,1500.0,0,0,0,
PRV51747,No,0,Low,4,375.0,0.0,1500.0,0,0,0,
PRV55622,No,0,Low,1,1500.0,0.0,1500.0,0,0,0,
PRV56302,No,0,Low,4,375.0,0.0,1500.0,0,0,0,
PRV53584,No,0,Low,8,186.25,0.0,1490.0,0,0,0,
PRV54300,No,0,Low,6,248.33,0.0,1490.0,0,0,0,
PRV53426,No,0,Low,10,148.0,0.0,1480.0,0,0,0,
PRV55569,No,0,Low,9,164.44,0.0,1480.0,0,0,0,
PRV55763,No,0,Low,10,148.0,0.0,1480.0,0,0,0,
PRV57161,No,0,Low,6,246.67,0.0,1480.0,0,0,0,
PRV57051,No,0,Low,3,490.0,0.0,1470.0,0,0,0,
PRV52545,No,0,Low,13,112.31,0.0,1460.0,0,0,0,
PRV53843,No,0,Low,14,104.29,0.0,1460.0,0,0,0,
PRV52454,No,0,Low,15,96.67,0.0,1450.0,0,0,0,
PRV56038,No,0,Low,7,207.14,14.3,1450.0,0,0,0,
PRV54614,No,0,Low,15,96.0,0.0,1440.0,0,0,0,
PRV56884,No,0,Low,8,180.0,0.0,1440.0,0,0,0,
PRV56963,No,0,Low,6,240.0,0.0,1440.0,0,0,0,
PRV53339,No,0,Low,10,143.0,0.0,1430.0,0,0,0,
PRV54633,No,0,Low,12,119.17,0.0,1430.0,0,0,0,
PRV55398,No,0,Low,13,110.0,0.0,1430.0,0,0,0,
PRV51798,No,0,Low,10,142.0,0.0,1420.0,0,0,0,
PRV56117,No,0,Low,14,101.43,0.0,1420.0,0,0,0,
PRV55618,No,0,Low,13,108.46,0.0,1410.0,0,0,0,
PRV56153,No,0,Low,9,156.67,0.0,1410.0,0,0,0,
PRV56502,No,0,Low,7,201.43,0.0,1410.0,0,0,0,
PRV51674,No,0,Low,4,350.0,0.0,1400.0,0,0,0,
PRV52010,No,0,Low,7,200.0,0.0,1400.0,0,0,0,
PRV54007,No,0,Low,5,280.0,0.0,1400.0,0,0,0,
PRV55938,No,0,Low,9,155.56,0.0,1400.0,0,0,0,
PRV56306,No,0,Low,7,200.0,0.0,1400.0,0,0,0,
PRV57291,No,0,Low,3,466.67,0.0,1400.0,0,0,0,
PRV51408,No,0,Low,15,92.67,0.0,1390.0,0,0,0,
PRV53031,No,0,Low,6,231.67,0.0,1390.0,0,0,0,
PRV54027,No,0,Low,14,99.29,0.0,1390.0,0,0,0,
PRV54455,No,0,Low,6,231.67,0.0,1390.0,0,0,0,
PRV51713,No,0,Low,13,106.15,0.0,1380.0,0,0,0,
PRV54467,No,0,Low,7,197.14,0.0,1380.0,0,0,0,
PRV55874,No,0,Low,10,138.0,0.0,1380.0,0,0,0,
PRV52456,No,0,Low,7,195.71,0.0,1370.0,0,0,0,
PRV54456,No,0,Low,8,171.25,0.0,1370.0,0,0,0,
PRV56886,No,0,Low,11,123.64,0.0,1360.0,0,0,0,
PRV53162,No,0,Low,5,270.0,0.0,1350.0,0,0,0,
PRV55473,No,0,Low,6,225.0,0.0,1350.0,0,0,0,
PRV53879,No,0,Low,15,89.33,0.0,1340.0,0,0,0,
PRV52689,No,0,Low,12,110.83,0.0,1330.0,0,0,0,
PRV56307,No,0,Low,12,110.83,0.0,1330.0,0,0,0,
PRV57119,No,0,Low,5,266.0,0.0,1330.0,0,0,0,
PRV56309,No,0,Low,3,440.0,0.0,1320.0,0,0,0,
PRV54701,No,0,Low,6,218.33,0.0,1310.0,0,0,0,
PRV56067,No,0,Low,3,436.67,0.0,1310.0,0,0,0,
PRV51902,No,0,Low,4,325.0,0.0,1300.0,0,0,0,
PRV54579,No,0,Low,2,645.0,0.0,1290.0,0,0,0,
PRV53205,No,0,Low,14,91.43,0.0,1280.0,0,0,0,
PRV54116,No,0,Low,16,80.0,0.0,1280.0,0,0,0,
PRV54707,No,0,Low,9,142.22,0.0,1280.0,0,0,0,
PRV55751,No,0,Low,2,640.0,0.0,1280.0,0,0,0,
PRV56051,No,0,Low,4,320.0,0.0,1280.0,0,0,0,
PRV52742,No,0,Low,6,211.67,0.0,1270.0,0,0,0,
PRV53073,No,0,Low,14,90.71,0.0,1270.0,0,0,0,
PRV56797,No,0,Low,5,252.0,0.0,1260.0,0,0,0,
PRV57056,No,0,Low,10,125.0,0.0,1250.0,0,0,0,
PRV57277,No,0,Low,7,178.57,0.0,1250.0,0,0,0,
PRV55341,No,0,Low,14,88.57,0.0,1240.0,0,0,0,
PRV53237,No,0,Low,8,153.75,0.0,1230.0,0,0,0,
PRV53568,No,0,Low,4,307.5,0.0,1230.0,0,0,0,
PRV56514,No,0,Low,6,205.0,0.0,1230.0,0,0,0,
PRV52075,No,0,Low,5,244.0,0.0,1220.0,0,0,0,
PRV53066,No,0,Low,7,174.29,0.0,1220.0,0,0,0,
PRV53188,No,0,Low,10,122.0,0.0,1220.0,0,0,0,
PRV55741,No,0,Low,6,203.33,0.0,1220.0,0,0,0,
PRV51753,No,0,Low,4,302.5,0.0,1210.0,0,0,0,
PRV56987,No,0,Low,7,172.86,0.0,1210.0,0,0,0,
PRV54664,No,0,Low,2,600.0,0.0,1200.0,0,0,0,
PRV56295,No,0,Low,4,300.0,0.0,1200.0,0,0,0,
PRV57416,No,0,Low,7,171.43,0.0,1200.0,0,0,0,
PRV51225,No,0,Low,8,148.75,0.0,1190.0,0,0,0,
PRV53254,No,0,Low,9,132.22,0.0,1190.0,0,0,0,
PRV53014,No,0,Low,8,147.5,0.0,1180.0,0,0,0,
PRV51451,No,0,Low,6,195.0,0.0,1170.0,0,0,0,
PRV54483,No,0,Low,13,90.0,0.0,1170.0,0,0,0,
PRV55330,No,0,Low,4,292.5,0.0,1170.0,0,0,0,
PRV51131,No,0,Low,8,145.0,0.0,1160.0,0,0,0,
PRV53656,No,0,Low,5,230.0,0.0,1150.0,0,0,0,
PRV54863,No,0,Low,6,190.0,0.0,1140.0,0,0,0,
PRV55762,No,0,Low,9,126.67,0.0,1140.0,0,0,0,
PRV56171,No,0,Low,15,76.0,0.0,1140.0,0,0,0,
PRV56950,No,0,Low,3,380.0,0.0,1140.0,0,0,0,
PRV51122,No,0,Low,7,160.0,0.0,1120.0,0,0,0,
PRV52205,No,0,Low,2,560.0,0.0,1120.0,0,0,0,
PRV52686,No,0,Low,9,124.44,0.0,1120.0,0,0,0,
PRV53015,No,0,Low,8,140.0,0.0,1120.0,0,0,0,
PRV54612,No,0,Low,12,93.33,0.0,1120.0,0,0,0,
PRV54432,No,0,Low,5,222.0,0.0,1110.0,0,0,0,
PRV51429,No,0,Low,10,110.0,0.0,1100.0,0,0,0,
PRV51500,No,0,Low,8,137.5,0.0,1100.0,0,0,0,
PRV54177,No,0,Low,2,550.0,0.0,1100.0,0,0,0,
PRV55877,No,0,Low,4,275.0,0.0,1100.0,0,0,0,
PRV51759,No,0,Low,13,83.85,0.0,1090.0,0,0,0,
PRV52770,No,0,Low,7,155.71,0.0,1090.0,0,0,0,
PRV54004,No,0,Low,8,136.25,0.0,1090.0,0,0,0,
PRV57273,No,0,Low,9,121.11,0.0,1090.0,0,0,0,
PRV57484,No,0,Low,9,121.11,0.0,1090.0,0,0,0,
PRV52199,No,0,Low,10,108.0,0.0,1080.0,0,0,0,
PRV53848,No,0,Low,8,135.0,0.0,1080.0,0,0,0,
PRV54870,No,0,Low,8,135.0,0.0,1080.0,0,0,0,
PRV57687,No,0,Low,6,180.0,0.0,1080.0,0,0,0,
PRV53370,No,0,Low,9,118.89,0.0,1070.0,0,0,0,
PRV53821,No,0,Low,10,107.0,0.0,1070.0,0,0,0,
PRV55044,No,0,Low,9,118.89,0.0,1070.0,0,0,0,
PRV52579,No,0,Low,9,117.78,0.0,1060.0,0,0,0,
PRV53086,No,0,Low,4,265.0,0.0,1060.0,0,0,0,
PRV55797,No,0,Low,3,353.33,0.0,1060.0,0,0,0,
PRV51923,No,0,Low,9,115.56,0.0,1040.0,0,0,0,
PRV56977,No,0,Low,8,130.0,0.0,1040.0,0,0,0,
PRV56301,No,0,Low,3,343.33,0.0,1030.0,0,0,0,
PRV53818,No,0,Low,10,102.0,0.0,1020.0,0,0,0,
PRV51930,No,0,Low,6,168.33,0.0,1010.0,0,0,0,
PRV52397,No,0,Low,8,126.25,0.0,1010.0,0,0,0,
PRV54598,No,0,Low,9,112.22,0.0,1010.0,0,0,0,
PRV54645,No,0,Low,2,505.0,0.0,1010.0,0,0,0,
PRV53017,No,0,Low,9,111.11,0.0,1000.0,0,0,0,
PRV53722,No,0,Low,6,166.67,0.0,1000.0,0,0,0,
PRV54120,No,0,Low,2,500.0,0.0,1000.0,0,0,0,
PRV56964,No,0,Low,5,200.0,0.0,1000.0,0,0,0,
PRV57270,No,0,Low,9,111.11,0.0,1000.0,0,0,0,
PRV53581,No,0,Low,11,90.0,0.0,990.0,0,0,0,
PRV56300,No,0,Low,8,123.75,0.0,990.0,0,0,0,
PRV51115,No,0,Low,7,140.0,0.0,980.0,0,0,0,
PRV53982,No,0,Low,9,108.89,0.0,980.0,0,0,0,
PRV55497,No,0,Low,7,140.0,0.0,980.0,0,0,0,
PRV51692,No,0,Low,11,88.18,0.0,970.0,0,0,0,
PRV51917,No,0,Low,11,88.18,0.0,970.0,0,0,0,
PRV52235,No,0,Low,2,485.0,0.0,970.0,0,0,0,
PRV52557,No,0,Low,11,88.18,0.0,970.0,0,0,0,
PRV56189,No,0,Low,6,160.0,0.0,960.0,0,0,0,
PRV57247,No,0,Low,11,87.27,0.0,960.0,0,0,0,
PRV52940,No,0,Low,9,105.56,0.0,950.0,0,0,0,
PRV54869,No,0,Low,8,118.75,0.0,950.0,0,0,0,
PRV57278,No,0,Low,7,135.71,0.0,950.0,0,0,0,
PRV53531,No,0,Low,11,85.45,0.0,940.0,0,0,0,
PRV57623,No,0,Low,4,235.0,0.0,940.0,0,0,0,
PRV52551,No,0,Low,5,184.0,0.0,920.0,0,0,0,
PRV54096,No,0,Low,7,131.43,0.0,920.0,0,0,0,
PRV54671,No,0,Low,3,306.67,0.0,920.0,0,0,0,
PRV51758,No,0,Low,7,130.0,0.0,910.0,0,0,0,
PRV54546,No,0,Low,6,151.67,0.0,910.0,0,0,0,
PRV57039,No,0,Low,5,182.0,0.0,910.0,0,0,0,
PRV57232,No,0,Low,7,130.0,0.0,910.0,0,0,0,
PRV51751,No,0,Low,2,450.0,0.0,900.0,0,0,0,
PRV53651,No,0,Low,11,81.82,0.0,900.0,0,0,0,
PRV54019,No,0,Low,4,225.0,0.0,900.0,0,0,0,
PRV54621,No,0,Low,1,900.0,0.0,900.0,0,0,0,
PRV55154,No,0,Low,1,900.0,0.0,900.0,0,0,0,
PRV56518,No,0,Low,2,450.0,0.0,900.0,0,0,0,
PRV56539,No,0,Low,1,900.0,0.0,900.0,0,0,0,
PRV57283,No,0,Low,1,900.0,0.0,900.0,0,0,0,
PRV57626,No,0,Low,6,150.0,0.0,900.0,0,0,0,
PRV54192,No,0,Low,2,445.0,0.0,890.0,0,0,0,
PRV54622,No,0,Low,10,89.0,0.0,890.0,0,0,0,
PRV51437,No,0,Low,2,440.0,0.0,880.0,0,0,0,
PRV52082,No,0,Low,8,110.0,0.0,880.0,0,0,0,
PRV55528,No,0,Low,4,220.0,0.0,880.0,0,0,0,
PRV56780,No,0,Low,7,125.71,0.0,880.0,0,0,0,
PRV57131,No,0,Low,2,440.0,0.0,880.0,0,0,0,
PRV55796,No,0,Low,7,124.29,0.0,870.0,0,0,0,
PRV51222,No,0,Low,5,172.0,0.0,860.0,0,0,0,
PRV51712,No,0,Low,3,286.67,0.0,860.0,0,0,0,
PRV53498,No,0,Low,2,430.0,0.0,860.0,0,0,0,
PRV54710,No,0,Low,2,430.0,0.0,860.0,0,0,0,
PRV54864,No,0,Low,5,172.0,0.0,860.0,0,0,0,
PRV55451,No,0,Low,11,78.18,0.0,860.0,0,0,0,
PRV56843,No,0,Low,2,430.0,0.0,860.0,0,0,0,
PRV51322,No,0,Low,12,70.83,0.0,850.0,0,0,0,
PRV51738,No,0,Low,16,53.13,0.0,850.0,0,0,0,
PRV52963,No,0,Low,9,94.44,0.0,850.0,0,0,0,
PRV53467,No,0,Low,10,85.0,0.0,850.0,0,0,0,
PRV54197,No,0,Low,14,60.71,0.0,850.0,0,0,0,
PRV52225,No,0,Low,6,140.0,0.0,840.0,0,0,0,
PRV55641,No,0,Low,2,420.0,0.0,840.0,0,0,0,
PRV52174,No,0,Low,4,207.5,0.0,830.0,0,0,0,
PRV54048,No,0,Low,4,207.5,0.0,830.0,0,0,0,
PRV55424,No,0,Low,10,83.0,0.0,830.0,0,0,0,
PRV57474,No,0,Low,4,207.5,0.0,830.0,0,0,0,
PRV57563,No,0,Low,6,138.33,0.0,830.0,0,0,0,
PRV53460,No,0,Low,3,273.33,0.0,820.0,0,0,0,
PRV53596,No,0,Low,4,205.0,0.0,820.0,0,0,0,
PRV54044,No,0,Low,6,136.67,0.0,820.0,0,0,0,
PRV56820,No,0,Low,5,164.0,0.0,820.0,0,0,0,
PRV51815,No,0,Low,5,162.0,0.0,810.0,0,0,0,
PRV53331,No,0,Low,7,115.71,0.0,810.0,0,0,0,
PRV53735,No,0,Low,3,270.0,0.0,810.0,0,0,0,
PRV55626,No,0,Low,9,90.0,0.0,810.0,0,0,0,
PRV56932,No,0,Low,9,90.0,0.0,810.0,0,0,0,
PRV53163,No,0,Low,12,66.67,0.0,800.0,0,0,0,
PRV55117,No,0,Low,4,200.0,0.0,800.0,0,0,0,
PRV55612,No,0,Low,1,800.0,0.0,800.0,0,0,0,
PRV56510,No,0,Low,9,88.89,0.0,800.0,0,0,0,
PRV57373,No,0,Low,2,400.0,0.0,800.0,0,0,0,
PRV57374,No,0,Low,6,133.33,0.0,800.0,0,0,0,
PRV51664,No,0,Low,10,79.0,0.0,790.0,0,0,0,
PRV56190,No,0,Low,6,131.67,0.0,790.0,0,0,0,
PRV56681,No,0,Low,5,158.0,0.0,790.0,0,0,0,
PRV53139,No,0,Low,9,86.67,0.0,780.0,0,0,0,
PRV55602,No,0,Low,5,156.0,0.0,780.0,0,0,0,
PRV56984,No,0,Low,3,260.0,0.0,780.0,0,0,0,
PRV57735,No,0,Low,6,130.0,0.0,780.0,0,0,0,
PRV53346,No,0,Low,4,192.5,0.0,770.0,0,0,0,
PRV53587,No,0,Low,3,256.67,0.0,770.0,0,0,0,
PRV53719,No,0,Low,5,154.0,0.0,770.0,0,0,0,
PRV55076,No,0,Low,5,154.0,0.0,770.0,0,0,0,
PRV51773,No,0,Low,5,152.0,0.0,760.0,0,0,0,
PRV52670,No,0,Low,13,58.46,0.0,760.0,0,0,0,
PRV54226,No,0,Low,13,58.46,0.0,760.0,0,0,0,
PRV56831,No,0,Low,5,152.0,0.0,760.0,0,0,0,
PRV51892,No,0,Low,5,150.0,0.0,750.0,0,0,0,
PRV55982,No,0,Low,4,187.5,0.0,750.0,0,0,0,
PRV55613,No,0,Low,7,105.71,0.0,740.0,0,0,0,
PRV56196,No,0,Low,6,123.33,0.0,740.0,0,0,0,
PRV56836,No,0,Low,3,246.67,0.0,740.0,0,0,0,
PRV51696,No,0,Low,9,81.11,0.0,730.0,0,0,0,
PRV51799,No,0,Low,3,243.33,0.0,730.0,0,0,0,
PRV52674,No,0,Low,3,243.33,0.0,730.0,0,0,0,
PRV53178,No,0,Low,7,104.29,0.0,730.0,0,0,0,
PRV53365,No,0,Low,6,121.67,0.0,730.0,0,0,0,
PRV53504,No,0,Low,4,182.5,0.0,730.0,0,0,0,
PRV57671,No,0,Low,6,121.67,0.0,730.0,0,0,0,
PRV51720,No,0,Low,4,180.0,0.0,720.0,0,0,0,
PRV52255,No,0,Low,10,72.0,0.0,720.0,0,0,0,
PRV54028,No,0,Low,6,120.0,0.0,720.0,0,0,0,
PRV55097,No,0,Low,4,180.0,0.0,720.0,0,0,0,
PRV51974,No,0,Low,4,177.5,0.0,710.0,0,0,0,
PRV52714,No,0,Low,5,142.0,0.0,710.0,0,0,0,
PRV52966,No,0,Low,3,236.67,0.0,710.0,0,0,0,
PRV53158,No,0,Low,7,101.43,0.0,710.0,0,0,0,
PRV53175,No,0,Low,9,78.89,0.0,710.0,0,0,0,
PRV53949,No,0,Low,5,142.0,0.0,710.0,0,0,0,
PRV54601,No,0,Low,11,64.55,0.0,710.0,0,0,0,
PRV55858,No,0,Low,8,88.75,0.0,710.0,0,0,0,
PRV56214,No,0,Low,3,236.67,0.0,710.0,0,0,0,
PRV56833,No,0,Low,8,88.75,0.0,710.0,0,0,0,
PRV56981,No,0,Low,7,101.43,0.0,710.0,0,0,0,
PRV51015,No,0,Low,8,87.5,0.0,700.0,0,0,0,
PRV53525,No,0,Low,2,350.0,0.0,700.0,0,0,0,
PRV54124,No,0,Low,5,140.0,0.0,700.0,0,0,0,
PRV52767,No,0,Low,4,172.5,0.0,690.0,0,0,0,
PRV53520,No,0,Low,4,172.5,0.0,690.0,0,0,0,
PRV51721,No,0,Low,5,136.0,0.0,680.0,0,0,0,
PRV53659,No,0,Low,5,136.0,0.0,680.0,0,0,0,
PRV53202,No,0,Low,11,60.91,0.0,670.0,0,0,0,
PRV56334,No,0,Low,8,83.75,0.0,670.0,0,0,0,
PRV56948,No,0,Low,3,223.33,0.0,670.0,0,0,0,
PRV51744,No,0,Low,5,132.0,0.0,660.0,0,0,0,
PRV54703,No,0,Low,11,60.0,0.0,660.0,0,0,0,
PRV55063,No,0,Low,10,66.0,0.0,660.0,0,0,0,
PRV55092,No,0,Low,8,82.5,0.0,660.0,0,0,0,
PRV55711,No,0,Low,5,132.0,0.0,660.0,0,0,0,
PRV55750,No,0,Low,5,132.0,0.0,660.0,0,0,0,
PRV52697,No,0,Low,5,130.0,0.0,650.0,0,0,0,
PRV55863,No,0,Low,5,130.0,0.0,650.0,0,0,0,
PRV56965,No,0,Low,3,216.67,0.0,650.0,0,0,0,
PRV51888,No,0,Low,5,128.0,0.0,640.0,0,0,0,
PRV52232,No,0,Low,4,160.0,0.0,640.0,0,0,0,
PRV53085,No,0,Low,2,320.0,0.0,640.0,0,0,0,
PRV54016,No,0,Low,4,160.0,0.0,640.0,0,0,0,
PRV54173,No,0,Low,7,91.43,0.0,640.0,0,0,0,
PRV56700,No,0,Low,5,128.0,0.0,640.0,0,0,0,
PRV57616,No,0,Low,7,91.43,0.0,640.0,0,0,0,
PRV52263,No,0,Low,3,210.0,0.0,630.0,0,0,0,
PRV53344,No,0,Low,3,210.0,0.0,630.0,0,0,0,
PRV55397,No,0,Low,6,105.0,0.0,630.0,0,0,0,
PRV56099,No,0,Low,3,210.0,0.0,630.0,0,0,0,
PRV57701,No,0,Low,4,155.0,0.0,620.0,0,0,0,
PRV52748,No,0,Low,10,61.0,0.0,610.0,0,0,0,
PRV53647,No,0,Low,7,87.14,0.0,610.0,0,0,0,
PRV54865,No,0,Low,6,101.67,0.0,610.0,0,0,0,
PRV55292,No,0,Low,6,101.67,0.0,610.0,0,0,0,
PRV55348,No,0,Low,7,87.14,0.0,610.0,0,0,0,
PRV57244,No,0,Low,4,152.5,0.0,610.0,0,0,0,
PRV51704,No,0,Low,1,600.0,0.0,600.0,0,0,0,
PRV51822,No,0,Low,1,600.0,100.0,600.0,0,0,0,
PRV52952,No,0,Low,1,600.0,0.0,600.0,0,0,0,
PRV53228,No,0,Low,1,600.0,0.0,600.0,0,0,0,
PRV55584,No,0,Low,2,300.0,0.0,600.0,0,0,0,
PRV56633,No,0,Low,5,120.0,0.0,600.0,0,0,0,
PRV56845,No,0,Low,9,66.67,0.0,600.0,0,0,0,
PRV56854,No,0,Low,3,200.0,0.0,600.0,0,0,0,
PRV51755,No,0,Low,6,98.33,0.0,590.0,0,0,0,
PRV52213,No,0,Low,7,84.29,0.0,590.0,0,0,0,
PRV53492,No,0,Low,3,196.67,0.0,590.0,0,0,0,
PRV53566,No,0,Low,4,147.5,0.0,590.0,0,0,0,
PRV57116,No,0,Low,7,84.29,0.0,590.0,0,0,0,
PRV54629,No,0,Low,3,193.33,0.0,580.0,0,0,0,
PRV56947,No,0,Low,3,193.33,0.0,580.0,0,0,0,
PRV51368,No,0,Low,4,142.5,0.0,570.0,0,0,0,
PRV53206,No,0,Low,3,190.0,0.0,570.0,0,0,0,
PRV53578,No,0,Low,7,81.43,0.0,570.0,0,0,0,
PRV54068,No,0,Low,7,81.43,0.0,570.0,0,0,0,
PRV55286,No,0,Low,4,142.5,0.0,570.0,0,0,0,
PRV52626,No,0,Low,3,186.67,0.0,560.0,0,0,0,
PRV52752,No,0,Low,2,280.0,0.0,560.0,0,0,0,
PRV53619,No,0,Low,2,280.0,0.0,560.0,0,0,0,
PRV51328,No,0,Low,7,78.57,0.0,550.0,0,0,0,
PRV54283,No,0,Low,5,110.0,0.0,550.0,0,0,0,
PRV56699,No,0,Low,3,183.33,0.0,550.0,0,0,0,
PRV54547,No,0,Low,3,180.0,0.0,540.0,0,0,0,
PRV57105,No,0,Low,4,135.0,0.0,540.0,0,0,0,
PRV57488,No,0,Low,5,108.0,0.0,540.0,0,0,0,
PRV51621,No,0,Low,9,58.89,0.0,530.0,0,0,0,
PRV51896,No,0,Low,5,106.0,0.0,530.0,0,0,0,
PRV54132,No,0,Low,5,106.0,0.0,530.0,0,0,0,
PRV55285,No,0,Low,7,75.71,0.0,530.0,0,0,0,
PRV56185,No,0,Low,7,75.71,0.0,530.0,0,0,0,
PRV57588,No,0,Low,2,265.0,0.0,530.0,0,0,0,
PRV51218,No,0,Low,7,74.29,0.0,520.0,0,0,0,
PRV52217,No,0,Low,5,104.0,0.0,520.0,0,0,0,
PRV54452,No,0,Low,5,104.0,0.0,520.0,0,0,0,
PRV56076,No,0,Low,3,173.33,0.0,520.0,0,0,0,
PRV53355,No,0,Low,3,170.0,0.0,510.0,0,0,0,
PRV54122,No,0,Low,4,127.5,0.0,510.0,0,0,0,
PRV56078,No,0,Low,4,127.5,0.0,510.0,0,0,0,
PRV57599,No,0,Low,5,102.0,0.0,510.0,0,0,0,
PRV52729,No,0,Low,2,250.0,0.0,500.0,0,0,0,
PRV53027,No,0,Low,5,100.0,0.0,500.0,0,0,0,
PRV53125,No,0,Low,2,250.0,0.0,500.0,0,0,0,
PRV53197,No,0,Low,4,125.0,0.0,500.0,0,0,0,
PRV53207,No,0,Low,10,50.0,0.0,500.0,0,0,0,
PRV53506,No,0,Low,1,500.0,0.0,500.0,0,0,0,
PRV53585,No,0,Low,4,125.0,0.0,500.0,0,0,0,
PRV53589,No,0,Low,2,250.0,0.0,500.0,0,0,0,
PRV53966,No,0,Low,2,250.0,0.0,500.0,0,0,0,
PRV54050,No,0,Low,1,500.0,0.0,500.0,0,0,0,
PRV54800,No,0,Low,2,250.0,0.0,500.0,0,0,0,
PRV56282,No,0,Low,4,125.0,0.0,500.0,0,0,0,
PRV54198,No,0,Low,6,81.67,0.0,490.0,0,0,0,
PRV55772,No,0,Low,4,122.5,0.0,490.0,0,0,0,
PRV51891,No,0,Low,3,160.0,0.0,480.0,0,0,0,
PRV52523,No,0,Low,3,160.0,0.0,480.0,0,0,0,
PRV53906,No,0,Low,4,120.0,0.0,480.0,0,0,0,
PRV54441,No,0,Low,4,120.0,0.0,480.0,0,0,0,
PRV57714,No,0,Low,4,120.0,0.0,480.0,0,0,0,
PRV53474,No,0,Low,6,78.33,0.0,470.0,0,0,0,
PRV53494,No,0,Low,7,67.14,0.0,470.0,0,0,0,
PRV53631,No,0,Low,6,78.33,0.0,470.0,0,0,0,
PRV54118,No,0,Low,8,58.75,0.0,470.0,0,0,0,
PRV55575,No,0,Low,6,78.33,0.0,470.0,0,0,0,
PRV51394,No,0,Low,4,115.0,0.0,460.0,0,0,0,
PRV52681,No,0,Low,3,153.33,0.0,460.0,0,0,0,
PRV53622,No,0,Low,6,76.67,0.0,460.0,0,0,0,
PRV53840,No,0,Low,6,76.67,0.0,460.0,0,0,0,
PRV53864,No,0,Low,2,230.0,0.0,460.0,0,0,0,
PRV56771,No,0,Low,2,230.0,0.0,460.0,0,0,0,
PRV51797,No,0,Low,5,90.0,0.0,450.0,0,0,0,
PRV52201,No,0,Low,9,50.0,0.0,450.0,0,0,0,
PRV52764,No,0,Low,3,150.0,0.0,450.0,0,0,0,
PRV53549,No,0,Low,6,75.0,0.0,450.0,0,0,0,
PRV54110,No,0,Low,7,64.29,0.0,450.0,0,0,0,
PRV54794,No,0,Low,3,150.0,0.0,450.0,0,0,0,
PRV56934,No,0,Low,6,75.0,0.0,450.0,0,0,0,
PRV57140,No,0,Low,2,225.0,0.0,450.0,0,0,0,
PRV57692,No,0,Low,2,225.0,0.0,450.0,0,0,0,
PRV51103,Yes,0,Low,6,73.33,0.0,440.0,0,0,0,
PRV51412,No,0,Low,5,88.0,0.0,440.0,0,0,0,
PRV53995,No,0,Low,3,146.67,0.0,440.0,0,0,0,
PRV55639,No,0,Low,4,110.0,0.0,440.0,0,0,0,
PRV51228,No,0,Low,5,86.0,0.0,430.0,0,0,0,
PRV53947,No,0,Low,8,53.75,0.0,430.0,0,0,0,
PRV56293,No,0,Low,3,143.33,0.0,430.0,0,0,0,
PRV57570,No,0,Low,4,107.5,0.0,430.0,0,0,0,
PRV53203,No,0,Low,7,60.0,0.0,420.0,0,0,0,
PRV54873,No,0,Low,8,52.5,0.0,420.0,0,0,0,
PRV51708,No,0,Low,4,102.5,0.0,410.0,0,0,0,
PRV54014,No,0,Low,2,205.0,0.0,410.0,0,0,0,
PRV55684,No,0,Low,3,136.67,0.0,410.0,0,0,0,
PRV55721,No,0,Low,5,82.0,0.0,410.0,0,0,0,
PRV55749,No,0,Low,4,102.5,0.0,410.0,0,0,0,
PRV57663,No,0,Low,3,136.67,0.0,410.0,0,0,0,
PRV51705,No,0,Low,1,400.0,0.0,400.0,0,0,0,
PRV52596,No,0,Low,2,200.0,0.0,400.0,0,0,0,
PRV52638,No,0,Low,1,400.0,0.0,400.0,0,0,0,
PRV52744,No,0,Low,2,200.0,0.0,400.0,0,0,0,
PRV54307,No,0,Low,2,200.0,0.0,400.0,0,0,0,
PRV55089,No,0,Low,1,400.0,0.0,400.0,0,0,0,
PRV55302,No,0,Low,1,400.0,0.0,400.0,0,0,0,
PRV55631,No,0,Low,2,200.0,0.0,400.0,0,0,0,
PRV56971,No,0,Low,4,100.0,0.0,400.0,0,0,0,
PRV57363,No,0,Low,2,200.0,0.0,400.0,0,0,0,
PRV57571,No,0,Low,1,400.0,0.0,400.0,0,0,0,
PRV57655,No,0,Low,1,400.0,0.0,400.0,0,0,0,
PRV57679,No,0,Low,1,400.0,0.0,400.0,0,0,0,
PRV57705,No,0,Low,2,200.0,0.0,400.0,0,0,0,
PRV52672,No,0,Low,3,130.0,0.0,390.0,0,0,0,
PRV53479,No,0,Low,5,78.0,0.0,390.0,0,0,0,
PRV55077,No,0,Low,8,48.75,0.0,390.0,0,0,0,
PRV57645,No,0,Low,6,65.0,0.0,390.0,0,0,0,
PRV52726,No,0,Low,2,190.0,0.0,380.0,0,0,0,
PRV53521,No,0,Low,9,42.22,0.0,380.0,0,0,0,
PRV56530,No,0,Low,3,126.67,0.0,380.0,0,0,0,
PRV52229,No,0,Low,11,33.64,0.0,370.0,0,0,0,
PRV54482,No,0,Low,6,61.67,0.0,370.0,0,0,0,
PRV55365,No,0,Low,7,52.86,0.0,370.0,0,0,0,
PRV56586,No,0,Low,4,92.5,0.0,370.0,0,0,0,
PRV51198,No,0,Low,6,60.0,0.0,360.0,0,0,0,
PRV54191,No,0,Low,2,180.0,0.0,360.0,0,0,0,
PRV54699,No,0,Low,4,90.0,0.0,360.0,0,0,0,
PRV55329,No,0,Low,2,180.0,0.0,360.0,0,0,0,
PRV55638,No,0,Low,5,72.0,0.0,360.0,0,0,0,
PRV51735,No,0,Low,4,87.5,0.0,350.0,0,0,0,
PRV54185,No,0,Low,2,175.0,0.0,350.0,0,0,0,
PRV54312,No,0,Low,4,87.5,0.0,350.0,0,0,0,
PRV56267,No,0,Low,4,87.5,0.0,350.0,0,0,0,
PRV57471,No,0,Low,2,175.0,0.0,350.0,0,0,0,
PRV55886,No,0,Low,4,85.0,0.0,340.0,0,0,0,
PRV56691,No,0,Low,4,85.0,0.0,340.0,0,0,0,
PRV57742,No,0,Low,8,42.5,0.0,340.0,0,0,0,
PRV51706,No,0,Low,2,165.0,0.0,330.0,0,0,0,
PRV53485,No,0,Low,5,66.0,0.0,330.0,0,0,0,
PRV55371,No,0,Low,3,110.0,0.0,330.0,0,0,0,
PRV56998,No,0,Low,2,165.0,0.0,330.0,0,0,0,
PRV57440,No,0,Low,4,82.5,0.0,330.0,0,0,0,
PRV51331,No,0,Low,5,64.0,0.0,320.0,0,0,0,
PRV51624,No,0,Low,5,64.0,0.0,320.0,0,0,0,
PRV52792,No,0,Low,5,64.0,0.0,320.0,0,0,0,
PRV52961,No,0,Low,5,64.0,0.0,320.0,0,0,0,
PRV54029,No,0,Low,2,160.0,0.0,320.0,0,0,0,
PRV54117,No,0,Low,6,53.33,0.0,320.0,0,0,0,
PRV56299,No,0,Low,5,64.0,0.0,320.0,0,0,0,
PRV53343,No,0,Low,6,51.67,0.0,310.0,0,0,0,
PRV54615,No,0,Low,5,62.0,0.0,310.0,0,0,0,
PRV56937,No,0,Low,5,62.0,0.0,310.0,0,0,0,
PRV56986,No,0,Low,2,155.0,0.0,310.0,0,0,0,
PRV57005,No,0,Low,2,155.0,0.0,310.0,0,0,0,
PRV51098,No,0,Low,4,75.0,0.0,300.0,0,0,0,
PRV51135,No,0,Low,5,60.0,0.0,300.0,0,0,0,
PRV51409,No,0,Low,4,75.0,0.0,300.0,0,0,0,
PRV52586,No,0,Low,1,300.0,0.0,300.0,0,0,0,
PRV52669,No,0,Low,1,300.0,0.0,300.0,0,0,0,
PRV52751,No,0,Low,3,100.0,0.0,300.0,0,0,0,
PRV52774,No,0,Low,4,75.0,0.0,300.0,0,0,0,
PRV52797,No,0,Low,1,300.0,0.0,300.0,0,0,0,
PRV53028,No,0,Low,3,100.0,0.0,300.0,0,0,0,
PRV53501,No,0,Low,1,300.0,0.0,300.0,0,0,0,
PRV54310,No,0,Low,7,42.86,0.0,300.0,0,0,0,
PRV54420,No,0,Low,1,300.0,0.0,300.0,0,0,0,
PRV55637,No,0,Low,1,300.0,0.0,300.0,0,0,0,
PRV55646,No,0,Low,2,150.0,0.0,300.0,0,0,0,
PRV55766,No,0,Low,6,50.0,0.0,300.0,0,0,0,
PRV56087,No,0,Low,1,300.0,0.0,300.0,0,0,0,
PRV56531,No,0,Low,5,60.0,0.0,300.0,0,0,0,
PRV57386,No,0,Low,1,300.0,0.0,300.0,0,0,0,
PRV57755,No,0,Low,1,300.0,0.0,300.0,0,0,0,
PRV51877,No,0,Low,4,72.5,0.0,290.0,0,0,0,
PRV54798,No,0,Low,5,58.0,0.0,290.0,0,0,0,
PRV56115,No,0,Low,2,145.0,0.0,290.0,0,0,0,
PRV56855,No,0,Low,4,72.5,0.0,290.0,0,0,0,
PRV51645,No,0,Low,5,56.0,0.0,280.0,0,0,0,
PRV51786,No,0,Low,5,56.0,0.0,280.0,0,0,0,
PRV52380,No,0,Low,4,70.0,0.0,280.0,0,0,0,
PRV53347,No,0,Low,6,46.67,0.0,280.0,0,0,0,
PRV55409,No,0,Low,5,56.0,0.0,280.0,0,0,0,
PRV57564,No,0,Low,7,40.0,0.0,280.0,0,0,0,
PRV51707,No,0,Low,12,22.5,0.0,270.0,0,0,0,
PRV52251,No,0,Low,4,67.5,0.0,270.0,0,0,0,
PRV52470,No,0,Low,3,90.0,0.0,270.0,0,0,0,
PRV52784,No,0,Low,2,135.0,0.0,270.0,0,0,0,
PRV54805,No,0,Low,5,54.0,0.0,270.0,0,0,0,
PRV56071,No,0,Low,3,90.0,0.0,270.0,0,0,0,
PRV52777,No,0,Low,2,130.0,0.0,260.0,0,0,0,
PRV53174,No,0,Low,5,52.0,0.0,260.0,0,0,0,
PRV53812,No,0,Low,2,130.0,0.0,260.0,0,0,0,
PRV54135,No,0,Low,3,86.67,0.0,260.0,0,0,0,
PRV55617,No,0,Low,2,130.0,0.0,260.0,0,0,0,
PRV56880,No,0,Low,2,130.0,0.0,260.0,0,0,0,
PRV57130,No,0,Low,3,86.67,0.0,260.0,0,0,0,
PRV51778,No,0,Low,3,83.33,0.0,250.0,0,0,0,
PRV52771,No,0,Low,4,62.5,0.0,250.0,0,0,0,
PRV53198,No,0,Low,6,41.67,0.0,250.0,0,0,0,
PRV53548,No,0,Low,4,62.5,0.0,250.0,0,0,0,
PRV54040,No,0,Low,2,125.0,0.0,250.0,0,0,0,
PRV54316,No,0,Low,2,125.0,0.0,250.0,0,0,0,
PRV54509,No,0,Low,4,62.5,0.0,250.0,0,0,0,
PRV56080,No,0,Low,5,50.0,0.0,250.0,0,0,0,
PRV57613,No,0,Low,2,125.0,0.0,250.0,0,0,0,
PRV57669,No,0,Low,3,83.33,0.0,250.0,0,0,0,
PRV52671,No,0,Low,2,120.0,0.0,240.0,0,0,0,
PRV54045,No,0,Low,3,80.0,0.0,240.0,0,0,0,
PRV54146,No,0,Low,5,48.0,0.0,240.0,0,0,0,
PRV55759,No,0,Low,3,80.0,0.0,240.0,0,0,0,
PRV56358,No,0,Low,4,60.0,0.0,240.0,0,0,0,
PRV56966,No,0,Low,2,120.0,0.0,240.0,0,0,0,
PRV51993,No,0,Low,2,115.0,0.0,230.0,0,0,0,
PRV53730,No,0,Low,2,115.0,0.0,230.0,0,0,0,
PRV54140,No,0,Low,6,38.33,0.0,230.0,0,0,0,
PRV55655,No,0,Low,3,76.67,0.0,230.0,0,0,0,
PRV57721,No,0,Low,3,76.67,0.0,230.0,0,0,0,
PRV57751,No,0,Low,4,57.5,0.0,230.0,0,0,0,
PRV51654,No,0,Low,2,110.0,0.0,220.0,0,0,0,
PRV52756,No,0,Low,4,55.0,0.0,220.0,0,0,0,
PRV53099,No,0,Low,2,110.0,0.0,220.0,0,0,0,
PRV53564,No,0,Low,5,44.0,0.0,220.0,0,0,0,
PRV55650,No,0,Low,4,55.0,0.0,220.0,0,0,0,
PRV57048,No,0,Low,5,44.0,0.0,220.0,0,0,0,
PRV57248,No,0,Low,6,36.67,0.0,220.0,0,0,0,
PRV55760,No,0,Low,3,70.0,0.0,210.0,0,0,0,
PRV55761,No,0,Low,4,52.5,0.0,210.0,0,0,0,
PRV56970,No,0,Low,2,105.0,0.0,210.0,0,0,0,
PRV52261,No,0,Low,1,200.0,0.0,200.0,0,0,0,
PRV52695,No,0,Low,5,40.0,0.0,200.0,0,0,0,
PRV52715,No,0,Low,3,66.67,0.0,200.0,0,0,0,
PRV52791,No,0,Low,1,200.0,0.0,200.0,0,0,0,
PRV53539,No,0,Low,2,100.0,0.0,200.0,0,0,0,
PRV53643,No,0,Low,1,200.0,0.0,200.0,0,0,0,
PRV53661,No,0,Low,1,200.0,0.0,200.0,0,0,0,
PRV53718,No,0,Low,1,200.0,0.0,200.0,0,0,0,
PRV54187,No,0,Low,1,200.0,0.0,200.0,0,0,0,
PRV55400,No,0,Low,1,200.0,0.0,200.0,0,0,0,
PRV55578,No,0,Low,1,200.0,0.0,200.0,0,0,0,
PRV55787,No,0,Low,1,200.0,0.0,200.0,0,0,0,
PRV55895,Yes,0,Low,1,200.0,0.0,200.0,0,0,0,
PRV56091,No,0,Low,1,200.0,0.0,200.0,0,0,0,
PRV56318,No,0,Low,1,200.0,0.0,200.0,0,0,0,
PRV57265,No,0,Low,1,200.0,0.0,200.0,0,0,0,
PRV51725,No,0,Low,4,47.5,0.0,190.0,0,0,0,
PRV53062,No,0,Low,4,47.5,0.0,190.0,0,0,0,
PRV54181,No,0,Low,4,47.5,0.0,190.0,0,0,0,
PRV54439,No,0,Low,3,63.33,0.0,190.0,0,0,0,
PRV57327,No,0,Low,3,63.33,0.0,190.0,0,0,0,
PRV51660,No,0,Low,3,60.0,0.0,180.0,0,0,0,
PRV53187,No,0,Low,4,45.0,0.0,180.0,0,0,0,
PRV54545,No,0,Low,2,90.0,0.0,180.0,0,0,0,
PRV56337,No,0,Low,2,90.0,0.0,180.0,0,0,0,
PRV56660,No,0,Low,4,45.0,0.0,180.0,0,0,0,
PRV56944,No,0,Low,3,60.0,0.0,180.0,0,0,0,
PRV57578,No,0,Low,2,90.0,0.0,180.0,0,0,0,
PRV51016,No,0,Low,6,28.33,0.0,170.0,0,0,0,
PRV51889,No,0,Low,4,42.5,0.0,170.0,0,0,0,
PRV52448,No,0,Low,2,85.0,0.0,170.0,0,0,0,
PRV53169,No,0,Low,4,42.5,0.0,170.0,0,0,0,
PRV53235,No,0,Low,2,85.0,0.0,170.0,0,0,0,
PRV54115,No,0,Low,4,42.5,0.0,170.0,0,0,0,
PRV55527,No,0,Low,2,85.0,0.0,170.0,0,0,0,
PRV57280,No,0,Low,3,56.67,0.0,170.0,0,0,0,
PRV53586,No,0,Low,3,53.33,0.0,160.0,0,0,0,
PRV54529,No,0,Low,5,32.0,0.0,160.0,0,0,0,
PRV51363,No,0,Low,3,50.0,0.0,150.0,0,0,0,
PRV51787,No,0,Low,3,50.0,0.0,150.0,0,0,0,
PRV52525,No,0,Low,2,75.0,0.0,150.0,0,0,0,
PRV52667,No,0,Low,3,50.0,0.0,150.0,0,0,0,
PRV52773,No,0,Low,2,75.0,0.0,150.0,0,0,0,
PRV52799,No,0,Low,2,75.0,0.0,150.0,0,0,0,
PRV54180,No,0,Low,2,75.0,0.0,150.0,0,0,0,
PRV54424,No,0,Low,2,75.0,0.0,150.0,0,0,0,
PRV54587,No,0,Low,3,50.0,0.0,150.0,0,0,0,
PRV55564,No,0,Low,3,50.0,0.0,150.0,0,0,0,
PRV55989,No,0,Low,2,75.0,0.0,150.0,0,0,0,
PRV56391,No,0,Low,2,75.0,0.0,150.0,0,0,0,
PRV57731,No,0,Low,2,75.0,0.0,150.0,0,0,0,
PRV51796,No,0,Low,4,35.0,0.0,140.0,0,0,0,
PRV52677,No,0,Low,2,70.0,0.0,140.0,0,0,0,
PRV54172,No,0,Low,2,70.0,0.0,140.0,0,0,0,
PRV55803,No,0,Low,2,70.0,0.0,140.0,0,0,0,
PRV52753,No,0,Low,2,65.0,0.0,130.0,0,0,0,
PRV52758,No,0,Low,4,32.5,0.0,130.0,0,0,0,
PRV57274,No,0,Low,4,32.5,0.0,130.0,0,0,0,
PRV57617,No,0,Low,3,43.33,0.0,130.0,0,0,0,
PRV57737,No,0,Low,2,65.0,0.0,130.0,0,0,0,
PRV51887,No,0,Low,2,60.0,0.0,120.0,0,0,0,
PRV52786,No,0,Low,2,60.0,0.0,120.0,0,0,0,
PRV53678,No,0,Low,3,40.0,0.0,120.0,0,0,0,
PRV53724,No,0,Low,2,60.0,0.0,120.0,0,0,0,
PRV53899,No,0,Low,3,40.0,0.0,120.0,0,0,0,
PRV54466,No,0,Low,3,40.0,0.0,120.0,0,0,0,
PRV56201,No,0,Low,3,40.0,0.0,120.0,0,0,0,
PRV56524,No,0,Low,3,40.0,0.0,120.0,0,0,0,
PRV56946,No,0,Low,2,60.0,0.0,120.0,0,0,0,
PRV57452,No,0,Low,3,40.0,0.0,120.0,0,0,0,
PRV52694,No,0,Low,2,55.0,0.0,110.0,0,0,0,
PRV54123,No,0,Low,2,55.0,0.0,110.0,0,0,0,
PRV55814,No,0,Low,4,27.5,0.0,110.0,0,0,0,
PRV56989,No,0,Low,2,55.0,0.0,110.0,0,0,0,
PRV57615,No,0,Low,2,55.0,0.0,110.0,0,0,0,
PRV57747,No,0,Low,2,55.0,0.0,110.0,0,0,0,
PRV57758,No,0,Low,2,55.0,0.0,110.0,0,0,0,
PRV51186,No,0,Low,2,50.0,0.0,100.0,0,0,0,
PRV51211,No,0,Low,2,50.0,0.0,100.0,0,0,0,
PRV52226,No,0,Low,2,50.0,0.0,100.0,0,0,0,
PRV52778,No,0,Low,1,100.0,0.0,100.0,0,0,0,
PRV52781,No,0,Low,1,100.0,0.0,100.0,0,0,0,
PRV53084,No,0,Low,1,100.0,0.0,100.0,0,0,0,
PRV53182,No,0,Low,3,33.33,0.0,100.0,0,0,0,
PRV53212,No,0,Low,2,50.0,0.0,100.0,0,0,0,
PRV53860,No,0,Low,1,100.0,0.0,100.0,0,0,0,
PRV53967,No,0,Low,2,50.0,0.0,100.0,0,0,0,
PRV53978,No,0,Low,1,100.0,0.0,100.0,0,0,0,
PRV54013,No,0,Low,1,100.0,0.0,100.0,0,0,0,
PRV54311,No,0,Low,3,33.33,0.0,100.0,0,0,0,
PRV54319,No,0,Low,1,100.0,0.0,100.0,0,0,0,
PRV54799,No,0,Low,1,100.0,0.0,100.0,0,0,0,
PRV55599,No,0,Low,1,100.0,0.0,100.0,0,0,0,
PRV55624,No,0,Low,2,50.0,0.0,100.0,0,0,0,
PRV55649,No,0,Low,2,50.0,0.0,100.0,0,0,0,
PRV56029,No,0,Low,1,100.0,0.0,100.0,0,0,0,
PRV56313,No,0,Low,3,33.33,0.0,100.0,0,0,0,
PRV56324,No,0,Low,1,100.0,0.0,100.0,0,0,0,
PRV56641,No,0,Low,1,100.0,0.0,100.0,0,0,0,
PRV56992,No,0,Low,2,50.0,0.0,100.0,0,0,0,
PRV57061,No,0,Low,1,100.0,0.0,100.0,0,0,0,
PRV57143,No,0,Low,1,100.0,0.0,100.0,0,0,0,
PRV57696,No,0,Low,3,33.33,0.0,100.0,0,0,0,
PRV51968,No,0,Low,1,90.0,0.0,90.0,0,0,0,
PRV52434,No,0,Low,2,45.0,0.0,90.0,0,0,0,
PRV52526,No,0,Low,1,90.0,0.0,90.0,0,0,0,
PRV53369,No,0,Low,1,90.0,0.0,90.0,0,0,0,
PRV54006,No,0,Low,1,90.0,0.0,90.0,0,0,0,
PRV54148,No,0,Low,1,90.0,0.0,90.0,0,0,0,
PRV54178,No,0,Low,2,45.0,0.0,90.0,0,0,0,
PRV54523,No,0,Low,1,90.0,0.0,90.0,0,0,0,
PRV55123,No,0,Low,2,45.0,0.0,90.0,0,0,0,
PRV55141,No,0,Low,2,45.0,0.0,90.0,0,0,0,
PRV55355,No,0,Low,1,90.0,0.0,90.0,0,0,0,
PRV55776,No,0,Low,4,22.5,0.0,90.0,0,0,0,
PRV55879,No,0,Low,2,45.0,0.0,90.0,0,0,0,
PRV56387,No,0,Low,1,90.0,0.0,90.0,0,0,0,
PRV57473,No,0,Low,1,90.0,0.0,90.0,0,0,0,
PRV51703,No,0,Low,2,40.0,0.0,80.0,0,0,0,
PRV52253,No,0,Low,1,80.0,0.0,80.0,0,0,0,
PRV52741,No,0,Low,2,40.0,0.0,80.0,0,0,0,
PRV53183,No,0,Low,1,80.0,0.0,80.0,0,0,0,
PRV54175,No,0,Low,1,80.0,0.0,80.0,0,0,0,
PRV55364,No,0,Low,1,80.0,0.0,80.0,0,0,0,
PRV55538,No,0,Low,2,40.0,0.0,80.0,0,0,0,
PRV55648,No,0,Low,2,40.0,0.0,80.0,0,0,0,
PRV55744,No,0,Low,2,40.0,0.0,80.0,0,0,0,
PRV55767,No,0,Low,2,40.0,0.0,80.0,0,0,0,
PRV56072,No,0,Low,1,80.0,0.0,80.0,0,0,0,
PRV56310,No,0,Low,1,80.0,0.0,80.0,0,0,0,
PRV56369,No,0,Low,1,80.0,0.0,80.0,0,0,0,
PRV56920,No,0,Low,1,80.0,0.0,80.0,0,0,0,
PRV56974,No,0,Low,1,80.0,0.0,80.0,0,0,0,
PRV57464,No,0,Low,2,40.0,0.0,80.0,0,0,0,
PRV57724,No,0,Low,2,40.0,0.0,80.0,0,0,0,
PRV57752,No,0,Low,1,80.0,0.0,80.0,0,0,0,
PRV57753,No,0,Low,1,80.0,0.0,80.0,0,0,0,
PRV51221,No,0,Low,1,70.0,0.0,70.0,0,0,0,
PRV51655,No,0,Low,3,23.33,0.0,70.0,0,0,0,
PRV51733,No,0,Low,2,35.0,0.0,70.0,0,0,0,
PRV51913,No,0,Low,1,70.0,0.0,70.0,0,0,0,
PRV52783,No,0,Low,1,70.0,0.0,70.0,0,0,0,
PRV53554,No,0,Low,2,35.0,0.0,70.0,0,0,0,
PRV54011,No,0,Low,2,35.0,0.0,70.0,0,0,0,
PRV54034,No,0,Low,1,70.0,0.0,70.0,0,0,0,
PRV54308,No,0,Low,1,70.0,0.0,70.0,0,0,0,
PRV55581,No,0,Low,2,35.0,0.0,70.0,0,0,0,
PRV55801,No,0,Low,2,35.0,0.0,70.0,0,0,0,
PRV56065,No,0,Low,1,70.0,0.0,70.0,0,0,0,
PRV56303,No,0,Low,2,35.0,0.0,70.0,0,0,0,
PRV56805,No,0,Low,1,70.0,0.0,70.0,0,0,0,
PRV57371,No,0,Low,1,70.0,0.0,70.0,0,0,0,
PRV57392,No,0,Low,2,35.0,0.0,70.0,0,0,0,
PRV57707,No,0,Low,2,35.0,0.0,70.0,0,0,0,
PRV52785,No,0,Low,1,60.0,0.0,60.0,0,0,0,
PRV53545,No,0,Low,1,60.0,0.0,60.0,0,0,0,
PRV53559,No,0,Low,2,30.0,0.0,60.0,0,0,0,
PRV53563,No,0,Low,2,30.0,0.0,60.0,0,0,0,
PRV53999,No,0,Low,1,60.0,0.0,60.0,0,0,0,
PRV54113,No,0,Low,1,60.0,0.0,60.0,0,0,0,
PRV54294,No,0,Low,1,60.0,0.0,60.0,0,0,0,
PRV55619,No,0,Low,2,30.0,0.0,60.0,0,0,0,
PRV55632,No,0,Low,1,60.0,0.0,60.0,0,0,0,
PRV56047,No,0,Low,3,20.0,0.0,60.0,0,0,0,
PRV56377,No,0,Low,1,60.0,0.0,60.0,0,0,0,
PRV57700,No,0,Low,1,60.0,0.0,60.0,0,0,0,
PRV51213,No,0,Low,2,25.0,0.0,50.0,0,0,0,
PRV51423,No,0,Low,1,50.0,0.0,50.0,0,0,0,
PRV51534,No,0,Low,1,50.0,0.0,50.0,0,0,0,
PRV51666,No,0,Low,1,50.0,0.0,50.0,0,0,0,
PRV51875,No,0,Low,1,50.0,0.0,50.0,0,0,0,
PRV51918,No,0,Low,1,50.0,0.0,50.0,0,0,0,
PRV52256,No,0,Low,1,50.0,0.0,50.0,0,0,0,
PRV52736,No,0,Low,1,50.0,0.0,50.0,0,0,0,
PRV52746,No,0,Low,1,50.0,0.0,50.0,0,0,0,
PRV52757,No,0,Low,1,50.0,0.0,50.0,0,0,0,
PRV52763,No,0,Low,1,50.0,0.0,50.0,0,0,0,
PRV53079,No,0,Low,1,50.0,0.0,50.0,0,0,0,
PRV54275,No,0,Low,1,50.0,0.0,50.0,0,0,0,
PRV54304,No,0,Low,1,50.0,0.0,50.0,0,0,0,
PRV54449,No,0,Low,1,50.0,0.0,50.0,0,0,0,
PRV55427,No,0,Low,1,50.0,0.0,50.0,0,0,0,
PRV55615,No,0,Low,1,50.0,0.0,50.0,0,0,0,
PRV55800,No,0,Low,1,50.0,0.0,50.0,0,0,0,
PRV56060,No,0,Low,1,50.0,0.0,50.0,0,0,0,
PRV56084,No,0,Low,1,50.0,0.0,50.0,0,0,0,
PRV57043,No,0,Low,1,50.0,0.0,50.0,0,0,0,
PRV52200,No,0,Low,1,40.0,0.0,40.0,0,0,0,
PRV52482,No,0,Low,1,40.0,0.0,40.0,0,0,0,
PRV52769,No,0,Low,1,40.0,0.0,40.0,0,0,0,
PRV54009,No,0,Low,1,40.0,0.0,40.0,0,0,0,
PRV54199,No,0,Low,1,40.0,0.0,40.0,0,0,0,
PRV54549,No,0,Low,1,40.0,0.0,40.0,0,0,0,
PRV54711,No,0,Low,2,20.0,0.0,40.0,0,0,0,
PRV54856,No,0,Low,1,40.0,0.0,40.0,0,0,0,
PRV54866,No,0,Low,2,20.0,0.0,40.0,0,0,0,
PRV55607,No,0,Low,1,40.0,0.0,40.0,0,0,0,
PRV55778,No,0,Low,1,40.0,0.0,40.0,0,0,0,
PRV56050,No,0,Low,1,40.0,0.0,40.0,0,0,0,
PRV56056,No,0,Low,1,40.0,0.0,40.0,0,0,0,
PRV57063,No,0,Low,1,40.0,0.0,40.0,0,0,0,
PRV57467,No,0,Low,1,40.0,0.0,40.0,0,0,0,
PRV51592,No,0,Low,3,10.0,0.0,30.0,0,0,0,
PRV51722,No,0,Low,1,30.0,0.0,30.0,0,0,0,
PRV51987,No,0,Low,2,15.0,0.0,30.0,0,0,0,
PRV52733,No,0,Low,1,30.0,0.0,30.0,0,0,0,
PRV52794,No,0,Low,1,30.0,0.0,30.0,0,0,0,
PRV52899,No,0,Low,1,30.0,0.0,30.0,0,0,0,
PRV54033,No,0,Low,1,30.0,0.0,30.0,0,0,0,
PRV55384,No,0,Low,1,30.0,0.0,30.0,0,0,0,
PRV55881,No,0,Low,1,30.0,0.0,30.0,0,0,0,
PRV56582,No,0,Low,1,30.0,0.0,30.0,0,0,0,
PRV56919,No,0,Low,2,15.0,0.0,30.0,0,0,0,
PRV52453,No,0,Low,1,20.0,0.0,20.0,0,0,0,
PRV52494,No,0,Low,1,20.0,0.0,20.0,0,0,0,
PRV53646,No,0,Low,3,6.67,0.0,20.0,0,0,0,
PRV53655,No,0,Low,1,20.0,0.0,20.0,0,0,0,
PRV53734,No,0,Low,1,20.0,0.0,20.0,0,0,0,
PRV55577,No,0,Low,2,10.0,0.0,20.0,0,0,0,
PRV56168,No,0,Low,1,20.0,0.0,20.0,0,0,0,
PRV56677,No,0,Low,1,20.0,0.0,20.0,0,0,0,
PRV56926,No,0,Low,1,20.0,0.0,20.0,0,0,0,
PRV57286,No,0,Low,2,10.0,0.0,20.0,0,0,0,
PRV57402,No,0,Low,1,20.0,0.0,20.0,0,0,0,
PRV57659,No,0,Low,1,20.0,0.0,20.0,0,0,0,
PRV57670,No,0,Low,1,20.0,0.0,20.0,0,0,0,
PRV52221,No,0,Low,1,10.0,0.0,10.0,0,0,0,
PRV52443,No,0,Low,1,10.0,0.0,10.0,0,0,0,
PRV52754,No,0,Low,1,10.0,0.0,10.0,0,0,0,
PRV53049,No,0,Low,2,5.0,0.0,10.0,0,0,0,
PRV53083,No,0,Low,1,10.0,0.0,10.0,0,0,0,
PRV53588,No,0,Low,1,10.0,0.0,10.0,0,0,0,
PRV54053,No,0,Low,1,10.0,0.0,10.0,0,0,0,
PRV55074,No,0,Low,1,10.0,0.0,10.0,0,0,0,
PRV55572,No,0,Low,1,10.0,0.0,10.0,0,0,0,
PRV55802,No,0,Low,1,10.0,0.0,10.0,0,0,0,
PRV56089,No,0,Low,1,10.0,0.0,10.0,0,0,0,
PRV56317,No,0,Low,2,5.0,0.0,10.0,0,0,0,
PRV56331,No,0,Low,1,10.0,0.0,10.0,0,0,0,
PRV56373,No,0,Low,1,10.0,0.0,10.0,0,0,0,
PRV56891,No,0,Low,1,10.0,0.0,10.0,0,0,0,
PRV56969,No,0,Low,1,10.0,0.0,10.0,0,0,0,
PRV57738,No,0,Low,1,10.0,0.0,10.0,0,0,0,
PRV51570,No,0,Low,1,0.0,0.0,0.0,0,0,0,
PRV52957,No,0,Low,1,0.0,0.0,0.0,0,0,0,
PRV53511,No,0,Low,1,0.0,100.0,0.0,0,0,0,
PRV53725,No,0,Low,1,0.0,0.0,0.0,0,0,0,
PRV53839,No,0,Low,1,0.0,0.0,0.0,0,0,0,
PRV53924,No,0,Low,1,0.0,0.0,0.0,0,0,0,
PRV54046,No,0,Low,1,0.0,0.0,0.0,0,0,0,
PRV54057,No,0,Low,1,0.0,0.0,0.0,0,0,0,
PRV54179,No,0,Low,1,0.0,0.0,0.0,0,0,0,
PRV55078,No,0,Low,1,0.0,0.0,0.0,0,0,0,
PRV55591,No,0,Low,1,0.0,0.0,0.0,0,0,0,
PRV56540,No,0,Low,1,0.0,100.0,0.0,0,0,0,
PRV56988,No,0,Low,1,0.0,0.0,0.0,0,0,0,
PRV57396,No,0,Low,1,0.0,0.0,0.0,0,0,0,
PRV57461,No,0,Low,1,0.0,0.0,0.0,0,0,0,
